Frame,Exercise,Elbow_Angle,Shoulder_Angle,Hip_Angle,Knee_Angle,Trunk_Inclination,Rep_Tracking_Angle,Rep_Stage,Form,ML_Prediction,Confidence_Pct,Reps,Issues,Form_Score,ROM_Score,Stability_Score,Symmetry_Score,Tempo_Score,Posture_Score,Stability,Symmetry,Smoothness
1,Bicep_curls,,,,,,148.9,up,Good,Good,50.0,0,,97.5,100.0,100.0,100.0,100.0,75.0,100.0,100.0,100.0
2,Bicep_curls,,,,,,150.3,up,Good,Good,50.0,0,,97.5,100.0,100.0,100.0,100.0,75.0,100.0,100.0,100.0
3,Bicep_curls,,,,,,150.8,up,Good,Good,50.0,0,,97.5,100.0,100.0,100.0,100.0,75.0,100.0,100.0,100.0
4,Bicep_curls,,,,,,151.2,up,Good,Good,50.0,0,,97.5,100.0,100.0,100.0,100.0,75.0,100.0,100.0,100.0
5,Bicep_curls,,,,,,151.5,up,Good,Good,50.0,0,,97.5,100.0,100.0,100.0,100.0,75.0,100.0,100.0,100.0
6,Bicep_curls,,,,,,151.5,up,Good,Good,50.0,0,,97.5,100.0,100.0,100.0,100.0,75.0,100.0,100.0,100.0
7,Bicep_curls,,,,,,151.5,up,Good,Good,50.0,0,,97.5,100.0,100.0,100.0,100.0,75.0,100.0,100.0,100.0
8,Bicep_curls,,,,,,151.5,up,Good,Good,50.0,0,,97.5,100.0,100.0,100.0,100.0,75.0,100.0,100.0,100.0
9,Bicep_curls,,,,,,151.5,up,Good,Good,50.0,0,,97.5,100.0,100.0,100.0,100.0,75.0,100.0,100.0,100.0
10,Bicep_curls,,,,,,151.5,up,Good,Good,50.0,0,,97.5,100.0,100.0,100.0,100.0,75.0,100.0,100.0,100.0
11,Bicep_curls,,,,,,151.5,up,Good,Good,50.0,0,,97.5,100.0,100.0,100.0,100.0,75.0,100.0,100.0,100.0
12,Bicep_curls,,,,,,151.5,up,Good,Good,50.0,0,,97.5,100.0,100.0,100.0,100.0,75.0,100.0,100.0,100.0
13,Bicep_curls,,,,,,151.5,up,Good,Good,50.0,0,,97.5,100.0,100.0,100.0,100.0,75.0,100.0,100.0,100.0
14,Bicep_curls,,,,,,146.5,down,Good,Good,50.0,0,,97.5,100.0,100.0,100.0,100.0,75.0,100.0,100.0,100.0
15,Bicep_curls,,,,,,136.9,down,Good,Good,50.0,0,,97.5,100.0,100.0,100.0,100.0,75.0,100.0,100.0,100.0
16,Bicep_curls,,,,,,125.4,down,Good,Good,50.0,0,,97.5,100.0,100.0,100.0,100.0,75.0,100.0,100.0,100.0
17,Bicep_curls,,,,,,113.2,down,Good,Good,50.0,0,,97.5,100.0,100.0,100.0,100.0,75.0,100.0,100.0,100.0
18,Bicep_curls,,,,,,99.4,down,Good,Good,50.0,0,,97.5,100.0,100.0,100.0,100.0,75.0,100.0,100.0,100.0
19,Bicep_curls,,,,,,99.4,down,Good,Good,50.0,0,,97.5,100.0,100.0,100.0,100.0,75.0,100.0,100.0,100.0
20,Bicep_curls,,,,,,99.4,down,Good,Good,50.0,0,,97.5,100.0,100.0,100.0,100.0,75.0,100.0,100.0,100.0
21,Bicep_curls,,,,,,99.4,down,Good,Good,50.0,0,,97.5,100.0,100.0,100.0,100.0,75.0,100.0,100.0,100.0
22,Bicep_curls,,,,,,99.4,down,Good,Good,50.0,0,,97.5,100.0,100.0,100.0,100.0,75.0,100.0,100.0,100.0
23,Bicep_curls,,,,,,99.4,down,Good,Good,50.0,0,,97.5,100.0,100.0,100.0,100.0,75.0,100.0,100.0,100.0
24,Bicep_curls,,,,,,99.4,down,Good,Good,50.0,0,,97.5,100.0,100.0,100.0,100.0,75.0,100.0,100.0,100.0
25,Bicep_curls,,,,,,99.4,down,Good,Good,50.0,0,,97.5,100.0,100.0,100.0,100.0,75.0,100.0,100.0,100.0
26,Bicep_curls,,,,,,99.4,down,Good,Good,50.0,0,,97.5,100.0,100.0,100.0,100.0,75.0,100.0,100.0,100.0
27,Bicep_curls,,,,,,99.4,down,Good,Good,50.0,0,,97.5,100.0,100.0,100.0,100.0,75.0,100.0,100.0,100.0
28,Bicep_curls,,,,,,99.4,down,Good,Good,50.0,0,,97.5,100.0,100.0,100.0,100.0,75.0,100.0,100.0,100.0
29,Bicep_curls,,,,,,99.4,down,Good,Good,50.0,0,,97.5,100.0,100.0,100.0,100.0,75.0,100.0,100.0,100.0
30,Bicep_curls,,,,,,99.4,down,Good,Good,50.0,0,,97.5,100.0,100.0,100.0,100.0,75.0,100.0,100.0,100.0
31,Bicep_curls,,,,,,99.4,down,Good,Good,50.0,0,,97.5,100.0,100.0,100.0,100.0,75.0,100.0,100.0,100.0
32,Bicep_curls,,,,,,99.4,down,Good,Good,50.0,0,,97.5,100.0,100.0,100.0,100.0,75.0,100.0,100.0,100.0
33,Bicep_curls,,,,,,99.4,down,Good,Good,50.0,0,,97.5,100.0,100.0,100.0,100.0,75.0,100.0,100.0,100.0
34,Bicep_curls,,,,,,99.4,down,Good,Good,50.0,0,,97.5,100.0,100.0,100.0,100.0,75.0,100.0,100.0,100.0
35,Bicep_curls,,,,,,99.4,down,Good,Good,50.0,0,,97.5,100.0,100.0,100.0,100.0,75.0,100.0,100.0,100.0
36,Bicep_curls,,,,,,99.4,down,Good,Good,50.0,0,,97.5,100.0,100.0,100.0,100.0,75.0,100.0,100.0,100.0
37,Bicep_curls,,,,,,99.4,down,Good,Good,50.0,0,,97.5,100.0,100.0,100.0,100.0,75.0,100.0,100.0,100.0
38,Bicep_curls,,,,,,99.4,down,Good,Good,50.0,0,,97.5,100.0,100.0,100.0,100.0,75.0,100.0,100.0,100.0
39,Bicep_curls,,,,,,99.4,down,Good,Good,50.0,0,,97.5,100.0,100.0,100.0,100.0,75.0,100.0,100.0,100.0
40,Bicep_curls,,,,,,107.6,up,Good,Good,50.0,1,,97.5,100.0,100.0,100.0,100.0,75.0,100.0,100.0,100.0
41,Bicep_curls,,,,,,120.5,up,Good,Good,50.0,1,,97.5,100.0,100.0,100.0,100.0,75.0,100.0,100.0,100.0
42,Bicep_curls,,,,,,135.0,up,Good,Good,50.0,1,,97.5,100.0,100.0,100.0,100.0,75.0,100.0,100.0,100.0
43,Bicep_curls,,,,,,149.3,up,Good,Good,50.0,1,,97.5,100.0,100.0,100.0,100.0,75.0,100.0,100.0,100.0
44,Bicep_curls,,,,,,164.3,up,Good,Good,50.0,1,,97.5,100.0,100.0,100.0,100.0,75.0,100.0,100.0,100.0
45,Bicep_curls,,,,,,162.2,up,Good,Good,50.0,1,,97.5,100.0,100.0,100.0,100.0,75.0,100.0,100.0,100.0
46,Bicep_curls,,,,,,159.2,up,Good,Good,50.0,1,,97.5,100.0,100.0,100.0,100.0,75.0,100.0,100.0,100.0
47,Bicep_curls,,,,,,156.9,up,Good,Good,50.0,1,,97.5,100.0,100.0,100.0,100.0,75.0,100.0,100.0,100.0
48,Bicep_curls,,,,,,156.2,up,Good,Good,50.0,1,,97.5,100.0,100.0,100.0,100.0,75.0,100.0,100.0,100.0
49,Bicep_curls,,,,,,157.4,up,Good,Good,50.0,1,,97.5,100.0,100.0,100.0,100.0,75.0,100.0,100.0,100.0
50,Bicep_curls,,,,,,159.7,up,Good,Good,50.0,1,,97.5,100.0,100.0,100.0,100.0,75.0,100.0,100.0,100.0
51,Bicep_curls,,,,,,163.7,up,Good,Good,50.0,1,,97.5,100.0,100.0,100.0,100.0,75.0,100.0,100.0,100.0
52,Bicep_curls,,,,,,167.2,up,Good,Good,50.0,1,,97.5,100.0,100.0,100.0,100.0,75.0,100.0,100.0,100.0
53,Bicep_curls,,,,,,169.6,up,Good,Good,50.0,1,,97.5,100.0,100.0,100.0,100.0,75.0,100.0,100.0,100.0
54,Bicep_curls,,,,,,170.9,up,Good,Good,50.0,1,,97.5,100.0,100.0,100.0,100.0,75.0,100.0,100.0,100.0
55,Bicep_curls,,,,,,171.9,up,Good,Good,50.0,1,,97.5,100.0,100.0,100.0,100.0,75.0,100.0,100.0,100.0
56,Bicep_curls,,,,,,170.8,up,Good,Good,50.0,1,,97.5,100.0,100.0,100.0,100.0,75.0,100.0,100.0,100.0
57,Bicep_curls,,,,,,170.2,up,Good,Good,50.0,1,,97.5,100.0,100.0,100.0,100.0,75.0,100.0,100.0,100.0
58,Bicep_curls,,,,,,169.5,up,Good,Good,50.0,1,,97.5,100.0,100.0,100.0,100.0,75.0,100.0,100.0,100.0
59,Bicep_curls,,,,,,168.5,up,Good,Good,50.0,1,,97.5,100.0,100.0,100.0,100.0,75.0,100.0,100.0,100.0
60,Bicep_curls,148.7,1.02,174.49,170.38,,167.6,up,Bad,Good,65.7,1,Partial range of motion — curl deeper.,99.7,100.0,100.0,100.0,100.0,97.3,100.0,100.0,100.0
61,Bicep_curls,151.59,1.17,177.23,174.01,,166.9,up,Bad,Good,72.8,1,Partial range of motion — curl deeper.,65.7,2.9,100.0,100.0,100.0,97.3,100.0,100.0,100.0
62,Bicep_curls,,,,,,165.7,up,Good,Good,50.0,1,,97.5,100.0,100.0,100.0,100.0,75.0,100.0,100.0,100.0
63,Bicep_curls,,,,,,164.8,up,Good,Good,50.0,1,,97.5,100.0,100.0,100.0,100.0,75.0,100.0,100.0,100.0
64,Bicep_curls,,,,,,164.2,up,Good,Good,50.0,1,,97.5,100.0,100.0,100.0,100.0,75.0,100.0,100.0,100.0
65,Bicep_curls,,,,,,164.0,up,Good,Good,50.0,1,,97.5,100.0,100.0,100.0,100.0,75.0,100.0,100.0,100.0
66,Bicep_curls,,,,,,162.9,up,Good,Good,50.0,1,,97.5,100.0,100.0,100.0,100.0,75.0,100.0,100.0,100.0
67,Bicep_curls,,,,,,161.8,up,Good,Good,50.0,1,,97.5,100.0,100.0,100.0,100.0,75.0,100.0,100.0,100.0
68,Bicep_curls,,,,,,160.5,up,Good,Good,50.0,1,,97.5,100.0,100.0,100.0,100.0,75.0,100.0,100.0,100.0
69,Bicep_curls,,,,,,159.8,up,Good,Good,50.0,1,,97.5,100.0,100.0,100.0,100.0,75.0,100.0,100.0,100.0
70,Bicep_curls,,,,,,158.1,up,Good,Good,50.0,1,,97.5,100.0,100.0,100.0,100.0,75.0,100.0,100.0,100.0
71,Bicep_curls,,,,,,157.7,up,Good,Good,50.0,1,,97.5,100.0,100.0,100.0,100.0,75.0,100.0,100.0,100.0
72,Bicep_curls,,,,,,157.0,up,Good,Good,50.0,1,,97.5,100.0,100.0,100.0,100.0,75.0,100.0,100.0,100.0
73,Bicep_curls,,,,,,156.0,up,Good,Good,50.0,1,,97.5,100.0,100.0,100.0,100.0,75.0,100.0,100.0,100.0
74,Bicep_curls,,,,,,153.6,up,Good,Good,50.0,1,,97.5,100.0,100.0,100.0,100.0,75.0,100.0,100.0,100.0
75,Bicep_curls,,,,,,149.7,up,Good,Good,50.0,1,,97.5,100.0,100.0,100.0,100.0,75.0,100.0,100.0,100.0
76,Bicep_curls,,,,,,143.7,up,Good,Good,50.0,1,,97.5,100.0,100.0,100.0,100.0,75.0,100.0,100.0,100.0
77,Bicep_curls,,,,,,130.5,down,Good,Good,50.0,1,,97.5,100.0,100.0,100.0,100.0,75.0,100.0,100.0,100.0
78,Bicep_curls,,,,,,112.0,down,Good,Good,50.0,1,,97.5,100.0,100.0,100.0,100.0,75.0,100.0,100.0,100.0
79,Bicep_curls,,,,,,92.7,down,Good,Good,50.0,1,,97.5,100.0,100.0,100.0,100.0,75.0,100.0,100.0,100.0
80,Bicep_curls,,,,,,75.0,down,Good,Good,50.0,1,,97.5,100.0,100.0,100.0,100.0,75.0,100.0,100.0,100.0
81,Bicep_curls,,,,,,55.9,down,Good,Good,50.0,1,,97.5,100.0,100.0,100.0,100.0,75.0,100.0,100.0,100.0
82,Bicep_curls,,,,,,43.6,down,Good,Good,50.0,1,,97.5,100.0,100.0,100.0,100.0,75.0,100.0,100.0,100.0
83,Bicep_curls,,,,,,36.8,down,Good,Good,50.0,1,,97.5,100.0,100.0,100.0,100.0,75.0,100.0,100.0,100.0
84,Bicep_curls,,,,,,30.9,down,Good,Good,50.0,1,,97.5,100.0,100.0,100.0,100.0,75.0,100.0,100.0,100.0
85,Bicep_curls,,,,,,25.8,down,Good,Good,50.0,1,,97.5,100.0,100.0,100.0,100.0,75.0,100.0,100.0,100.0
86,Bicep_curls,,,,,,23.5,down,Good,Good,50.0,1,,97.5,100.0,100.0,100.0,100.0,75.0,100.0,100.0,100.0
87,Bicep_curls,,,,,,21.5,down,Good,Good,50.0,1,,97.5,100.0,100.0,100.0,100.0,75.0,100.0,100.0,100.0
88,Bicep_curls,,,,,,19.6,down,Good,Good,50.0,1,,97.5,100.0,100.0,100.0,100.0,75.0,100.0,100.0,100.0
89,Bicep_curls,,,,,,18.9,down,Good,Good,50.0,1,,97.5,100.0,100.0,100.0,100.0,75.0,100.0,100.0,100.0
90,Bicep_curls,,,,,,18.8,down,Good,Good,50.0,1,,97.5,100.0,100.0,100.0,100.0,75.0,100.0,100.0,100.0
91,Bicep_curls,,,,,,18.8,down,Good,Good,50.0,1,,97.5,100.0,100.0,100.0,100.0,75.0,100.0,100.0,100.0
92,Bicep_curls,,,,,,17.4,down,Good,Good,50.0,1,,97.5,100.0,100.0,100.0,100.0,75.0,100.0,100.0,100.0
93,Bicep_curls,,,,,,16.0,down,Good,Good,50.0,1,,97.5,100.0,100.0,100.0,100.0,75.0,100.0,100.0,100.0
94,Bicep_curls,,,,,,14.2,down,Good,Good,50.0,1,,97.5,100.0,100.0,100.0,100.0,75.0,100.0,100.0,100.0
95,Bicep_curls,,,,,,39.3,up,Good,Good,50.0,2,,97.5,100.0,100.0,100.0,100.0,75.0,100.0,100.0,100.0
96,Bicep_curls,,,,,,63.5,up,Good,Good,50.0,2,,97.5,100.0,100.0,100.0,100.0,75.0,100.0,100.0,100.0
97,Bicep_curls,,,,,,85.0,down,Good,Good,50.0,2,,97.5,100.0,100.0,100.0,100.0,75.0,100.0,100.0,100.0
98,Bicep_curls,,,,,,115.0,up,Good,Good,50.0,3,,97.5,100.0,100.0,100.0,100.0,75.0,100.0,100.0,100.0
99,Bicep_curls,,,,,,145.5,up,Good,Good,50.0,3,,97.5,100.0,100.0,100.0,100.0,75.0,100.0,100.0,100.0
100,Bicep_curls,,,,,,142.9,up,Good,Good,50.0,3,,97.5,100.0,100.0,100.0,100.0,75.0,100.0,100.0,100.0
101,Bicep_curls,,,,,,147.9,up,Good,Good,50.0,3,,97.5,100.0,100.0,100.0,100.0,75.0,100.0,100.0,100.0
102,Bicep_curls,,,,,,155.8,up,Good,Good,50.0,3,,97.5,100.0,100.0,100.0,100.0,75.0,100.0,100.0,100.0
103,Bicep_curls,,,,,,150.1,up,Good,Good,50.0,3,,97.5,100.0,100.0,100.0,100.0,75.0,100.0,100.0,100.0
104,Bicep_curls,,,,,,150.1,up,Good,Good,50.0,3,,97.5,100.0,100.0,100.0,100.0,75.0,100.0,100.0,100.0
105,Bicep_curls,,,,,,150.1,up,Good,Good,50.0,3,,97.5,100.0,100.0,100.0,100.0,75.0,100.0,100.0,100.0
106,Bicep_curls,,,,,,150.1,up,Good,Good,50.0,3,,97.5,100.0,100.0,100.0,100.0,75.0,100.0,100.0,100.0
107,Bicep_curls,,,,,,150.1,up,Good,Good,50.0,3,,97.5,100.0,100.0,100.0,100.0,75.0,100.0,100.0,100.0
108,Bicep_curls,,,,,,150.1,up,Good,Good,50.0,3,,97.5,100.0,100.0,100.0,100.0,75.0,100.0,100.0,100.0
109,Bicep_curls,,,,,,150.1,up,Good,Good,50.0,3,,97.5,100.0,100.0,100.0,100.0,75.0,100.0,100.0,100.0
110,Bicep_curls,,,,,,150.1,up,Good,Good,50.0,3,,97.5,100.0,100.0,100.0,100.0,75.0,100.0,100.0,100.0
111,Bicep_curls,,,,,,140.8,down,Good,Good,50.0,3,,97.5,100.0,100.0,100.0,100.0,75.0,100.0,100.0,100.0
112,Bicep_curls,,,,,,131.4,down,Good,Good,50.0,3,,97.5,100.0,100.0,100.0,100.0,75.0,100.0,100.0,100.0
113,Bicep_curls,,,,,,109.6,down,Good,Good,50.0,3,,97.5,100.0,100.0,100.0,100.0,75.0,100.0,100.0,100.0
114,Bicep_curls,,,,,,88.0,down,Good,Good,50.0,3,,97.5,100.0,100.0,100.0,100.0,75.0,100.0,100.0,100.0
115,Bicep_curls,,,,,,70.0,down,Good,Good,50.0,3,,97.5,100.0,100.0,100.0,100.0,75.0,100.0,100.0,100.0
116,Bicep_curls,,,,,,54.4,down,Good,Good,50.0,3,,97.5,100.0,100.0,100.0,100.0,75.0,100.0,100.0,100.0
117,Bicep_curls,,,,,,43.6,down,Good,Good,50.0,3,,97.5,100.0,100.0,100.0,100.0,75.0,100.0,100.0,100.0
118,Bicep_curls,,,,,,38.4,down,Good,Good,50.0,3,,97.5,100.0,100.0,100.0,100.0,75.0,100.0,100.0,100.0
119,Bicep_curls,,,,,,33.3,down,Good,Good,50.0,3,,97.5,100.0,100.0,100.0,100.0,75.0,100.0,100.0,100.0
120,Bicep_curls,,,,,,31.2,down,Good,Good,50.0,3,,97.5,100.0,100.0,100.0,100.0,75.0,100.0,100.0,100.0
121,Bicep_curls,,,,,,27.3,down,Good,Good,50.0,3,,97.5,100.0,100.0,100.0,100.0,75.0,100.0,100.0,100.0
122,Bicep_curls,,,,,,33.3,down,Good,Good,50.0,3,,97.5,100.0,100.0,100.0,100.0,75.0,100.0,100.0,100.0
123,Bicep_curls,,,,,,58.0,up,Good,Good,50.0,4,,97.5,100.0,100.0,100.0,100.0,75.0,100.0,100.0,100.0
124,Bicep_curls,,,,,,87.3,up,Good,Good,50.0,4,,97.5,100.0,100.0,100.0,100.0,75.0,100.0,100.0,100.0
125,Bicep_curls,,,,,,115.3,up,Good,Good,50.0,4,,97.5,100.0,100.0,100.0,100.0,75.0,100.0,100.0,100.0
126,Bicep_curls,,,,,,144.2,up,Good,Good,50.0,4,,97.5,100.0,100.0,100.0,100.0,75.0,100.0,100.0,100.0
127,Bicep_curls,,,,,,147.1,down,Good,Good,50.0,4,,97.5,100.0,100.0,100.0,100.0,75.0,100.0,100.0,100.0
128,Bicep_curls,,,,,,126.5,down,Good,Good,50.0,4,,97.5,100.0,100.0,100.0,100.0,75.0,100.0,100.0,100.0
129,Bicep_curls,,,,,,96.9,down,Good,Good,50.0,4,,97.5,100.0,100.0,100.0,100.0,75.0,100.0,100.0,100.0
130,Bicep_curls,,,,,,66.0,down,Good,Good,50.0,4,,97.5,100.0,100.0,100.0,100.0,75.0,100.0,100.0,100.0
131,Bicep_curls,,,,,,36.9,down,Good,Good,50.0,4,,97.5,100.0,100.0,100.0,100.0,75.0,100.0,100.0,100.0
132,Bicep_curls,,,,,,24.5,down,Good,Good,50.0,4,,97.5,100.0,100.0,100.0,100.0,75.0,100.0,100.0,100.0
133,Bicep_curls,,,,,,18.0,down,Good,Good,50.0,4,,97.5,100.0,100.0,100.0,100.0,75.0,100.0,100.0,100.0
134,Bicep_curls,,,,,,18.5,down,Good,Good,50.0,4,,97.5,100.0,100.0,100.0,100.0,75.0,100.0,100.0,100.0
135,Bicep_curls,,,,,,19.2,down,Good,Good,50.0,4,,97.5,100.0,100.0,100.0,100.0,75.0,100.0,100.0,100.0
136,Bicep_curls,,,,,,20.0,down,Good,Good,50.0,4,,97.5,100.0,100.0,100.0,100.0,75.0,100.0,100.0,100.0
137,Bicep_curls,,,,,,21.9,down,Good,Good,50.0,4,,97.5,100.0,100.0,100.0,100.0,75.0,100.0,100.0,100.0
138,Bicep_curls,,,,,,20.6,down,Good,Good,50.0,4,,97.5,100.0,100.0,100.0,100.0,75.0,100.0,100.0,100.0
139,Bicep_curls,,,,,,21.1,down,Good,Good,50.0,4,,97.5,100.0,100.0,100.0,100.0,75.0,100.0,100.0,100.0
140,Bicep_curls,,,,,,22.4,down,Good,Good,50.0,4,,97.5,100.0,100.0,100.0,100.0,75.0,100.0,100.0,100.0
141,Bicep_curls,,,,,,50.5,up,Good,Good,50.0,5,,97.5,100.0,100.0,100.0,100.0,75.0,100.0,100.0,100.0
142,Bicep_curls,,,,,,76.6,up,Good,Good,50.0,5,,97.5,100.0,100.0,100.0,100.0,75.0,100.0,100.0,100.0
143,Bicep_curls,,,,,,103.7,up,Good,Good,50.0,5,,97.5,100.0,100.0,100.0,100.0,75.0,100.0,100.0,100.0
144,Bicep_curls,,,,,,128.9,up,Good,Good,50.0,5,,97.5,100.0,100.0,100.0,100.0,75.0,100.0,100.0,100.0
145,Bicep_curls,,,,,,154.6,up,Good,Good,50.0,5,,97.5,100.0,100.0,100.0,100.0,75.0,100.0,100.0,100.0
146,Bicep_curls,,,,,,153.6,up,Good,Good,50.0,5,,97.5,100.0,100.0,100.0,100.0,75.0,100.0,100.0,100.0
147,Bicep_curls,,,,,,154.1,up,Good,Good,50.0,5,,97.5,100.0,100.0,100.0,100.0,75.0,100.0,100.0,100.0
148,Bicep_curls,,,,,,156.6,up,Good,Good,50.0,5,,97.5,100.0,100.0,100.0,100.0,75.0,100.0,100.0,100.0
149,Bicep_curls,,,,,,156.6,up,Good,Good,50.0,5,,97.5,100.0,100.0,100.0,100.0,75.0,100.0,100.0,100.0
150,Bicep_curls,,,,,,156.6,up,Good,Good,50.0,5,,97.5,100.0,100.0,100.0,100.0,75.0,100.0,100.0,100.0
151,Bicep_curls,,,,,,156.6,up,Good,Good,50.0,5,,97.5,100.0,100.0,100.0,100.0,75.0,100.0,100.0,100.0
152,Bicep_curls,,,,,,156.6,up,Good,Good,50.0,5,,97.5,100.0,100.0,100.0,100.0,75.0,100.0,100.0,100.0
153,Bicep_curls,,,,,,156.6,up,Good,Good,50.0,5,,97.5,100.0,100.0,100.0,100.0,75.0,100.0,100.0,100.0
154,Bicep_curls,,,,,,156.6,up,Good,Good,50.0,5,,97.5,100.0,100.0,100.0,100.0,75.0,100.0,100.0,100.0
155,Bicep_curls,,,,,,156.6,up,Good,Good,50.0,5,,97.5,100.0,100.0,100.0,100.0,75.0,100.0,100.0,100.0
156,Bicep_curls,,,,,,156.6,up,Good,Good,50.0,5,,97.5,100.0,100.0,100.0,100.0,75.0,100.0,100.0,100.0
157,Bicep_curls,,,,,,156.6,up,Good,Good,50.0,5,,97.5,100.0,100.0,100.0,100.0,75.0,100.0,100.0,100.0
158,Bicep_curls,,,,,,156.6,up,Good,Good,50.0,5,,97.5,100.0,100.0,100.0,100.0,75.0,100.0,100.0,100.0
159,Bicep_curls,,,,,,156.6,up,Good,Good,50.0,5,,97.5,100.0,100.0,100.0,100.0,75.0,100.0,100.0,100.0
160,Bicep_curls,,,,,,156.6,up,Good,Good,50.0,5,,97.5,100.0,100.0,100.0,100.0,75.0,100.0,100.0,100.0
161,Bicep_curls,,,,,,156.6,up,Good,Good,50.0,5,,97.5,100.0,100.0,100.0,100.0,75.0,100.0,100.0,100.0
162,Bicep_curls,,,,,,156.6,up,Good,Good,50.0,5,,97.5,100.0,100.0,100.0,100.0,75.0,100.0,100.0,100.0
163,Bicep_curls,,,,,,156.6,up,Good,Good,50.0,5,,97.5,100.0,100.0,100.0,100.0,75.0,100.0,100.0,100.0
164,Bicep_curls,,,,,,156.6,up,Good,Good,50.0,5,,97.5,100.0,100.0,100.0,100.0,75.0,100.0,100.0,100.0
165,Bicep_curls,,,,,,156.6,up,Good,Good,50.0,5,,97.5,100.0,100.0,100.0,100.0,75.0,100.0,100.0,100.0
166,Bicep_curls,,,,,,156.6,up,Good,Good,50.0,5,,97.5,100.0,100.0,100.0,100.0,75.0,100.0,100.0,100.0
167,Bicep_curls,,,,,,156.6,up,Good,Good,50.0,5,,97.5,100.0,100.0,100.0,100.0,75.0,100.0,100.0,100.0
168,Bicep_curls,,,,,,156.6,up,Good,Good,50.0,5,,97.5,100.0,100.0,100.0,100.0,75.0,100.0,100.0,100.0
169,Bicep_curls,,,,,,156.6,up,Good,Good,50.0,5,,97.5,100.0,100.0,100.0,100.0,75.0,100.0,100.0,100.0
170,Bicep_curls,,,,,,156.6,up,Good,Good,50.0,5,,97.5,100.0,100.0,100.0,100.0,75.0,100.0,100.0,100.0
171,Bicep_curls,,,,,,156.6,up,Good,Good,50.0,5,,97.5,100.0,100.0,100.0,100.0,75.0,100.0,100.0,100.0
172,Bicep_curls,,,,,,156.6,up,Good,Good,50.0,5,,97.5,100.0,100.0,100.0,100.0,75.0,100.0,100.0,100.0
173,Bicep_curls,,,,,,156.6,up,Good,Good,50.0,5,,97.5,100.0,100.0,100.0,100.0,75.0,100.0,100.0,100.0
174,Bicep_curls,,,,,,142.0,down,Good,Good,50.0,5,,97.5,100.0,100.0,100.0,100.0,75.0,100.0,100.0,100.0
175,Bicep_curls,,,,,,123.3,down,Good,Good,50.0,5,,97.5,100.0,100.0,100.0,100.0,75.0,100.0,100.0,100.0
176,Bicep_curls,,,,,,101.0,down,Good,Good,50.0,5,,97.5,100.0,100.0,100.0,100.0,75.0,100.0,100.0,100.0
177,Bicep_curls,,,,,,76.6,down,Good,Good,50.0,5,,97.5,100.0,100.0,100.0,100.0,75.0,100.0,100.0,100.0
178,Bicep_curls,,,,,,51.5,down,Good,Good,50.0,5,,97.5,100.0,100.0,100.0,100.0,75.0,100.0,100.0,100.0
179,Bicep_curls,,,,,,40.9,down,Good,Good,50.0,5,,97.5,100.0,100.0,100.0,100.0,75.0,100.0,100.0,100.0
180,Bicep_curls,,,,,,33.6,down,Good,Good,50.0,5,,97.5,100.0,100.0,100.0,100.0,75.0,100.0,100.0,100.0
181,Bicep_curls,,,,,,28.7,down,Good,Good,50.0,5,,97.5,100.0,100.0,100.0,100.0,75.0,100.0,100.0,100.0
182,Bicep_curls,,,,,,25.5,down,Good,Good,50.0,5,,97.5,100.0,100.0,100.0,100.0,75.0,100.0,100.0,100.0
183,Bicep_curls,,,,,,21.4,down,Good,Good,50.0,5,,97.5,100.0,100.0,100.0,100.0,75.0,100.0,100.0,100.0
184,Bicep_curls,,,,,,19.9,down,Good,Good,50.0,5,,97.5,100.0,100.0,100.0,100.0,75.0,100.0,100.0,100.0
185,Bicep_curls,,,,,,18.6,down,Good,Good,50.0,5,,97.5,100.0,100.0,100.0,100.0,75.0,100.0,100.0,100.0
186,Bicep_curls,,,,,,17.6,down,Good,Good,50.0,5,,97.5,100.0,100.0,100.0,100.0,75.0,100.0,100.0,100.0
187,Bicep_curls,,,,,,16.7,down,Good,Good,50.0,5,,97.5,100.0,100.0,100.0,100.0,75.0,100.0,100.0,100.0
188,Bicep_curls,,,,,,18.6,down,Good,Good,50.0,5,,97.5,100.0,100.0,100.0,100.0,75.0,100.0,100.0,100.0
189,Bicep_curls,,,,,,24.3,down,Good,Good,50.0,5,,97.5,100.0,100.0,100.0,100.0,75.0,100.0,100.0,100.0
190,Bicep_curls,,,,,,31.7,down,Good,Good,50.0,5,,97.5,100.0,100.0,100.0,100.0,75.0,100.0,100.0,100.0
191,Bicep_curls,,,,,,36.8,down,Good,Good,50.0,5,,97.5,100.0,100.0,100.0,100.0,75.0,100.0,100.0,100.0
192,Bicep_curls,,,,,,42.1,down,Good,Good,50.0,5,,97.5,100.0,100.0,100.0,100.0,75.0,100.0,100.0,100.0
193,Bicep_curls,,,,,,47.2,down,Good,Good,50.0,5,,97.5,100.0,100.0,100.0,100.0,75.0,100.0,100.0,100.0
194,Bicep_curls,,,,,,51.9,down,Good,Good,50.0,5,,97.5,100.0,100.0,100.0,100.0,75.0,100.0,100.0,100.0
195,Bicep_curls,,,,,,51.8,down,Good,Good,50.0,5,,97.5,100.0,100.0,100.0,100.0,75.0,100.0,100.0,100.0
196,Bicep_curls,,,,,,46.3,down,Good,Good,50.0,5,,97.5,100.0,100.0,100.0,100.0,75.0,100.0,100.0,100.0
197,Bicep_curls,,,,,,41.5,down,Good,Good,50.0,5,,97.5,100.0,100.0,100.0,100.0,75.0,100.0,100.0,100.0
198,Bicep_curls,,,,,,35.0,down,Good,Good,50.0,5,,97.5,100.0,100.0,100.0,100.0,75.0,100.0,100.0,100.0
199,Bicep_curls,,,,,,24.3,down,Good,Good,50.0,5,,97.5,100.0,100.0,100.0,100.0,75.0,100.0,100.0,100.0
200,Bicep_curls,,,,,,17.7,down,Good,Good,50.0,5,,97.5,100.0,100.0,100.0,100.0,75.0,100.0,100.0,100.0
201,Bicep_curls,,,,,,19.3,down,Good,Good,50.0,5,,97.5,100.0,100.0,100.0,100.0,75.0,100.0,100.0,100.0
202,Bicep_curls,,,,,,21.0,down,Good,Good,50.0,5,,97.5,100.0,100.0,100.0,100.0,75.0,100.0,100.0,100.0
203,Bicep_curls,,,,,,23.2,down,Good,Good,50.0,5,,97.5,100.0,100.0,100.0,100.0,75.0,100.0,100.0,100.0
204,Bicep_curls,,,,,,27.1,down,Good,Good,50.0,5,,97.5,100.0,100.0,100.0,100.0,75.0,100.0,100.0,100.0
205,Bicep_curls,,,,,,31.4,down,Good,Good,50.0,5,,97.5,100.0,100.0,100.0,100.0,75.0,100.0,100.0,100.0
206,Bicep_curls,,,,,,36.4,down,Good,Good,50.0,5,,97.5,100.0,100.0,100.0,100.0,75.0,100.0,100.0,100.0
207,Bicep_curls,,,,,,43.7,down,Good,Good,50.0,5,,97.5,100.0,100.0,100.0,100.0,75.0,100.0,100.0,100.0
208,Bicep_curls,,,,,,69.3,up,Good,Good,50.0,6,,97.5,100.0,100.0,100.0,100.0,75.0,100.0,100.0,100.0
209,Bicep_curls,,,,,,92.2,up,Good,Good,50.0,6,,97.5,100.0,100.0,100.0,100.0,75.0,100.0,100.0,100.0
210,Bicep_curls,,,,,,114.3,up,Good,Good,50.0,6,,97.5,100.0,100.0,100.0,100.0,75.0,100.0,100.0,100.0
211,Bicep_curls,,,,,,135.4,up,Good,Good,50.0,6,,97.5,100.0,100.0,100.0,100.0,75.0,100.0,100.0,100.0
212,Bicep_curls,,,,,,152.2,up,Good,Good,50.0,6,,97.5,100.0,100.0,100.0,100.0,75.0,100.0,100.0,100.0
213,Bicep_curls,,,,,,150.4,up,Good,Good,50.0,6,,97.5,100.0,100.0,100.0,100.0,75.0,100.0,100.0,100.0
214,Bicep_curls,,,,,,148.7,up,Good,Good,50.0,6,,97.5,100.0,100.0,100.0,100.0,75.0,100.0,100.0,100.0
215,Bicep_curls,,,,,,150.2,up,Good,Good,50.0,6,,97.5,100.0,100.0,100.0,100.0,75.0,100.0,100.0,100.0
216,Bicep_curls,,,,,,151.8,up,Good,Good,50.0,6,,97.5,100.0,100.0,100.0,100.0,75.0,100.0,100.0,100.0
217,Bicep_curls,,,,,,151.8,up,Good,Good,50.0,6,,97.5,100.0,100.0,100.0,100.0,75.0,100.0,100.0,100.0
218,Bicep_curls,,,,,,151.8,up,Good,Good,50.0,6,,97.5,100.0,100.0,100.0,100.0,75.0,100.0,100.0,100.0
219,Bicep_curls,,,,,,151.8,up,Good,Good,50.0,6,,97.5,100.0,100.0,100.0,100.0,75.0,100.0,100.0,100.0
220,Bicep_curls,,,,,,151.8,up,Good,Good,50.0,6,,97.5,100.0,100.0,100.0,100.0,75.0,100.0,100.0,100.0
221,Bicep_curls,,,,,,151.8,up,Good,Good,50.0,6,,97.5,100.0,100.0,100.0,100.0,75.0,100.0,100.0,100.0
222,Bicep_curls,,,,,,151.8,up,Good,Good,50.0,6,,97.5,100.0,100.0,100.0,100.0,75.0,100.0,100.0,100.0
223,Bicep_curls,,,,,,151.8,up,Good,Good,50.0,6,,97.5,100.0,100.0,100.0,100.0,75.0,100.0,100.0,100.0
224,Bicep_curls,,,,,,151.8,up,Good,Good,50.0,6,,97.5,100.0,100.0,100.0,100.0,75.0,100.0,100.0,100.0
225,Bicep_curls,,,,,,151.8,up,Good,Good,50.0,6,,97.5,100.0,100.0,100.0,100.0,75.0,100.0,100.0,100.0
226,Bicep_curls,,,,,,151.8,up,Good,Good,50.0,6,,97.5,100.0,100.0,100.0,100.0,75.0,100.0,100.0,100.0
227,Bicep_curls,,,,,,151.8,up,Good,Good,50.0,6,,97.5,100.0,100.0,100.0,100.0,75.0,100.0,100.0,100.0
228,Bicep_curls,,,,,,151.8,up,Good,Good,50.0,6,,97.5,100.0,100.0,100.0,100.0,75.0,100.0,100.0,100.0
229,Bicep_curls,,,,,,137.4,down,Good,Good,50.0,6,,97.5,100.0,100.0,100.0,100.0,75.0,100.0,100.0,100.0
230,Bicep_curls,,,,,,119.0,down,Good,Good,50.0,6,,97.5,100.0,100.0,100.0,100.0,75.0,100.0,100.0,100.0
231,Bicep_curls,,,,,,100.6,down,Good,Good,50.0,6,,97.5,100.0,100.0,100.0,100.0,75.0,100.0,100.0,100.0
232,Bicep_curls,,,,,,77.7,down,Good,Good,50.0,6,,97.5,100.0,100.0,100.0,100.0,75.0,100.0,100.0,100.0
233,Bicep_curls,,,,,,54.3,down,Good,Good,50.0,6,,97.5,100.0,100.0,100.0,100.0,75.0,100.0,100.0,100.0
234,Bicep_curls,,,,,,46.6,down,Good,Good,50.0,6,,97.5,100.0,100.0,100.0,100.0,75.0,100.0,100.0,100.0
235,Bicep_curls,,,,,,41.1,down,Good,Good,50.0,6,,97.5,100.0,100.0,100.0,100.0,75.0,100.0,100.0,100.0
236,Bicep_curls,,,,,,36.9,down,Good,Good,50.0,6,,97.5,100.0,100.0,100.0,100.0,75.0,100.0,100.0,100.0
237,Bicep_curls,,,,,,33.2,down,Good,Good,50.0,6,,97.5,100.0,100.0,100.0,100.0,75.0,100.0,100.0,100.0
238,Bicep_curls,,,,,,28.2,down,Good,Good,50.0,6,,97.5,100.0,100.0,100.0,100.0,75.0,100.0,100.0,100.0
239,Bicep_curls,,,,,,24.2,down,Good,Good,50.0,6,,97.5,100.0,100.0,100.0,100.0,75.0,100.0,100.0,100.0
240,Bicep_curls,,,,,,22.3,down,Good,Good,50.0,6,,97.5,100.0,100.0,100.0,100.0,75.0,100.0,100.0,100.0
241,Bicep_curls,,,,,,19.7,down,Good,Good,50.0,6,,97.5,100.0,100.0,100.0,100.0,75.0,100.0,100.0,100.0
242,Bicep_curls,,,,,,17.2,down,Good,Good,50.0,6,,97.5,100.0,100.0,100.0,100.0,75.0,100.0,100.0,100.0
243,Bicep_curls,,,,,,16.1,down,Good,Good,50.0,6,,97.5,100.0,100.0,100.0,100.0,75.0,100.0,100.0,100.0
244,Bicep_curls,,,,,,16.3,down,Good,Good,50.0,6,,97.5,100.0,100.0,100.0,100.0,75.0,100.0,100.0,100.0
245,Bicep_curls,,,,,,16.7,down,Good,Good,50.0,6,,97.5,100.0,100.0,100.0,100.0,75.0,100.0,100.0,100.0
246,Bicep_curls,,,,,,21.6,down,Good,Good,50.0,6,,97.5,100.0,100.0,100.0,100.0,75.0,100.0,100.0,100.0
247,Bicep_curls,,,,,,33.0,down,Good,Good,50.0,6,,97.5,100.0,100.0,100.0,100.0,75.0,100.0,100.0,100.0
248,Bicep_curls,,,,,,43.0,down,Good,Good,50.0,6,,97.5,100.0,100.0,100.0,100.0,75.0,100.0,100.0,100.0
249,Bicep_curls,,,,,,65.4,down,Good,Good,50.0,6,,97.5,100.0,100.0,100.0,100.0,75.0,100.0,100.0,100.0
250,Bicep_curls,,,,,,89.6,up,Good,Good,50.0,7,,97.5,100.0,100.0,100.0,100.0,75.0,100.0,100.0,100.0
251,Bicep_curls,,,,,,111.9,up,Good,Good,50.0,7,,97.5,100.0,100.0,100.0,100.0,75.0,100.0,100.0,100.0
252,Bicep_curls,,,,,,128.9,up,Good,Good,50.0,7,,97.5,100.0,100.0,100.0,100.0,75.0,100.0,100.0,100.0
253,Bicep_curls,,,,,,147.5,up,Good,Good,50.0,7,,97.5,100.0,100.0,100.0,100.0,75.0,100.0,100.0,100.0
254,Bicep_curls,,,,,,154.8,up,Good,Good,50.0,7,,97.5,100.0,100.0,100.0,100.0,75.0,100.0,100.0,100.0
255,Bicep_curls,,,,,,159.2,up,Good,Good,50.0,7,,97.5,100.0,100.0,100.0,100.0,75.0,100.0,100.0,100.0
256,Bicep_curls,,,,,,161.8,up,Good,Good,50.0,7,,97.5,100.0,100.0,100.0,100.0,75.0,100.0,100.0,100.0
257,Bicep_curls,,,,,,163.3,up,Good,Good,50.0,7,,97.5,100.0,100.0,100.0,100.0,75.0,100.0,100.0,100.0
258,Bicep_curls,,,,,,165.0,up,Good,Good,50.0,7,,97.5,100.0,100.0,100.0,100.0,75.0,100.0,100.0,100.0
259,Bicep_curls,,,,,,164.2,up,Good,Good,50.0,7,,97.5,100.0,100.0,100.0,100.0,75.0,100.0,100.0,100.0
260,Bicep_curls,,,,,,162.0,up,Good,Good,50.0,7,,97.5,100.0,100.0,100.0,100.0,75.0,100.0,100.0,100.0
261,Bicep_curls,,,,,,158.9,up,Good,Good,50.0,7,,97.5,100.0,100.0,100.0,100.0,75.0,100.0,100.0,100.0
262,Bicep_curls,,,,,,134.5,down,Good,Good,50.0,7,,97.5,100.0,100.0,100.0,100.0,75.0,100.0,100.0,100.0
263,Bicep_curls,,,,,,105.5,down,Good,Good,50.0,7,,97.5,100.0,100.0,100.0,100.0,75.0,100.0,100.0,100.0
264,Bicep_curls,,,,,,76.8,down,Good,Good,50.0,7,,97.5,100.0,100.0,100.0,100.0,75.0,100.0,100.0,100.0
265,Bicep_curls,,,,,,54.2,down,Good,Good,50.0,7,,97.5,100.0,100.0,100.0,100.0,75.0,100.0,100.0,100.0
266,Bicep_curls,,,,,,54.7,up,Good,Good,50.0,8,,97.5,100.0,100.0,100.0,100.0,75.0,100.0,100.0,100.0
267,Bicep_curls,,,,,,77.0,up,Good,Good,50.0,8,,97.5,100.0,100.0,100.0,100.0,75.0,100.0,100.0,100.0
268,Bicep_curls,,,,,,104.9,up,Good,Good,50.0,8,,97.5,100.0,100.0,100.0,100.0,75.0,100.0,100.0,100.0
269,Bicep_curls,,,,,,132.2,up,Good,Good,50.0,8,,97.5,100.0,100.0,100.0,100.0,75.0,100.0,100.0,100.0
270,Bicep_curls,,,,,,155.1,up,Good,Good,50.0,8,,97.5,100.0,100.0,100.0,100.0,75.0,100.0,100.0,100.0
271,Bicep_curls,,,,,,131.6,down,Good,Good,50.0,8,,97.5,100.0,100.0,100.0,100.0,75.0,100.0,100.0,100.0
272,Bicep_curls,,,,,,105.8,down,Good,Good,50.0,8,,97.5,100.0,100.0,100.0,100.0,75.0,100.0,100.0,100.0
273,Bicep_curls,,,,,,104.8,up,Good,Good,50.0,9,,97.5,100.0,100.0,100.0,100.0,75.0,100.0,100.0,100.0
274,Bicep_curls,,,,,,103.6,up,Good,Good,50.0,9,,97.5,100.0,100.0,100.0,100.0,75.0,100.0,100.0,100.0
275,Bicep_curls,,,,,,103.6,up,Good,Good,50.0,9,,97.5,100.0,100.0,100.0,100.0,75.0,100.0,100.0,100.0
276,Bicep_curls,,,,,,103.6,up,Good,Good,50.0,9,,97.5,100.0,100.0,100.0,100.0,75.0,100.0,100.0,100.0
277,Bicep_curls,,,,,,103.6,up,Good,Good,50.0,9,,97.5,100.0,100.0,100.0,100.0,75.0,100.0,100.0,100.0
278,Bicep_curls,,,,,,103.6,up,Good,Good,50.0,9,,97.5,100.0,100.0,100.0,100.0,75.0,100.0,100.0,100.0
279,Bicep_curls,,,,,,103.6,up,Good,Good,50.0,9,,97.5,100.0,100.0,100.0,100.0,75.0,100.0,100.0,100.0
280,Bicep_curls,,,,,,103.6,up,Good,Good,50.0,9,,97.5,100.0,100.0,100.0,100.0,75.0,100.0,100.0,100.0
281,Bicep_curls,,,,,,103.6,up,Good,Good,50.0,9,,97.5,100.0,100.0,100.0,100.0,75.0,100.0,100.0,100.0
282,Bicep_curls,,,,,,103.6,up,Good,Good,50.0,9,,97.5,100.0,100.0,100.0,100.0,75.0,100.0,100.0,100.0
283,Bicep_curls,,,,,,103.6,up,Good,Good,50.0,9,,97.5,100.0,100.0,100.0,100.0,75.0,100.0,100.0,100.0
284,Bicep_curls,,,,,,103.6,up,Good,Good,50.0,9,,97.5,100.0,100.0,100.0,100.0,75.0,100.0,100.0,100.0
285,Bicep_curls,,,,,,103.6,up,Good,Good,50.0,9,,97.5,100.0,100.0,100.0,100.0,75.0,100.0,100.0,100.0
286,Bicep_curls,,,,,,103.6,up,Good,Good,50.0,9,,97.5,100.0,100.0,100.0,100.0,75.0,100.0,100.0,100.0
287,Bicep_curls,,,,,,103.6,up,Good,Good,50.0,9,,97.5,100.0,100.0,100.0,100.0,75.0,100.0,100.0,100.0
288,Bicep_curls,,,,,,103.6,up,Good,Good,50.0,9,,97.5,100.0,100.0,100.0,100.0,75.0,100.0,100.0,100.0
289,Bicep_curls,,,,,,103.6,up,Good,Good,50.0,9,,97.5,100.0,100.0,100.0,100.0,75.0,100.0,100.0,100.0
290,Bicep_curls,,,,,,103.6,up,Good,Good,50.0,9,,97.5,100.0,100.0,100.0,100.0,75.0,100.0,100.0,100.0
291,Bicep_curls,,,,,,103.6,up,Good,Good,50.0,9,,97.5,100.0,100.0,100.0,100.0,75.0,100.0,100.0,100.0
292,Bicep_curls,,,,,,103.6,up,Good,Good,50.0,9,,97.5,100.0,100.0,100.0,100.0,75.0,100.0,100.0,100.0
293,Bicep_curls,,,,,,103.6,up,Good,Good,50.0,9,,97.5,100.0,100.0,100.0,100.0,75.0,100.0,100.0,100.0
294,Bicep_curls,,,,,,103.6,up,Good,Good,50.0,9,,97.5,100.0,100.0,100.0,100.0,75.0,100.0,100.0,100.0
295,Bicep_curls,,,,,,103.6,up,Good,Good,50.0,9,,97.5,100.0,100.0,100.0,100.0,75.0,100.0,100.0,100.0
296,Bicep_curls,,,,,,103.6,up,Good,Good,50.0,9,,97.5,100.0,100.0,100.0,100.0,75.0,100.0,100.0,100.0
297,Bicep_curls,,,,,,103.6,up,Good,Good,50.0,9,,97.5,100.0,100.0,100.0,100.0,75.0,100.0,100.0,100.0
298,Bicep_curls,,,,,,103.6,up,Good,Good,50.0,9,,97.5,100.0,100.0,100.0,100.0,75.0,100.0,100.0,100.0
299,Bicep_curls,,,,,,103.6,up,Good,Good,50.0,9,,97.5,100.0,100.0,100.0,100.0,75.0,100.0,100.0,100.0
300,Bicep_curls,,,,,,103.6,up,Good,Good,50.0,9,,97.5,100.0,100.0,100.0,100.0,75.0,100.0,100.0,100.0
301,Bicep_curls,,,,,,103.6,up,Good,Good,50.0,9,,97.5,100.0,100.0,100.0,100.0,75.0,100.0,100.0,100.0
302,Bicep_curls,,,,,,103.6,up,Good,Good,50.0,9,,97.5,100.0,100.0,100.0,100.0,75.0,100.0,100.0,100.0
303,Bicep_curls,,,,,,103.6,up,Good,Good,50.0,9,,97.5,100.0,100.0,100.0,100.0,75.0,100.0,100.0,100.0
304,Bicep_curls,,,,,,103.6,up,Good,Good,50.0,9,,97.5,100.0,100.0,100.0,100.0,75.0,100.0,100.0,100.0
305,Bicep_curls,,,,,,103.6,up,Good,Good,50.0,9,,97.5,100.0,100.0,100.0,100.0,75.0,100.0,100.0,100.0
306,Bicep_curls,,,,,,103.6,up,Good,Good,50.0,9,,97.5,100.0,100.0,100.0,100.0,75.0,100.0,100.0,100.0
307,Bicep_curls,,,,,,103.6,up,Good,Good,50.0,9,,97.5,100.0,100.0,100.0,100.0,75.0,100.0,100.0,100.0
308,Bicep_curls,,,,,,103.6,up,Good,Good,50.0,9,,97.5,100.0,100.0,100.0,100.0,75.0,100.0,100.0,100.0
309,Bicep_curls,,,,,,103.6,up,Good,Good,50.0,9,,97.5,100.0,100.0,100.0,100.0,75.0,100.0,100.0,100.0
310,Bicep_curls,,,,,,103.6,up,Good,Good,50.0,9,,97.5,100.0,100.0,100.0,100.0,75.0,100.0,100.0,100.0
311,Bicep_curls,,,,,,103.6,up,Good,Good,50.0,9,,97.5,100.0,100.0,100.0,100.0,75.0,100.0,100.0,100.0
312,Bicep_curls,,,,,,103.6,up,Good,Good,50.0,9,,97.5,100.0,100.0,100.0,100.0,75.0,100.0,100.0,100.0
313,Bicep_curls,,,,,,103.6,up,Good,Good,50.0,9,,97.5,100.0,100.0,100.0,100.0,75.0,100.0,100.0,100.0
314,Bicep_curls,,,,,,103.6,up,Good,Good,50.0,9,,97.5,100.0,100.0,100.0,100.0,75.0,100.0,100.0,100.0
315,Bicep_curls,,,,,,103.6,up,Good,Good,50.0,9,,97.5,100.0,100.0,100.0,100.0,75.0,100.0,100.0,100.0
316,Bicep_curls,,,,,,103.6,up,Good,Good,50.0,9,,97.5,100.0,100.0,100.0,100.0,75.0,100.0,100.0,100.0
317,Bicep_curls,,,,,,103.6,up,Good,Good,50.0,9,,97.5,100.0,100.0,100.0,100.0,75.0,100.0,100.0,100.0
318,Bicep_curls,,,,,,94.9,down,Good,Good,50.0,9,,97.5,100.0,100.0,100.0,100.0,75.0,100.0,100.0,100.0
319,Bicep_curls,,,,,,105.5,down,Good,Good,50.0,9,,97.5,100.0,100.0,100.0,100.0,75.0,100.0,100.0,100.0
320,Bicep_curls,,,,,,113.9,down,Good,Good,50.0,9,,97.5,100.0,100.0,100.0,100.0,75.0,100.0,100.0,100.0
321,Bicep_curls,,,,,,95.3,down,Good,Good,50.0,9,,97.5,100.0,100.0,100.0,100.0,75.0,100.0,100.0,100.0
322,Bicep_curls,,,,,,75.7,down,Good,Good,50.0,9,,97.5,100.0,100.0,100.0,100.0,75.0,100.0,100.0,100.0
323,Bicep_curls,,,,,,62.6,down,Good,Good,50.0,9,,97.5,100.0,100.0,100.0,100.0,75.0,100.0,100.0,100.0
324,Bicep_curls,,,,,,53.3,down,Good,Good,50.0,9,,97.5,100.0,100.0,100.0,100.0,75.0,100.0,100.0,100.0
325,Bicep_curls,,,,,,47.1,down,Good,Good,50.0,9,,97.5,100.0,100.0,100.0,100.0,75.0,100.0,100.0,100.0
326,Bicep_curls,,,,,,41.9,down,Good,Good,50.0,9,,97.5,100.0,100.0,100.0,100.0,75.0,100.0,100.0,100.0
327,Bicep_curls,,,,,,37.3,down,Good,Good,50.0,9,,97.5,100.0,100.0,100.0,100.0,75.0,100.0,100.0,100.0
328,Bicep_curls,,,,,,33.1,down,Good,Good,50.0,9,,97.5,100.0,100.0,100.0,100.0,75.0,100.0,100.0,100.0
329,Bicep_curls,,,,,,29.8,down,Good,Good,50.0,9,,97.5,100.0,100.0,100.0,100.0,75.0,100.0,100.0,100.0
330,Bicep_curls,,,,,,28.1,down,Good,Good,50.0,9,,97.5,100.0,100.0,100.0,100.0,75.0,100.0,100.0,100.0
331,Bicep_curls,,,,,,27.4,down,Good,Good,50.0,9,,97.5,100.0,100.0,100.0,100.0,75.0,100.0,100.0,100.0
332,Bicep_curls,,,,,,27.2,down,Good,Good,50.0,9,,97.5,100.0,100.0,100.0,100.0,75.0,100.0,100.0,100.0
333,Bicep_curls,,,,,,26.5,down,Good,Good,50.0,9,,97.5,100.0,100.0,100.0,100.0,75.0,100.0,100.0,100.0
334,Bicep_curls,,,,,,25.6,down,Good,Good,50.0,9,,97.5,100.0,100.0,100.0,100.0,75.0,100.0,100.0,100.0
335,Bicep_curls,,,,,,24.3,down,Good,Good,50.0,9,,97.5,100.0,100.0,100.0,100.0,75.0,100.0,100.0,100.0
336,Bicep_curls,,,,,,22.4,down,Good,Good,50.0,9,,97.5,100.0,100.0,100.0,100.0,75.0,100.0,100.0,100.0
337,Bicep_curls,,,,,,20.2,down,Good,Good,50.0,9,,97.5,100.0,100.0,100.0,100.0,75.0,100.0,100.0,100.0
338,Bicep_curls,,,,,,19.2,down,Good,Good,50.0,9,,97.5,100.0,100.0,100.0,100.0,75.0,100.0,100.0,100.0
339,Bicep_curls,,,,,,18.4,down,Good,Good,50.0,9,,97.5,100.0,100.0,100.0,100.0,75.0,100.0,100.0,100.0
340,Bicep_curls,,,,,,17.6,down,Good,Good,50.0,9,,97.5,100.0,100.0,100.0,100.0,75.0,100.0,100.0,100.0
341,Bicep_curls,,,,,,16.8,down,Good,Good,50.0,9,,97.5,100.0,100.0,100.0,100.0,75.0,100.0,100.0,100.0
342,Bicep_curls,,,,,,17.5,down,Good,Good,50.0,9,,97.5,100.0,100.0,100.0,100.0,75.0,100.0,100.0,100.0
343,Bicep_curls,,,,,,20.4,down,Good,Good,50.0,9,,97.5,100.0,100.0,100.0,100.0,75.0,100.0,100.0,100.0
344,Bicep_curls,,,,,,25.4,down,Good,Good,50.0,9,,97.5,100.0,100.0,100.0,100.0,75.0,100.0,100.0,100.0
345,Bicep_curls,,,,,,32.1,down,Good,Good,50.0,9,,97.5,100.0,100.0,100.0,100.0,75.0,100.0,100.0,100.0
346,Bicep_curls,,,,,,35.9,down,Good,Good,50.0,9,,97.5,100.0,100.0,100.0,100.0,75.0,100.0,100.0,100.0
347,Bicep_curls,,,,,,46.5,down,Good,Good,50.0,9,,97.5,100.0,100.0,100.0,100.0,75.0,100.0,100.0,100.0
348,Bicep_curls,,,,,,44.6,down,Good,Good,50.0,9,,97.5,100.0,100.0,100.0,100.0,75.0,100.0,100.0,100.0
349,Bicep_curls,,,,,,68.6,up,Good,Good,50.0,10,,97.5,100.0,100.0,100.0,100.0,75.0,100.0,100.0,100.0
350,Bicep_curls,,,,,,89.5,up,Good,Good,50.0,10,,97.5,100.0,100.0,100.0,100.0,75.0,100.0,100.0,100.0
351,Bicep_curls,,,,,,113.5,up,Good,Good,50.0,10,,97.5,100.0,100.0,100.0,100.0,75.0,100.0,100.0,100.0
352,Bicep_curls,,,,,,130.1,up,Good,Good,50.0,10,,97.5,100.0,100.0,100.0,100.0,75.0,100.0,100.0,100.0
353,Bicep_curls,,,,,,130.1,up,Good,Good,50.0,10,,97.5,100.0,100.0,100.0,100.0,75.0,100.0,100.0,100.0
354,Bicep_curls,,,,,,130.1,up,Good,Good,50.0,10,,97.5,100.0,100.0,100.0,100.0,75.0,100.0,100.0,100.0
355,Bicep_curls,,,,,,130.1,up,Good,Good,50.0,10,,97.5,100.0,100.0,100.0,100.0,75.0,100.0,100.0,100.0
356,Bicep_curls,,,,,,130.1,up,Good,Good,50.0,10,,97.5,100.0,100.0,100.0,100.0,75.0,100.0,100.0,100.0
357,Bicep_curls,,,,,,130.1,up,Good,Good,50.0,10,,97.5,100.0,100.0,100.0,100.0,75.0,100.0,100.0,100.0
358,Bicep_curls,,,,,,130.1,up,Good,Good,50.0,10,,97.5,100.0,100.0,100.0,100.0,75.0,100.0,100.0,100.0
359,Bicep_curls,,,,,,130.1,up,Good,Good,50.0,10,,97.5,100.0,100.0,100.0,100.0,75.0,100.0,100.0,100.0
360,Bicep_curls,,,,,,130.1,up,Good,Good,50.0,10,,97.5,100.0,100.0,100.0,100.0,75.0,100.0,100.0,100.0
361,Bicep_curls,,,,,,130.1,up,Good,Good,50.0,10,,97.5,100.0,100.0,100.0,100.0,75.0,100.0,100.0,100.0
362,Bicep_curls,,,,,,130.1,up,Good,Good,50.0,10,,97.5,100.0,100.0,100.0,100.0,75.0,100.0,100.0,100.0
363,Bicep_curls,,,,,,130.1,up,Good,Good,50.0,10,,97.5,100.0,100.0,100.0,100.0,75.0,100.0,100.0,100.0
364,Bicep_curls,,,,,,130.1,up,Good,Good,50.0,10,,97.5,100.0,100.0,100.0,100.0,75.0,100.0,100.0,100.0
365,Bicep_curls,,,,,,130.1,up,Good,Good,50.0,10,,97.5,100.0,100.0,100.0,100.0,75.0,100.0,100.0,100.0
366,Bicep_curls,,,,,,130.1,up,Good,Good,50.0,10,,97.5,100.0,100.0,100.0,100.0,75.0,100.0,100.0,100.0
367,Bicep_curls,,,,,,153.1,up,Good,Good,50.0,10,,97.5,100.0,100.0,100.0,100.0,75.0,100.0,100.0,100.0
368,Bicep_curls,,,,,,146.3,up,Good,Good,50.0,10,,97.5,100.0,100.0,100.0,100.0,75.0,100.0,100.0,100.0
369,Bicep_curls,,,,,,132.8,down,Good,Good,50.0,10,,97.5,100.0,100.0,100.0,100.0,75.0,100.0,100.0,100.0
370,Bicep_curls,,,,,,115.4,down,Good,Good,50.0,10,,97.5,100.0,100.0,100.0,100.0,75.0,100.0,100.0,100.0
371,Bicep_curls,,,,,,94.5,down,Good,Good,50.0,10,,97.5,100.0,100.0,100.0,100.0,75.0,100.0,100.0,100.0
372,Bicep_curls,,,,,,76.4,down,Good,Good,50.0,10,,97.5,100.0,100.0,100.0,100.0,75.0,100.0,100.0,100.0
373,Bicep_curls,,,,,,59.8,down,Good,Good,50.0,10,,97.5,100.0,100.0,100.0,100.0,75.0,100.0,100.0,100.0
374,Bicep_curls,,,,,,49.0,down,Good,Good,50.0,10,,97.5,100.0,100.0,100.0,100.0,75.0,100.0,100.0,100.0
375,Bicep_curls,,,,,,41.4,down,Good,Good,50.0,10,,97.5,100.0,100.0,100.0,100.0,75.0,100.0,100.0,100.0
376,Bicep_curls,,,,,,35.9,down,Good,Good,50.0,10,,97.5,100.0,100.0,100.0,100.0,75.0,100.0,100.0,100.0
377,Bicep_curls,,,,,,30.3,down,Good,Good,50.0,10,,97.5,100.0,100.0,100.0,100.0,75.0,100.0,100.0,100.0
378,Bicep_curls,,,,,,25.8,down,Good,Good,50.0,10,,97.5,100.0,100.0,100.0,100.0,75.0,100.0,100.0,100.0
379,Bicep_curls,,,,,,24.1,down,Good,Good,50.0,10,,97.5,100.0,100.0,100.0,100.0,75.0,100.0,100.0,100.0
380,Bicep_curls,,,,,,22.7,down,Good,Good,50.0,10,,97.5,100.0,100.0,100.0,100.0,75.0,100.0,100.0,100.0
381,Bicep_curls,,,,,,23.6,down,Good,Good,50.0,10,,97.5,100.0,100.0,100.0,100.0,75.0,100.0,100.0,100.0
382,Bicep_curls,,,,,,26.5,down,Good,Good,50.0,10,,97.5,100.0,100.0,100.0,100.0,75.0,100.0,100.0,100.0
383,Bicep_curls,,,,,,32.9,down,Good,Good,50.0,10,,97.5,100.0,100.0,100.0,100.0,75.0,100.0,100.0,100.0
384,Bicep_curls,,,,,,53.7,down,Good,Good,50.0,10,,97.5,100.0,100.0,100.0,100.0,75.0,100.0,100.0,100.0
385,Bicep_curls,,,,,,77.7,up,Good,Good,50.0,11,,97.5,100.0,100.0,100.0,100.0,75.0,100.0,100.0,100.0
386,Bicep_curls,,,,,,100.4,up,Good,Good,50.0,11,,97.5,100.0,100.0,100.0,100.0,75.0,100.0,100.0,100.0
387,Bicep_curls,,,,,,122.8,up,Good,Good,50.0,11,,97.5,100.0,100.0,100.0,100.0,75.0,100.0,100.0,100.0
388,Bicep_curls,,,,,,142.5,up,Good,Good,50.0,11,,97.5,100.0,100.0,100.0,100.0,75.0,100.0,100.0,100.0
389,Bicep_curls,,,,,,148.9,up,Good,Good,50.0,11,,97.5,100.0,100.0,100.0,100.0,75.0,100.0,100.0,100.0
390,Bicep_curls,,,,,,152.8,up,Good,Good,50.0,11,,97.5,100.0,100.0,100.0,100.0,75.0,100.0,100.0,100.0
391,Bicep_curls,,,,,,157.1,up,Good,Good,50.0,11,,97.5,100.0,100.0,100.0,100.0,75.0,100.0,100.0,100.0
392,Bicep_curls,,,,,,160.9,up,Good,Good,50.0,11,,97.5,100.0,100.0,100.0,100.0,75.0,100.0,100.0,100.0
393,Bicep_curls,,,,,,163.3,up,Good,Good,50.0,11,,97.5,100.0,100.0,100.0,100.0,75.0,100.0,100.0,100.0
394,Bicep_curls,,,,,,164.1,up,Good,Good,50.0,11,,97.5,100.0,100.0,100.0,100.0,75.0,100.0,100.0,100.0
395,Bicep_curls,,,,,,164.2,up,Good,Good,50.0,11,,97.5,100.0,100.0,100.0,100.0,75.0,100.0,100.0,100.0
396,Bicep_curls,,,,,,163.7,up,Good,Good,50.0,11,,97.5,100.0,100.0,100.0,100.0,75.0,100.0,100.0,100.0
397,Bicep_curls,,,,,,161.9,up,Good,Good,50.0,11,,97.5,100.0,100.0,100.0,100.0,75.0,100.0,100.0,100.0
398,Bicep_curls,,,,,,157.8,up,Good,Good,50.0,11,,97.5,100.0,100.0,100.0,100.0,75.0,100.0,100.0,100.0
399,Bicep_curls,,,,,,138.4,down,Good,Good,50.0,11,,97.5,100.0,100.0,100.0,100.0,75.0,100.0,100.0,100.0
400,Bicep_curls,,,,,,116.2,down,Good,Good,50.0,11,,97.5,100.0,100.0,100.0,100.0,75.0,100.0,100.0,100.0
401,Bicep_curls,,,,,,92.7,down,Good,Good,50.0,11,,97.5,100.0,100.0,100.0,100.0,75.0,100.0,100.0,100.0
402,Bicep_curls,,,,,,69.0,down,Good,Good,50.0,11,,97.5,100.0,100.0,100.0,100.0,75.0,100.0,100.0,100.0
403,Bicep_curls,,,,,,46.0,down,Good,Good,50.0,11,,97.5,100.0,100.0,100.0,100.0,75.0,100.0,100.0,100.0
404,Bicep_curls,,,,,,37.8,down,Good,Good,50.0,11,,97.5,100.0,100.0,100.0,100.0,75.0,100.0,100.0,100.0
405,Bicep_curls,,,,,,32.4,down,Good,Good,50.0,11,,97.5,100.0,100.0,100.0,100.0,75.0,100.0,100.0,100.0
406,Bicep_curls,,,,,,27.9,down,Good,Good,50.0,11,,97.5,100.0,100.0,100.0,100.0,75.0,100.0,100.0,100.0
407,Bicep_curls,,,,,,25.0,down,Good,Good,50.0,11,,97.5,100.0,100.0,100.0,100.0,75.0,100.0,100.0,100.0
408,Bicep_curls,,,,,,22.8,down,Good,Good,50.0,11,,97.5,100.0,100.0,100.0,100.0,75.0,100.0,100.0,100.0
409,Bicep_curls,,,,,,21.4,down,Good,Good,50.0,11,,97.5,100.0,100.0,100.0,100.0,75.0,100.0,100.0,100.0
410,Bicep_curls,,,,,,21.7,down,Good,Good,50.0,11,,97.5,100.0,100.0,100.0,100.0,75.0,100.0,100.0,100.0
411,Bicep_curls,,,,,,24.7,down,Good,Good,50.0,11,,97.5,100.0,100.0,100.0,100.0,75.0,100.0,100.0,100.0
412,Bicep_curls,,,,,,33.6,down,Good,Good,50.0,11,,97.5,100.0,100.0,100.0,100.0,75.0,100.0,100.0,100.0
413,Bicep_curls,,,,,,59.2,up,Good,Good,50.0,12,,97.5,100.0,100.0,100.0,100.0,75.0,100.0,100.0,100.0
414,Bicep_curls,,,,,,83.5,up,Good,Good,50.0,12,,97.5,100.0,100.0,100.0,100.0,75.0,100.0,100.0,100.0
415,Bicep_curls,,,,,,108.1,up,Good,Good,50.0,12,,97.5,100.0,100.0,100.0,100.0,75.0,100.0,100.0,100.0
416,Bicep_curls,,,,,,130.3,up,Good,Good,50.0,12,,97.5,100.0,100.0,100.0,100.0,75.0,100.0,100.0,100.0
417,Bicep_curls,,,,,,146.6,up,Good,Good,50.0,12,,97.5,100.0,100.0,100.0,100.0,75.0,100.0,100.0,100.0
418,Bicep_curls,,,,,,147.4,up,Good,Good,50.0,12,,97.5,100.0,100.0,100.0,100.0,75.0,100.0,100.0,100.0
419,Bicep_curls,,,,,,149.5,up,Good,Good,50.0,12,,97.5,100.0,100.0,100.0,100.0,75.0,100.0,100.0,100.0
420,Bicep_curls,,,,,,150.6,up,Good,Good,50.0,12,,97.5,100.0,100.0,100.0,100.0,75.0,100.0,100.0,100.0
421,Bicep_curls,,,,,,152.0,up,Good,Good,50.0,12,,97.5,100.0,100.0,100.0,100.0,75.0,100.0,100.0,100.0
422,Bicep_curls,,,,,,153.7,up,Good,Good,50.0,12,,97.5,100.0,100.0,100.0,100.0,75.0,100.0,100.0,100.0
423,Bicep_curls,,,,,,153.7,up,Good,Good,50.0,12,,97.5,100.0,100.0,100.0,100.0,75.0,100.0,100.0,100.0
424,Bicep_curls,,,,,,153.7,up,Good,Good,50.0,12,,97.5,100.0,100.0,100.0,100.0,75.0,100.0,100.0,100.0
425,Bicep_curls,,,,,,153.7,up,Good,Good,50.0,12,,97.5,100.0,100.0,100.0,100.0,75.0,100.0,100.0,100.0
426,Bicep_curls,,,,,,153.7,up,Good,Good,50.0,12,,97.5,100.0,100.0,100.0,100.0,75.0,100.0,100.0,100.0
427,Bicep_curls,,,,,,153.7,up,Good,Good,50.0,12,,97.5,100.0,100.0,100.0,100.0,75.0,100.0,100.0,100.0
428,Bicep_curls,,,,,,153.7,up,Good,Good,50.0,12,,97.5,100.0,100.0,100.0,100.0,75.0,100.0,100.0,100.0
429,Bicep_curls,,,,,,153.7,up,Good,Good,50.0,12,,97.5,100.0,100.0,100.0,100.0,75.0,100.0,100.0,100.0
430,Bicep_curls,,,,,,153.7,up,Good,Good,50.0,12,,97.5,100.0,100.0,100.0,100.0,75.0,100.0,100.0,100.0
431,Bicep_curls,,,,,,153.7,up,Good,Good,50.0,12,,97.5,100.0,100.0,100.0,100.0,75.0,100.0,100.0,100.0
432,Bicep_curls,,,,,,153.7,up,Good,Good,50.0,12,,97.5,100.0,100.0,100.0,100.0,75.0,100.0,100.0,100.0
433,Bicep_curls,,,,,,153.7,up,Good,Good,50.0,12,,97.5,100.0,100.0,100.0,100.0,75.0,100.0,100.0,100.0
434,Bicep_curls,,,,,,153.7,up,Good,Good,50.0,12,,97.5,100.0,100.0,100.0,100.0,75.0,100.0,100.0,100.0
435,Bicep_curls,,,,,,153.7,up,Good,Good,50.0,12,,97.5,100.0,100.0,100.0,100.0,75.0,100.0,100.0,100.0
436,Bicep_curls,,,,,,153.7,up,Good,Good,50.0,12,,97.5,100.0,100.0,100.0,100.0,75.0,100.0,100.0,100.0
437,Bicep_curls,,,,,,153.7,up,Good,Good,50.0,12,,97.5,100.0,100.0,100.0,100.0,75.0,100.0,100.0,100.0
438,Bicep_curls,,,,,,153.7,up,Good,Good,50.0,12,,97.5,100.0,100.0,100.0,100.0,75.0,100.0,100.0,100.0
439,Bicep_curls,,,,,,153.7,up,Good,Good,50.0,12,,97.5,100.0,100.0,100.0,100.0,75.0,100.0,100.0,100.0
440,Bicep_curls,,,,,,153.7,up,Good,Good,50.0,12,,97.5,100.0,100.0,100.0,100.0,75.0,100.0,100.0,100.0
441,Bicep_curls,,,,,,153.7,up,Good,Good,50.0,12,,97.5,100.0,100.0,100.0,100.0,75.0,100.0,100.0,100.0
442,Bicep_curls,,,,,,153.7,up,Good,Good,50.0,12,,97.5,100.0,100.0,100.0,100.0,75.0,100.0,100.0,100.0
443,Bicep_curls,,,,,,153.7,up,Good,Good,50.0,12,,97.5,100.0,100.0,100.0,100.0,75.0,100.0,100.0,100.0
444,Bicep_curls,,,,,,153.7,up,Good,Good,50.0,12,,97.5,100.0,100.0,100.0,100.0,75.0,100.0,100.0,100.0
445,Bicep_curls,,,,,,153.7,up,Good,Good,50.0,12,,97.5,100.0,100.0,100.0,100.0,75.0,100.0,100.0,100.0
446,Bicep_curls,,,,,,153.7,up,Good,Good,50.0,12,,97.5,100.0,100.0,100.0,100.0,75.0,100.0,100.0,100.0
447,Bicep_curls,,,,,,153.7,up,Good,Good,50.0,12,,97.5,100.0,100.0,100.0,100.0,75.0,100.0,100.0,100.0
448,Bicep_curls,,,,,,153.7,up,Good,Good,50.0,12,,97.5,100.0,100.0,100.0,100.0,75.0,100.0,100.0,100.0
449,Bicep_curls,,,,,,153.7,up,Good,Good,50.0,12,,97.5,100.0,100.0,100.0,100.0,75.0,100.0,100.0,100.0
450,Bicep_curls,,,,,,153.7,up,Good,Good,50.0,12,,97.5,100.0,100.0,100.0,100.0,75.0,100.0,100.0,100.0
451,Bicep_curls,,,,,,153.7,up,Good,Good,50.0,12,,97.5,100.0,100.0,100.0,100.0,75.0,100.0,100.0,100.0
452,Bicep_curls,,,,,,153.7,up,Good,Good,50.0,12,,97.5,100.0,100.0,100.0,100.0,75.0,100.0,100.0,100.0
453,Bicep_curls,,,,,,153.7,up,Good,Good,50.0,12,,97.5,100.0,100.0,100.0,100.0,75.0,100.0,100.0,100.0
454,Bicep_curls,,,,,,153.7,up,Good,Good,50.0,12,,97.5,100.0,100.0,100.0,100.0,75.0,100.0,100.0,100.0
455,Bicep_curls,,,,,,153.7,up,Good,Good,50.0,12,,97.5,100.0,100.0,100.0,100.0,75.0,100.0,100.0,100.0
456,Bicep_curls,,,,,,153.7,up,Good,Good,50.0,12,,97.5,100.0,100.0,100.0,100.0,75.0,100.0,100.0,100.0
457,Bicep_curls,,,,,,153.7,up,Good,Good,50.0,12,,97.5,100.0,100.0,100.0,100.0,75.0,100.0,100.0,100.0
458,Bicep_curls,,,,,,153.7,up,Good,Good,50.0,12,,97.5,100.0,100.0,100.0,100.0,75.0,100.0,100.0,100.0
459,Bicep_curls,,,,,,153.7,up,Good,Good,50.0,12,,97.5,100.0,100.0,100.0,100.0,75.0,100.0,100.0,100.0
460,Bicep_curls,,,,,,153.7,up,Good,Good,50.0,12,,97.5,100.0,100.0,100.0,100.0,75.0,100.0,100.0,100.0
461,Bicep_curls,,,,,,153.7,up,Good,Good,50.0,12,,97.5,100.0,100.0,100.0,100.0,75.0,100.0,100.0,100.0
462,Bicep_curls,,,,,,153.7,up,Good,Good,50.0,12,,97.5,100.0,100.0,100.0,100.0,75.0,100.0,100.0,100.0
463,Bicep_curls,,,,,,153.7,up,Good,Good,50.0,12,,97.5,100.0,100.0,100.0,100.0,75.0,100.0,100.0,100.0
464,Bicep_curls,,,,,,153.7,up,Good,Good,50.0,12,,97.5,100.0,100.0,100.0,100.0,75.0,100.0,100.0,100.0
465,Bicep_curls,,,,,,153.7,up,Good,Good,50.0,12,,97.5,100.0,100.0,100.0,100.0,75.0,100.0,100.0,100.0
466,Bicep_curls,,,,,,153.7,up,Good,Good,50.0,12,,97.5,100.0,100.0,100.0,100.0,75.0,100.0,100.0,100.0
467,Bicep_curls,,,,,,153.7,up,Good,Good,50.0,12,,97.5,100.0,100.0,100.0,100.0,75.0,100.0,100.0,100.0
468,Bicep_curls,,,,,,153.7,up,Good,Good,50.0,12,,97.5,100.0,100.0,100.0,100.0,75.0,100.0,100.0,100.0
469,Bicep_curls,,,,,,153.7,up,Good,Good,50.0,12,,97.5,100.0,100.0,100.0,100.0,75.0,100.0,100.0,100.0
470,Bicep_curls,,,,,,153.7,up,Good,Good,50.0,12,,97.5,100.0,100.0,100.0,100.0,75.0,100.0,100.0,100.0
471,Bicep_curls,,,,,,153.7,up,Good,Good,50.0,12,,97.5,100.0,100.0,100.0,100.0,75.0,100.0,100.0,100.0
472,Bicep_curls,,,,,,153.7,up,Good,Good,50.0,12,,97.5,100.0,100.0,100.0,100.0,75.0,100.0,100.0,100.0
473,Bicep_curls,,,,,,153.7,up,Good,Good,50.0,12,,97.5,100.0,100.0,100.0,100.0,75.0,100.0,100.0,100.0
474,Bicep_curls,,,,,,153.7,up,Good,Good,50.0,12,,97.5,100.0,100.0,100.0,100.0,75.0,100.0,100.0,100.0
475,Bicep_curls,,,,,,153.7,up,Good,Good,50.0,12,,97.5,100.0,100.0,100.0,100.0,75.0,100.0,100.0,100.0
476,Bicep_curls,,,,,,153.7,up,Good,Good,50.0,12,,97.5,100.0,100.0,100.0,100.0,75.0,100.0,100.0,100.0
477,Bicep_curls,,,,,,153.7,up,Good,Good,50.0,12,,97.5,100.0,100.0,100.0,100.0,75.0,100.0,100.0,100.0
478,Bicep_curls,,,,,,153.7,up,Good,Good,50.0,12,,97.5,100.0,100.0,100.0,100.0,75.0,100.0,100.0,100.0
479,Bicep_curls,,,,,,153.7,up,Good,Good,50.0,12,,97.5,100.0,100.0,100.0,100.0,75.0,100.0,100.0,100.0
480,Bicep_curls,,,,,,155.8,up,Good,Good,50.0,12,,97.5,100.0,100.0,100.0,100.0,75.0,100.0,100.0,100.0
481,Bicep_curls,,,,,,157.3,up,Good,Good,50.0,12,,97.5,100.0,100.0,100.0,100.0,75.0,100.0,100.0,100.0
482,Bicep_curls,,,,,,158.3,up,Good,Good,50.0,12,,97.5,100.0,100.0,100.0,100.0,75.0,100.0,100.0,100.0
483,Bicep_curls,,,,,,159.0,up,Good,Good,50.0,12,,97.5,100.0,100.0,100.0,100.0,75.0,100.0,100.0,100.0
484,Bicep_curls,,,,,,159.1,up,Good,Good,50.0,12,,97.5,100.0,100.0,100.0,100.0,75.0,100.0,100.0,100.0
485,Bicep_curls,,,,,,157.5,up,Good,Good,50.0,12,,97.5,100.0,100.0,100.0,100.0,75.0,100.0,100.0,100.0
486,Bicep_curls,,,,,,155.8,up,Good,Good,50.0,12,,97.5,100.0,100.0,100.0,100.0,75.0,100.0,100.0,100.0
487,Bicep_curls,,,,,,153.6,up,Good,Good,50.0,12,,97.5,100.0,100.0,100.0,100.0,75.0,100.0,100.0,100.0
488,Bicep_curls,,,,,,153.6,up,Good,Good,50.0,12,,97.5,100.0,100.0,100.0,100.0,75.0,100.0,100.0,100.0
489,Bicep_curls,,,,,,145.4,down,Good,Good,50.0,12,,97.5,100.0,100.0,100.0,100.0,75.0,100.0,100.0,100.0
490,Bicep_curls,,,,,,140.4,down,Good,Good,50.0,12,,97.5,100.0,100.0,100.0,100.0,75.0,100.0,100.0,100.0
491,Bicep_curls,,,,,,132.0,down,Good,Good,50.0,12,,97.5,100.0,100.0,100.0,100.0,75.0,100.0,100.0,100.0
492,Bicep_curls,,,,,,116.6,down,Good,Good,50.0,12,,97.5,100.0,100.0,100.0,100.0,75.0,100.0,100.0,100.0
493,Bicep_curls,,,,,,99.7,down,Good,Good,50.0,12,,97.5,100.0,100.0,100.0,100.0,75.0,100.0,100.0,100.0
494,Bicep_curls,,,,,,89.3,down,Good,Good,50.0,12,,97.5,100.0,100.0,100.0,100.0,75.0,100.0,100.0,100.0
495,Bicep_curls,,,,,,78.5,down,Good,Good,50.0,12,,97.5,100.0,100.0,100.0,100.0,75.0,100.0,100.0,100.0
496,Bicep_curls,,,,,,72.9,down,Good,Good,50.0,12,,97.5,100.0,100.0,100.0,100.0,75.0,100.0,100.0,100.0
497,Bicep_curls,,,,,,74.7,down,Good,Good,50.0,12,,97.5,100.0,100.0,100.0,100.0,75.0,100.0,100.0,100.0
498,Bicep_curls,,,,,,79.3,down,Good,Good,50.0,12,,97.5,100.0,100.0,100.0,100.0,75.0,100.0,100.0,100.0
499,Bicep_curls,,,,,,84.0,down,Good,Good,50.0,12,,97.5,100.0,100.0,100.0,100.0,75.0,100.0,100.0,100.0
500,Bicep_curls,,,,,,75.8,down,Good,Good,50.0,12,,97.5,100.0,100.0,100.0,100.0,75.0,100.0,100.0,100.0
501,Bicep_curls,,,,,,72.5,down,Good,Good,50.0,12,,97.5,100.0,100.0,100.0,100.0,75.0,100.0,100.0,100.0
502,Bicep_curls,,,,,,70.6,down,Good,Good,50.0,12,,97.5,100.0,100.0,100.0,100.0,75.0,100.0,100.0,100.0
503,Bicep_curls,,,,,,69.3,down,Good,Good,50.0,12,,97.5,100.0,100.0,100.0,100.0,75.0,100.0,100.0,100.0
504,Bicep_curls,,,,,,71.9,down,Good,Good,50.0,12,,97.5,100.0,100.0,100.0,100.0,75.0,100.0,100.0,100.0
505,Bicep_curls,,,,,,89.0,down,Good,Good,50.0,12,,97.5,100.0,100.0,100.0,100.0,75.0,100.0,100.0,100.0
506,Bicep_curls,,,,,,103.9,up,Good,Good,50.0,13,,97.5,100.0,100.0,100.0,100.0,75.0,100.0,100.0,100.0
507,Bicep_curls,,,,,,120.1,up,Good,Good,50.0,13,,97.5,100.0,100.0,100.0,100.0,75.0,100.0,100.0,100.0
508,Bicep_curls,,,,,,135.9,up,Good,Good,50.0,13,,97.5,100.0,100.0,100.0,100.0,75.0,100.0,100.0,100.0
509,Bicep_curls,,,,,,147.9,up,Good,Good,50.0,13,,97.5,100.0,100.0,100.0,100.0,75.0,100.0,100.0,100.0
510,Bicep_curls,,,,,,156.4,up,Good,Good,50.0,13,,97.5,100.0,100.0,100.0,100.0,75.0,100.0,100.0,100.0
511,Bicep_curls,,,,,,161.8,up,Good,Good,50.0,13,,97.5,100.0,100.0,100.0,100.0,75.0,100.0,100.0,100.0
512,Bicep_curls,,,,,,164.5,up,Good,Good,50.0,13,,97.5,100.0,100.0,100.0,100.0,75.0,100.0,100.0,100.0
513,Bicep_curls,,,,,,166.4,up,Good,Good,50.0,13,,97.5,100.0,100.0,100.0,100.0,75.0,100.0,100.0,100.0
514,Bicep_curls,,,,,,167.9,up,Good,Good,50.0,13,,97.5,100.0,100.0,100.0,100.0,75.0,100.0,100.0,100.0
515,Bicep_curls,,,,,,168.9,up,Good,Good,50.0,13,,97.5,100.0,100.0,100.0,100.0,75.0,100.0,100.0,100.0
516,Bicep_curls,,,,,,168.8,up,Good,Good,50.0,13,,97.5,100.0,100.0,100.0,100.0,75.0,100.0,100.0,100.0
517,Bicep_curls,,,,,,167.6,up,Good,Good,50.0,13,,97.5,100.0,100.0,100.0,100.0,75.0,100.0,100.0,100.0
518,Bicep_curls,,,,,,164.8,up,Good,Good,50.0,13,,97.5,100.0,100.0,100.0,100.0,75.0,100.0,100.0,100.0
519,Bicep_curls,,,,,,158.4,up,Good,Good,50.0,13,,97.5,100.0,100.0,100.0,100.0,75.0,100.0,100.0,100.0
520,Bicep_curls,,,,,,145.0,down,Good,Good,50.0,13,,97.5,100.0,100.0,100.0,100.0,75.0,100.0,100.0,100.0
521,Bicep_curls,,,,,,124.1,down,Good,Good,50.0,13,,97.5,100.0,100.0,100.0,100.0,75.0,100.0,100.0,100.0
522,Bicep_curls,,,,,,99.8,down,Good,Good,50.0,13,,97.5,100.0,100.0,100.0,100.0,75.0,100.0,100.0,100.0
523,Bicep_curls,,,,,,73.3,down,Good,Good,50.0,13,,97.5,100.0,100.0,100.0,100.0,75.0,100.0,100.0,100.0
524,Bicep_curls,,,,,,48.8,down,Good,Good,50.0,13,,97.5,100.0,100.0,100.0,100.0,75.0,100.0,100.0,100.0
525,Bicep_curls,,,,,,30.2,down,Good,Good,50.0,13,,97.5,100.0,100.0,100.0,100.0,75.0,100.0,100.0,100.0
526,Bicep_curls,,,,,,18.8,down,Good,Good,50.0,13,,97.5,100.0,100.0,100.0,100.0,75.0,100.0,100.0,100.0
527,Bicep_curls,,,,,,11.7,down,Good,Good,50.0,13,,97.5,100.0,100.0,100.0,100.0,75.0,100.0,100.0,100.0
528,Bicep_curls,,,,,,7.8,down,Good,Good,50.0,13,,97.5,100.0,100.0,100.0,100.0,75.0,100.0,100.0,100.0
529,Bicep_curls,,,,,,5.3,down,Good,Good,50.0,13,,97.5,100.0,100.0,100.0,100.0,75.0,100.0,100.0,100.0
530,Bicep_curls,,,,,,4.3,down,Good,Good,50.0,13,,97.5,100.0,100.0,100.0,100.0,75.0,100.0,100.0,100.0
531,Bicep_curls,,,,,,5.0,down,Good,Good,50.0,13,,97.5,100.0,100.0,100.0,100.0,75.0,100.0,100.0,100.0
532,Bicep_curls,,,,,,7.5,down,Good,Good,50.0,13,,97.5,100.0,100.0,100.0,100.0,75.0,100.0,100.0,100.0
533,Bicep_curls,,,,,,13.2,down,Good,Good,50.0,13,,97.5,100.0,100.0,100.0,100.0,75.0,100.0,100.0,100.0
534,Bicep_curls,,,,,,34.9,down,Good,Good,50.0,13,,97.5,100.0,100.0,100.0,100.0,75.0,100.0,100.0,100.0
535,Bicep_curls,,,,,,66.4,up,Good,Good,50.0,14,,97.5,100.0,100.0,100.0,100.0,75.0,100.0,100.0,100.0
536,Bicep_curls,,,,,,98.5,up,Good,Good,50.0,14,,97.5,100.0,100.0,100.0,100.0,75.0,100.0,100.0,100.0
537,Bicep_curls,,,,,,129.6,up,Good,Good,50.0,14,,97.5,100.0,100.0,100.0,100.0,75.0,100.0,100.0,100.0
538,Bicep_curls,,,,,,158.1,up,Good,Good,50.0,14,,97.5,100.0,100.0,100.0,100.0,75.0,100.0,100.0,100.0
539,Bicep_curls,,,,,,170.9,up,Good,Good,50.0,14,,97.5,100.0,100.0,100.0,100.0,75.0,100.0,100.0,100.0
540,Bicep_curls,,,,,,173.6,up,Good,Good,50.0,14,,97.5,100.0,100.0,100.0,100.0,75.0,100.0,100.0,100.0
541,Bicep_curls,,,,,,175.0,up,Good,Good,50.0,14,,97.5,100.0,100.0,100.0,100.0,75.0,100.0,100.0,100.0
542,Bicep_curls,,,,,,175.8,up,Good,Good,50.0,14,,97.5,100.0,100.0,100.0,100.0,75.0,100.0,100.0,100.0
543,Bicep_curls,,,,,,176.3,up,Good,Good,50.0,14,,97.5,100.0,100.0,100.0,100.0,75.0,100.0,100.0,100.0
544,Bicep_curls,,,,,,176.4,up,Good,Good,50.0,14,,97.5,100.0,100.0,100.0,100.0,75.0,100.0,100.0,100.0
545,Bicep_curls,,,,,,176.2,up,Good,Good,50.0,14,,97.5,100.0,100.0,100.0,100.0,75.0,100.0,100.0,100.0
546,Bicep_curls,,,,,,175.9,up,Good,Good,50.0,14,,97.5,100.0,100.0,100.0,100.0,75.0,100.0,100.0,100.0
547,Bicep_curls,,,,,,175.5,up,Good,Good,50.0,14,,97.5,100.0,100.0,100.0,100.0,75.0,100.0,100.0,100.0
548,Bicep_curls,,,,,,175.1,up,Good,Good,50.0,14,,97.5,100.0,100.0,100.0,100.0,75.0,100.0,100.0,100.0
549,Bicep_curls,,,,,,174.9,up,Good,Good,50.0,14,,97.5,100.0,100.0,100.0,100.0,75.0,100.0,100.0,100.0
550,Bicep_curls,,,,,,174.8,up,Good,Good,50.0,14,,97.5,100.0,100.0,100.0,100.0,75.0,100.0,100.0,100.0
551,Bicep_curls,,,,,,174.9,up,Good,Good,50.0,14,,97.5,100.0,100.0,100.0,100.0,75.0,100.0,100.0,100.0
552,Bicep_curls,,,,,,175.0,up,Good,Good,50.0,14,,97.5,100.0,100.0,100.0,100.0,75.0,100.0,100.0,100.0
553,Bicep_curls,,,,,,175.1,up,Good,Good,50.0,14,,97.5,100.0,100.0,100.0,100.0,75.0,100.0,100.0,100.0
554,Bicep_curls,,,,,,175.2,up,Good,Good,50.0,14,,97.5,100.0,100.0,100.0,100.0,75.0,100.0,100.0,100.0
555,Bicep_curls,,,,,,175.3,up,Good,Good,50.0,14,,97.5,100.0,100.0,100.0,100.0,75.0,100.0,100.0,100.0
556,Bicep_curls,,,,,,175.2,up,Good,Good,50.0,14,,97.5,100.0,100.0,100.0,100.0,75.0,100.0,100.0,100.0
557,Bicep_curls,,,,,,174.9,up,Good,Good,50.0,14,,97.5,100.0,100.0,100.0,100.0,75.0,100.0,100.0,100.0
558,Bicep_curls,,,,,,174.1,up,Good,Good,50.0,14,,97.5,100.0,100.0,100.0,100.0,75.0,100.0,100.0,100.0
559,Bicep_curls,,,,,,173.0,up,Good,Good,50.0,14,,97.5,100.0,100.0,100.0,100.0,75.0,100.0,100.0,100.0
560,Bicep_curls,,,,,,171.1,up,Good,Good,50.0,14,,97.5,100.0,100.0,100.0,100.0,75.0,100.0,100.0,100.0
561,Bicep_curls,,,,,,167.7,up,Good,Good,50.0,14,,97.5,100.0,100.0,100.0,100.0,75.0,100.0,100.0,100.0
562,Bicep_curls,,,,,,160.3,up,Good,Good,50.0,14,,97.5,100.0,100.0,100.0,100.0,75.0,100.0,100.0,100.0
563,Bicep_curls,,,,,,147.1,down,Good,Good,50.0,14,,97.5,100.0,100.0,100.0,100.0,75.0,100.0,100.0,100.0
564,Bicep_curls,,,,,,128.2,down,Good,Good,50.0,14,,97.5,100.0,100.0,100.0,100.0,75.0,100.0,100.0,100.0
565,Bicep_curls,,,,,,105.6,down,Good,Good,50.0,14,,97.5,100.0,100.0,100.0,100.0,75.0,100.0,100.0,100.0
566,Bicep_curls,,,,,,82.2,down,Good,Good,50.0,14,,97.5,100.0,100.0,100.0,100.0,75.0,100.0,100.0,100.0
567,Bicep_curls,,,,,,60.7,down,Good,Good,50.0,14,,97.5,100.0,100.0,100.0,100.0,75.0,100.0,100.0,100.0
568,Bicep_curls,,,,,,43.3,down,Good,Good,50.0,14,,97.5,100.0,100.0,100.0,100.0,75.0,100.0,100.0,100.0
569,Bicep_curls,,,,,,31.0,down,Good,Good,50.0,14,,97.5,100.0,100.0,100.0,100.0,75.0,100.0,100.0,100.0
570,Bicep_curls,,,,,,22.5,down,Good,Good,50.0,14,,97.5,100.0,100.0,100.0,100.0,75.0,100.0,100.0,100.0
571,Bicep_curls,,,,,,15.9,down,Good,Good,50.0,14,,97.5,100.0,100.0,100.0,100.0,75.0,100.0,100.0,100.0
572,Bicep_curls,,,,,,11.6,down,Good,Good,50.0,14,,97.5,100.0,100.0,100.0,100.0,75.0,100.0,100.0,100.0
573,Bicep_curls,,,,,,9.2,down,Good,Good,50.0,14,,97.5,100.0,100.0,100.0,100.0,75.0,100.0,100.0,100.0
574,Bicep_curls,,,,,,7.7,down,Good,Good,50.0,14,,97.5,100.0,100.0,100.0,100.0,75.0,100.0,100.0,100.0
575,Bicep_curls,,,,,,6.8,down,Good,Good,50.0,14,,97.5,100.0,100.0,100.0,100.0,75.0,100.0,100.0,100.0
576,Bicep_curls,,,,,,6.3,down,Good,Good,50.0,14,,97.5,100.0,100.0,100.0,100.0,75.0,100.0,100.0,100.0
577,Bicep_curls,,,,,,5.9,down,Good,Good,50.0,14,,97.5,100.0,100.0,100.0,100.0,75.0,100.0,100.0,100.0
578,Bicep_curls,,,,,,5.6,down,Good,Good,50.0,14,,97.5,100.0,100.0,100.0,100.0,75.0,100.0,100.0,100.0
579,Bicep_curls,,,,,,5.4,down,Good,Good,50.0,14,,97.5,100.0,100.0,100.0,100.0,75.0,100.0,100.0,100.0
580,Bicep_curls,,,,,,5.3,down,Good,Good,50.0,14,,97.5,100.0,100.0,100.0,100.0,75.0,100.0,100.0,100.0
581,Bicep_curls,,,,,,5.3,down,Good,Good,50.0,14,,97.5,100.0,100.0,100.0,100.0,75.0,100.0,100.0,100.0
582,Bicep_curls,,,,,,5.4,down,Good,Good,50.0,14,,97.5,100.0,100.0,100.0,100.0,75.0,100.0,100.0,100.0
583,Bicep_curls,,,,,,6.3,down,Good,Good,50.0,14,,97.5,100.0,100.0,100.0,100.0,75.0,100.0,100.0,100.0
584,Bicep_curls,,,,,,8.1,down,Good,Good,50.0,14,,97.5,100.0,100.0,100.0,100.0,75.0,100.0,100.0,100.0
585,Bicep_curls,,,,,,12.6,down,Good,Good,50.0,14,,97.5,100.0,100.0,100.0,100.0,75.0,100.0,100.0,100.0
586,Bicep_curls,,,,,,36.1,down,Good,Good,50.0,14,,97.5,100.0,100.0,100.0,100.0,75.0,100.0,100.0,100.0
587,Bicep_curls,,,,,,67.2,up,Good,Good,50.0,15,,97.5,100.0,100.0,100.0,100.0,75.0,100.0,100.0,100.0
588,Bicep_curls,,,,,,99.0,up,Good,Good,50.0,15,,97.5,100.0,100.0,100.0,100.0,75.0,100.0,100.0,100.0
589,Bicep_curls,,,,,,130.6,up,Good,Good,50.0,15,,97.5,100.0,100.0,100.0,100.0,75.0,100.0,100.0,100.0
590,Bicep_curls,,,,,,159.7,up,Good,Good,50.0,15,,97.5,100.0,100.0,100.0,100.0,75.0,100.0,100.0,100.0
591,Bicep_curls,,,,,,170.1,up,Good,Good,50.0,15,,97.5,100.0,100.0,100.0,100.0,75.0,100.0,100.0,100.0
592,Bicep_curls,,,,,,172.8,up,Good,Good,50.0,15,,97.5,100.0,100.0,100.0,100.0,75.0,100.0,100.0,100.0
593,Bicep_curls,,,,,,174.0,up,Good,Good,50.0,15,,97.5,100.0,100.0,100.0,100.0,75.0,100.0,100.0,100.0
594,Bicep_curls,,,,,,174.4,up,Good,Good,50.0,15,,97.5,100.0,100.0,100.0,100.0,75.0,100.0,100.0,100.0
595,Bicep_curls,,,,,,174.5,up,Good,Good,50.0,15,,97.5,100.0,100.0,100.0,100.0,75.0,100.0,100.0,100.0
596,Bicep_curls,,,,,,174.2,up,Good,Good,50.0,15,,97.5,100.0,100.0,100.0,100.0,75.0,100.0,100.0,100.0
597,Bicep_curls,,,,,,172.7,up,Good,Good,50.0,15,,97.5,100.0,100.0,100.0,100.0,75.0,100.0,100.0,100.0
598,Bicep_curls,,,,,,162.2,down,Good,Good,50.0,15,,97.5,100.0,100.0,100.0,100.0,75.0,100.0,100.0,100.0
599,Bicep_curls,,,,,,132.5,down,Good,Good,50.0,15,,97.5,100.0,100.0,100.0,100.0,75.0,100.0,100.0,100.0
600,Bicep_curls,,,,,,101.6,down,Good,Good,50.0,15,,97.5,100.0,100.0,100.0,100.0,75.0,100.0,100.0,100.0
601,Bicep_curls,,,,,,69.2,down,Good,Good,50.0,15,,97.5,100.0,100.0,100.0,100.0,75.0,100.0,100.0,100.0
602,Bicep_curls,,,,,,37.0,down,Good,Good,50.0,15,,97.5,100.0,100.0,100.0,100.0,75.0,100.0,100.0,100.0
603,Bicep_curls,,,,,,13.2,down,Good,Good,50.0,15,,97.5,100.0,100.0,100.0,100.0,75.0,100.0,100.0,100.0
604,Bicep_curls,,,,,,8.5,down,Good,Good,50.0,15,,97.5,100.0,100.0,100.0,100.0,75.0,100.0,100.0,100.0
605,Bicep_curls,,,,,,5.0,down,Good,Good,50.0,15,,97.5,100.0,100.0,100.0,100.0,75.0,100.0,100.0,100.0
606,Bicep_curls,,,,,,2.9,down,Good,Good,50.0,15,,97.5,100.0,100.0,100.0,100.0,75.0,100.0,100.0,100.0
607,Bicep_curls,,,,,,1.8,down,Good,Good,50.0,15,,97.5,100.0,100.0,100.0,100.0,75.0,100.0,100.0,100.0
608,Bicep_curls,,,,,,1.3,down,Good,Good,50.0,15,,97.5,100.0,100.0,100.0,100.0,75.0,100.0,100.0,100.0
609,Bicep_curls,,,,,,1.1,down,Good,Good,50.0,15,,97.5,100.0,100.0,100.0,100.0,75.0,100.0,100.0,100.0
610,Bicep_curls,,,,,,1.3,down,Good,Good,50.0,15,,97.5,100.0,100.0,100.0,100.0,75.0,100.0,100.0,100.0
611,Bicep_curls,,,,,,2.0,down,Good,Good,50.0,15,,97.5,100.0,100.0,100.0,100.0,75.0,100.0,100.0,100.0
612,Bicep_curls,,,,,,2.8,down,Good,Good,50.0,15,,97.5,100.0,100.0,100.0,100.0,75.0,100.0,100.0,100.0
613,Bicep_curls,,,,,,4.0,down,Good,Good,50.0,15,,97.5,100.0,100.0,100.0,100.0,75.0,100.0,100.0,100.0
614,Bicep_curls,,,,,,13.6,down,Good,Good,50.0,15,,97.5,100.0,100.0,100.0,100.0,75.0,100.0,100.0,100.0
615,Bicep_curls,,,,,,40.8,up,Good,Good,50.0,16,,97.5,100.0,100.0,100.0,100.0,75.0,100.0,100.0,100.0
616,Bicep_curls,,,,,,71.1,up,Good,Good,50.0,16,,97.5,100.0,100.0,100.0,100.0,75.0,100.0,100.0,100.0
617,Bicep_curls,,,,,,102.6,up,Good,Good,50.0,16,,97.5,100.0,100.0,100.0,100.0,75.0,100.0,100.0,100.0
618,Bicep_curls,,,,,,133.9,up,Good,Good,50.0,16,,97.5,100.0,100.0,100.0,100.0,75.0,100.0,100.0,100.0
619,Bicep_curls,,,,,,157.5,up,Good,Good,50.0,16,,97.5,100.0,100.0,100.0,100.0,75.0,100.0,100.0,100.0
620,Bicep_curls,,,,,,163.5,up,Good,Good,50.0,16,,97.5,100.0,100.0,100.0,100.0,75.0,100.0,100.0,100.0
621,Bicep_curls,,,,,,166.1,up,Good,Good,50.0,16,,97.5,100.0,100.0,100.0,100.0,75.0,100.0,100.0,100.0
622,Bicep_curls,,,,,,167.7,up,Good,Good,50.0,16,,97.5,100.0,100.0,100.0,100.0,75.0,100.0,100.0,100.0
623,Bicep_curls,,,,,,169.0,up,Good,Good,50.0,16,,97.5,100.0,100.0,100.0,100.0,75.0,100.0,100.0,100.0
624,Bicep_curls,,,,,,169.7,up,Good,Good,50.0,16,,97.5,100.0,100.0,100.0,100.0,75.0,100.0,100.0,100.0
625,Bicep_curls,,,,,,170.1,up,Good,Good,50.0,16,,97.5,100.0,100.0,100.0,100.0,75.0,100.0,100.0,100.0
626,Bicep_curls,,,,,,170.3,up,Good,Good,50.0,16,,97.5,100.0,100.0,100.0,100.0,75.0,100.0,100.0,100.0
627,Bicep_curls,,,,,,170.3,up,Good,Good,50.0,16,,97.5,100.0,100.0,100.0,100.0,75.0,100.0,100.0,100.0
628,Bicep_curls,,,,,,170.3,up,Good,Good,50.0,16,,97.5,100.0,100.0,100.0,100.0,75.0,100.0,100.0,100.0
629,Bicep_curls,,,,,,170.2,up,Good,Good,50.0,16,,97.5,100.0,100.0,100.0,100.0,75.0,100.0,100.0,100.0
630,Bicep_curls,,,,,,169.9,up,Good,Good,50.0,16,,97.5,100.0,100.0,100.0,100.0,75.0,100.0,100.0,100.0
631,Bicep_curls,,,,,,169.5,up,Good,Good,50.0,16,,97.5,100.0,100.0,100.0,100.0,75.0,100.0,100.0,100.0
632,Bicep_curls,,,,,,168.7,up,Good,Good,50.0,16,,97.5,100.0,100.0,100.0,100.0,75.0,100.0,100.0,100.0
633,Bicep_curls,,,,,,165.7,up,Good,Good,50.0,16,,97.5,100.0,100.0,100.0,100.0,75.0,100.0,100.0,100.0
634,Bicep_curls,,,,,,155.0,down,Good,Good,50.0,16,,97.5,100.0,100.0,100.0,100.0,75.0,100.0,100.0,100.0
635,Bicep_curls,,,,,,134.8,down,Good,Good,50.0,16,,97.5,100.0,100.0,100.0,100.0,75.0,100.0,100.0,100.0
636,Bicep_curls,,,,,,108.2,down,Good,Good,50.0,16,,97.5,100.0,100.0,100.0,100.0,75.0,100.0,100.0,100.0
637,Bicep_curls,,,,,,80.9,down,Good,Good,50.0,16,,97.5,100.0,100.0,100.0,100.0,75.0,100.0,100.0,100.0
638,Bicep_curls,,,,,,53.5,down,Good,Good,50.0,16,,97.5,100.0,100.0,100.0,100.0,75.0,100.0,100.0,100.0
639,Bicep_curls,,,,,,33.1,down,Good,Good,50.0,16,,97.5,100.0,100.0,100.0,100.0,75.0,100.0,100.0,100.0
640,Bicep_curls,,,,,,21.7,down,Good,Good,50.0,16,,97.5,100.0,100.0,100.0,100.0,75.0,100.0,100.0,100.0
641,Bicep_curls,,,,,,16.7,down,Good,Good,50.0,16,,97.5,100.0,100.0,100.0,100.0,75.0,100.0,100.0,100.0
642,Bicep_curls,,,,,,12.7,down,Good,Good,50.0,16,,97.5,100.0,100.0,100.0,100.0,75.0,100.0,100.0,100.0
643,Bicep_curls,,,,,,10.9,down,Good,Good,50.0,16,,97.5,100.0,100.0,100.0,100.0,75.0,100.0,100.0,100.0
644,Bicep_curls,,,,,,9.7,down,Good,Good,50.0,16,,97.5,100.0,100.0,100.0,100.0,75.0,100.0,100.0,100.0
645,Bicep_curls,,,,,,9.1,down,Good,Good,50.0,16,,97.5,100.0,100.0,100.0,100.0,75.0,100.0,100.0,100.0
646,Bicep_curls,,,,,,8.7,down,Good,Good,50.0,16,,97.5,100.0,100.0,100.0,100.0,75.0,100.0,100.0,100.0
647,Bicep_curls,,,,,,8.2,down,Good,Good,50.0,16,,97.5,100.0,100.0,100.0,100.0,75.0,100.0,100.0,100.0
648,Bicep_curls,,,,,,7.8,down,Good,Good,50.0,16,,97.5,100.0,100.0,100.0,100.0,75.0,100.0,100.0,100.0
649,Bicep_curls,,,,,,7.2,down,Good,Good,50.0,16,,97.5,100.0,100.0,100.0,100.0,75.0,100.0,100.0,100.0
650,Bicep_curls,,,,,,6.6,down,Good,Good,50.0,16,,97.5,100.0,100.0,100.0,100.0,75.0,100.0,100.0,100.0
651,Bicep_curls,,,,,,6.1,down,Good,Good,50.0,16,,97.5,100.0,100.0,100.0,100.0,75.0,100.0,100.0,100.0
652,Bicep_curls,,,,,,5.7,down,Good,Good,50.0,16,,97.5,100.0,100.0,100.0,100.0,75.0,100.0,100.0,100.0
653,Bicep_curls,,,,,,5.5,down,Good,Good,50.0,16,,97.5,100.0,100.0,100.0,100.0,75.0,100.0,100.0,100.0
654,Bicep_curls,,,,,,5.4,down,Good,Good,50.0,16,,97.5,100.0,100.0,100.0,100.0,75.0,100.0,100.0,100.0
655,Bicep_curls,,,,,,5.5,down,Good,Good,50.0,16,,97.5,100.0,100.0,100.0,100.0,75.0,100.0,100.0,100.0
656,Bicep_curls,,,,,,5.4,down,Good,Good,50.0,16,,97.5,100.0,100.0,100.0,100.0,75.0,100.0,100.0,100.0
657,Bicep_curls,,,,,,5.4,down,Good,Good,50.0,16,,97.5,100.0,100.0,100.0,100.0,75.0,100.0,100.0,100.0
658,Bicep_curls,,,,,,5.4,down,Good,Good,50.0,16,,97.5,100.0,100.0,100.0,100.0,75.0,100.0,100.0,100.0
659,Bicep_curls,,,,,,5.4,down,Good,Good,50.0,16,,97.5,100.0,100.0,100.0,100.0,75.0,100.0,100.0,100.0
660,Bicep_curls,,,,,,5.3,down,Good,Good,50.0,16,,97.5,100.0,100.0,100.0,100.0,75.0,100.0,100.0,100.0
661,Bicep_curls,,,,,,5.2,down,Good,Good,50.0,16,,97.5,100.0,100.0,100.0,100.0,75.0,100.0,100.0,100.0
662,Bicep_curls,,,,,,5.0,down,Good,Good,50.0,16,,97.5,100.0,100.0,100.0,100.0,75.0,100.0,100.0,100.0
663,Bicep_curls,,,,,,4.6,down,Good,Good,50.0,16,,97.5,100.0,100.0,100.0,100.0,75.0,100.0,100.0,100.0
664,Bicep_curls,,,,,,4.0,down,Good,Good,50.0,16,,97.5,100.0,100.0,100.0,100.0,75.0,100.0,100.0,100.0
665,Bicep_curls,,,,,,3.5,down,Good,Good,50.0,16,,97.5,100.0,100.0,100.0,100.0,75.0,100.0,100.0,100.0
666,Bicep_curls,,,,,,2.9,down,Good,Good,50.0,16,,97.5,100.0,100.0,100.0,100.0,75.0,100.0,100.0,100.0
667,Bicep_curls,,,,,,2.4,down,Good,Good,50.0,16,,97.5,100.0,100.0,100.0,100.0,75.0,100.0,100.0,100.0
668,Bicep_curls,,,,,,2.1,down,Good,Good,50.0,16,,97.5,100.0,100.0,100.0,100.0,75.0,100.0,100.0,100.0
669,Bicep_curls,,,,,,1.8,down,Good,Good,50.0,16,,97.5,100.0,100.0,100.0,100.0,75.0,100.0,100.0,100.0
670,Bicep_curls,,,,,,1.7,down,Good,Good,50.0,16,,97.5,100.0,100.0,100.0,100.0,75.0,100.0,100.0,100.0
671,Bicep_curls,,,,,,1.5,down,Good,Good,50.0,16,,97.5,100.0,100.0,100.0,100.0,75.0,100.0,100.0,100.0
672,Bicep_curls,,,,,,1.4,down,Good,Good,50.0,16,,97.5,100.0,100.0,100.0,100.0,75.0,100.0,100.0,100.0
673,Bicep_curls,,,,,,1.2,down,Good,Good,50.0,16,,97.5,100.0,100.0,100.0,100.0,75.0,100.0,100.0,100.0
674,Bicep_curls,,,,,,1.1,down,Good,Good,50.0,16,,97.5,100.0,100.0,100.0,100.0,75.0,100.0,100.0,100.0
675,Bicep_curls,,,,,,0.9,down,Good,Good,50.0,16,,97.5,100.0,100.0,100.0,100.0,75.0,100.0,100.0,100.0
676,Bicep_curls,,,,,,0.7,down,Good,Good,50.0,16,,97.5,100.0,100.0,100.0,100.0,75.0,100.0,100.0,100.0
677,Bicep_curls,,,,,,0.6,down,Good,Good,50.0,16,,97.5,100.0,100.0,100.0,100.0,75.0,100.0,100.0,100.0
678,Bicep_curls,,,,,,0.6,down,Good,Good,50.0,16,,97.5,100.0,100.0,100.0,100.0,75.0,100.0,100.0,100.0
679,Bicep_curls,,,,,,0.9,down,Good,Good,50.0,16,,97.5,100.0,100.0,100.0,100.0,75.0,100.0,100.0,100.0
680,Bicep_curls,,,,,,1.2,down,Good,Good,50.0,16,,97.5,100.0,100.0,100.0,100.0,75.0,100.0,100.0,100.0
681,Bicep_curls,,,,,,1.5,down,Good,Good,50.0,16,,97.5,100.0,100.0,100.0,100.0,75.0,100.0,100.0,100.0
682,Bicep_curls,,,,,,1.8,down,Good,Good,50.0,16,,97.5,100.0,100.0,100.0,100.0,75.0,100.0,100.0,100.0
683,Bicep_curls,,,,,,2.0,down,Good,Good,50.0,16,,97.5,100.0,100.0,100.0,100.0,75.0,100.0,100.0,100.0
684,Bicep_curls,,,,,,2.0,down,Good,Good,50.0,16,,97.5,100.0,100.0,100.0,100.0,75.0,100.0,100.0,100.0
685,Bicep_curls,,,,,,2.3,down,Good,Good,50.0,16,,97.5,100.0,100.0,100.0,100.0,75.0,100.0,100.0,100.0
686,Bicep_curls,,,,,,3.1,down,Good,Good,50.0,16,,97.5,100.0,100.0,100.0,100.0,75.0,100.0,100.0,100.0
687,Bicep_curls,,,,,,3.9,down,Good,Good,50.0,16,,97.5,100.0,100.0,100.0,100.0,75.0,100.0,100.0,100.0
688,Bicep_curls,,,,,,4.7,down,Good,Good,50.0,16,,97.5,100.0,100.0,100.0,100.0,75.0,100.0,100.0,100.0
689,Bicep_curls,,,,,,5.7,down,Good,Good,50.0,16,,97.5,100.0,100.0,100.0,100.0,75.0,100.0,100.0,100.0
690,Bicep_curls,,,,,,6.9,down,Good,Good,50.0,16,,97.5,100.0,100.0,100.0,100.0,75.0,100.0,100.0,100.0
691,Bicep_curls,,,,,,7.7,down,Good,Good,50.0,16,,97.5,100.0,100.0,100.0,100.0,75.0,100.0,100.0,100.0
692,Bicep_curls,,,,,,9.7,down,Good,Good,50.0,16,,97.5,100.0,100.0,100.0,100.0,75.0,100.0,100.0,100.0
693,Bicep_curls,,,,,,11.7,down,Good,Good,50.0,16,,97.5,100.0,100.0,100.0,100.0,75.0,100.0,100.0,100.0
694,Bicep_curls,,,,,,14.6,down,Good,Good,50.0,16,,97.5,100.0,100.0,100.0,100.0,75.0,100.0,100.0,100.0
695,Bicep_curls,,,,,,18.4,down,Good,Good,50.0,16,,97.5,100.0,100.0,100.0,100.0,75.0,100.0,100.0,100.0
696,Bicep_curls,,,,,,23.1,down,Good,Good,50.0,16,,97.5,100.0,100.0,100.0,100.0,75.0,100.0,100.0,100.0
697,Bicep_curls,,,,,,27.7,down,Good,Good,50.0,16,,97.5,100.0,100.0,100.0,100.0,75.0,100.0,100.0,100.0
698,Bicep_curls,,,,,,33.9,down,Good,Good,50.0,16,,97.5,100.0,100.0,100.0,100.0,75.0,100.0,100.0,100.0
699,Bicep_curls,,,,,,39.2,down,Good,Good,50.0,16,,97.5,100.0,100.0,100.0,100.0,75.0,100.0,100.0,100.0
700,Bicep_curls,,,,,,43.6,down,Good,Good,50.0,16,,97.5,100.0,100.0,100.0,100.0,75.0,100.0,100.0,100.0
701,Bicep_curls,,,,,,46.2,down,Good,Good,50.0,16,,97.5,100.0,100.0,100.0,100.0,75.0,100.0,100.0,100.0
702,Bicep_curls,,,,,,47.4,down,Good,Good,50.0,16,,97.5,100.0,100.0,100.0,100.0,75.0,100.0,100.0,100.0
703,Bicep_curls,,,,,,45.3,down,Good,Good,50.0,16,,97.5,100.0,100.0,100.0,100.0,75.0,100.0,100.0,100.0
704,Bicep_curls,,,,,,40.4,down,Good,Good,50.0,16,,97.5,100.0,100.0,100.0,100.0,75.0,100.0,100.0,100.0
705,Bicep_curls,,,,,,33.1,down,Good,Good,50.0,16,,97.5,100.0,100.0,100.0,100.0,75.0,100.0,100.0,100.0
706,Bicep_curls,,,,,,25.7,down,Good,Good,50.0,16,,97.5,100.0,100.0,100.0,100.0,75.0,100.0,100.0,100.0
707,Bicep_curls,,,,,,17.7,down,Good,Good,50.0,16,,97.5,100.0,100.0,100.0,100.0,75.0,100.0,100.0,100.0
708,Bicep_curls,,,,,,10.8,down,Good,Good,50.0,16,,97.5,100.0,100.0,100.0,100.0,75.0,100.0,100.0,100.0
709,Bicep_curls,,,,,,6.3,down,Good,Good,50.0,16,,97.5,100.0,100.0,100.0,100.0,75.0,100.0,100.0,100.0
710,Bicep_curls,,,,,,3.6,down,Good,Good,50.0,16,,97.5,100.0,100.0,100.0,100.0,75.0,100.0,100.0,100.0
711,Bicep_curls,,,,,,2.2,down,Good,Good,50.0,16,,97.5,100.0,100.0,100.0,100.0,75.0,100.0,100.0,100.0
712,Bicep_curls,,,,,,1.4,down,Good,Good,50.0,16,,97.5,100.0,100.0,100.0,100.0,75.0,100.0,100.0,100.0
713,Bicep_curls,,,,,,0.9,down,Good,Good,50.0,16,,97.5,100.0,100.0,100.0,100.0,75.0,100.0,100.0,100.0
714,Bicep_curls,,,,,,1.3,down,Good,Good,50.0,16,,97.5,100.0,100.0,100.0,100.0,75.0,100.0,100.0,100.0
715,Bicep_curls,,,,,,2.2,down,Good,Good,50.0,16,,97.5,100.0,100.0,100.0,100.0,75.0,100.0,100.0,100.0
716,Bicep_curls,,,,,,3.2,down,Good,Good,50.0,16,,97.5,100.0,100.0,100.0,100.0,75.0,100.0,100.0,100.0
717,Bicep_curls,,,,,,4.3,down,Good,Good,50.0,16,,97.5,100.0,100.0,100.0,100.0,75.0,100.0,100.0,100.0
718,Bicep_curls,,,,,,5.5,down,Good,Good,50.0,16,,97.5,100.0,100.0,100.0,100.0,75.0,100.0,100.0,100.0
719,Bicep_curls,,,,,,6.1,down,Good,Good,50.0,16,,97.5,100.0,100.0,100.0,100.0,75.0,100.0,100.0,100.0
720,Bicep_curls,,,,,,6.8,down,Good,Good,50.0,16,,97.5,100.0,100.0,100.0,100.0,75.0,100.0,100.0,100.0
721,Bicep_curls,,,,,,7.4,down,Good,Good,50.0,16,,97.5,100.0,100.0,100.0,100.0,75.0,100.0,100.0,100.0
722,Bicep_curls,,,,,,8.3,down,Good,Good,50.0,16,,97.5,100.0,100.0,100.0,100.0,75.0,100.0,100.0,100.0
723,Bicep_curls,,,,,,9.5,down,Good,Good,50.0,16,,97.5,100.0,100.0,100.0,100.0,75.0,100.0,100.0,100.0
724,Bicep_curls,,,,,,10.6,down,Good,Good,50.0,16,,97.5,100.0,100.0,100.0,100.0,75.0,100.0,100.0,100.0
725,Bicep_curls,,,,,,11.2,down,Good,Good,50.0,16,,97.5,100.0,100.0,100.0,100.0,75.0,100.0,100.0,100.0
726,Bicep_curls,,,,,,11.5,down,Good,Good,50.0,16,,97.5,100.0,100.0,100.0,100.0,75.0,100.0,100.0,100.0
727,Bicep_curls,,,,,,11.6,down,Good,Good,50.0,16,,97.5,100.0,100.0,100.0,100.0,75.0,100.0,100.0,100.0
728,Bicep_curls,,,,,,11.6,down,Good,Good,50.0,16,,97.5,100.0,100.0,100.0,100.0,75.0,100.0,100.0,100.0
729,Bicep_curls,,,,,,11.4,down,Good,Good,50.0,16,,97.5,100.0,100.0,100.0,100.0,75.0,100.0,100.0,100.0
730,Bicep_curls,,,,,,11.3,down,Good,Good,50.0,16,,97.5,100.0,100.0,100.0,100.0,75.0,100.0,100.0,100.0
731,Bicep_curls,,,,,,11.1,down,Good,Good,50.0,16,,97.5,100.0,100.0,100.0,100.0,75.0,100.0,100.0,100.0
732,Bicep_curls,,,,,,11.0,down,Good,Good,50.0,16,,97.5,100.0,100.0,100.0,100.0,75.0,100.0,100.0,100.0
733,Bicep_curls,,,,,,10.8,down,Good,Good,50.0,16,,97.5,100.0,100.0,100.0,100.0,75.0,100.0,100.0,100.0
734,Bicep_curls,,,,,,10.6,down,Good,Good,50.0,16,,97.5,100.0,100.0,100.0,100.0,75.0,100.0,100.0,100.0
735,Bicep_curls,,,,,,10.4,down,Good,Good,50.0,16,,97.5,100.0,100.0,100.0,100.0,75.0,100.0,100.0,100.0
736,Bicep_curls,,,,,,10.1,down,Good,Good,50.0,16,,97.5,100.0,100.0,100.0,100.0,75.0,100.0,100.0,100.0
737,Bicep_curls,,,,,,9.7,down,Good,Good,50.0,16,,97.5,100.0,100.0,100.0,100.0,75.0,100.0,100.0,100.0
738,Bicep_curls,,,,,,9.3,down,Good,Good,50.0,16,,97.5,100.0,100.0,100.0,100.0,75.0,100.0,100.0,100.0
739,Bicep_curls,,,,,,9.0,down,Good,Good,50.0,16,,97.5,100.0,100.0,100.0,100.0,75.0,100.0,100.0,100.0
740,Bicep_curls,,,,,,8.9,down,Good,Good,50.0,16,,97.5,100.0,100.0,100.0,100.0,75.0,100.0,100.0,100.0
741,Bicep_curls,,,,,,9.0,down,Good,Good,50.0,16,,97.5,100.0,100.0,100.0,100.0,75.0,100.0,100.0,100.0
742,Bicep_curls,,,,,,9.2,down,Good,Good,50.0,16,,97.5,100.0,100.0,100.0,100.0,75.0,100.0,100.0,100.0
743,Bicep_curls,,,,,,9.6,down,Good,Good,50.0,16,,97.5,100.0,100.0,100.0,100.0,75.0,100.0,100.0,100.0
744,Bicep_curls,,,,,,9.9,down,Good,Good,50.0,16,,97.5,100.0,100.0,100.0,100.0,75.0,100.0,100.0,100.0
745,Bicep_curls,,,,,,9.9,down,Good,Good,50.0,16,,97.5,100.0,100.0,100.0,100.0,75.0,100.0,100.0,100.0
746,Bicep_curls,,,,,,9.6,down,Good,Good,50.0,16,,97.5,100.0,100.0,100.0,100.0,75.0,100.0,100.0,100.0
747,Bicep_curls,,,,,,9.2,down,Good,Good,50.0,16,,97.5,100.0,100.0,100.0,100.0,75.0,100.0,100.0,100.0
748,Bicep_curls,,,,,,8.6,down,Good,Good,50.0,16,,97.5,100.0,100.0,100.0,100.0,75.0,100.0,100.0,100.0
749,Bicep_curls,,,,,,8.0,down,Good,Good,50.0,16,,97.5,100.0,100.0,100.0,100.0,75.0,100.0,100.0,100.0
750,Bicep_curls,,,,,,7.6,down,Good,Good,50.0,16,,97.5,100.0,100.0,100.0,100.0,75.0,100.0,100.0,100.0
751,Bicep_curls,,,,,,7.4,down,Good,Good,50.0,16,,97.5,100.0,100.0,100.0,100.0,75.0,100.0,100.0,100.0
752,Bicep_curls,,,,,,7.3,down,Good,Good,50.0,16,,97.5,100.0,100.0,100.0,100.0,75.0,100.0,100.0,100.0
753,Bicep_curls,,,,,,7.2,down,Good,Good,50.0,16,,97.5,100.0,100.0,100.0,100.0,75.0,100.0,100.0,100.0
754,Bicep_curls,,,,,,7.3,down,Good,Good,50.0,16,,97.5,100.0,100.0,100.0,100.0,75.0,100.0,100.0,100.0
755,Bicep_curls,,,,,,7.2,down,Good,Good,50.0,16,,97.5,100.0,100.0,100.0,100.0,75.0,100.0,100.0,100.0
756,Bicep_curls,,,,,,7.1,down,Good,Good,50.0,16,,97.5,100.0,100.0,100.0,100.0,75.0,100.0,100.0,100.0
757,Bicep_curls,,,,,,7.2,down,Good,Good,50.0,16,,97.5,100.0,100.0,100.0,100.0,75.0,100.0,100.0,100.0
758,Bicep_curls,,,,,,7.7,down,Good,Good,50.0,16,,97.5,100.0,100.0,100.0,100.0,75.0,100.0,100.0,100.0
759,Bicep_curls,,,,,,8.6,down,Good,Good,50.0,16,,97.5,100.0,100.0,100.0,100.0,75.0,100.0,100.0,100.0
760,Bicep_curls,,,,,,10.0,down,Good,Good,50.0,16,,97.5,100.0,100.0,100.0,100.0,75.0,100.0,100.0,100.0
761,Bicep_curls,,,,,,11.7,down,Good,Good,50.0,16,,97.5,100.0,100.0,100.0,100.0,75.0,100.0,100.0,100.0
762,Bicep_curls,,,,,,13.1,down,Good,Good,50.0,16,,97.5,100.0,100.0,100.0,100.0,75.0,100.0,100.0,100.0
763,Bicep_curls,,,,,,14.0,down,Good,Good,50.0,16,,97.5,100.0,100.0,100.0,100.0,75.0,100.0,100.0,100.0
764,Bicep_curls,,,,,,14.3,down,Good,Good,50.0,16,,97.5,100.0,100.0,100.0,100.0,75.0,100.0,100.0,100.0
765,Bicep_curls,,,,,,13.5,down,Good,Good,50.0,16,,97.5,100.0,100.0,100.0,100.0,75.0,100.0,100.0,100.0
766,Bicep_curls,,,,,,12.0,down,Good,Good,50.0,16,,97.5,100.0,100.0,100.0,100.0,75.0,100.0,100.0,100.0
767,Bicep_curls,,,,,,10.4,down,Good,Good,50.0,16,,97.5,100.0,100.0,100.0,100.0,75.0,100.0,100.0,100.0
768,Bicep_curls,,,,,,9.1,down,Good,Good,50.0,16,,97.5,100.0,100.0,100.0,100.0,75.0,100.0,100.0,100.0
769,Bicep_curls,,,,,,7.9,down,Good,Good,50.0,16,,97.5,100.0,100.0,100.0,100.0,75.0,100.0,100.0,100.0
770,Bicep_curls,,,,,,7.4,down,Good,Good,50.0,16,,97.5,100.0,100.0,100.0,100.0,75.0,100.0,100.0,100.0
771,Bicep_curls,,,,,,7.4,down,Good,Good,50.0,16,,97.5,100.0,100.0,100.0,100.0,75.0,100.0,100.0,100.0
772,Bicep_curls,,,,,,7.5,down,Good,Good,50.0,16,,97.5,100.0,100.0,100.0,100.0,75.0,100.0,100.0,100.0
773,Bicep_curls,,,,,,7.6,down,Good,Good,50.0,16,,97.5,100.0,100.0,100.0,100.0,75.0,100.0,100.0,100.0
774,Bicep_curls,,,,,,8.4,down,Good,Good,50.0,16,,97.5,100.0,100.0,100.0,100.0,75.0,100.0,100.0,100.0
775,Bicep_curls,,,,,,10.8,down,Good,Good,50.0,16,,97.5,100.0,100.0,100.0,100.0,75.0,100.0,100.0,100.0
776,Bicep_curls,,,,,,14.2,down,Good,Good,50.0,16,,97.5,100.0,100.0,100.0,100.0,75.0,100.0,100.0,100.0
777,Bicep_curls,,,,,,18.1,down,Good,Good,50.0,16,,97.5,100.0,100.0,100.0,100.0,75.0,100.0,100.0,100.0
778,Bicep_curls,,,,,,22.3,down,Good,Good,50.0,16,,97.5,100.0,100.0,100.0,100.0,75.0,100.0,100.0,100.0
779,Bicep_curls,,,,,,27.2,down,Good,Good,50.0,16,,97.5,100.0,100.0,100.0,100.0,75.0,100.0,100.0,100.0
780,Bicep_curls,,,,,,31.7,down,Good,Good,50.0,16,,97.5,100.0,100.0,100.0,100.0,75.0,100.0,100.0,100.0
781,Bicep_curls,,,,,,36.6,down,Good,Good,50.0,16,,97.5,100.0,100.0,100.0,100.0,75.0,100.0,100.0,100.0
782,Bicep_curls,,,,,,42.5,down,Good,Good,50.0,16,,97.5,100.0,100.0,100.0,100.0,75.0,100.0,100.0,100.0
783,Bicep_curls,,,,,,49.2,down,Good,Good,50.0,16,,97.5,100.0,100.0,100.0,100.0,75.0,100.0,100.0,100.0
784,Bicep_curls,,,,,,54.9,down,Good,Good,50.0,16,,97.5,100.0,100.0,100.0,100.0,75.0,100.0,100.0,100.0
785,Bicep_curls,,,,,,59.4,down,Good,Good,50.0,16,,97.5,100.0,100.0,100.0,100.0,75.0,100.0,100.0,100.0
786,Bicep_curls,,,,,,62.4,down,Good,Good,50.0,16,,97.5,100.0,100.0,100.0,100.0,75.0,100.0,100.0,100.0
787,Bicep_curls,,,,,,63.6,down,Good,Good,50.0,16,,97.5,100.0,100.0,100.0,100.0,75.0,100.0,100.0,100.0
788,Bicep_curls,,,,,,63.7,down,Good,Good,50.0,16,,97.5,100.0,100.0,100.0,100.0,75.0,100.0,100.0,100.0
789,Bicep_curls,,,,,,63.1,down,Good,Good,50.0,16,,97.5,100.0,100.0,100.0,100.0,75.0,100.0,100.0,100.0
790,Bicep_curls,,,,,,62.4,down,Good,Good,50.0,16,,97.5,100.0,100.0,100.0,100.0,75.0,100.0,100.0,100.0
791,Bicep_curls,,,,,,61.5,down,Good,Good,50.0,16,,97.5,100.0,100.0,100.0,100.0,75.0,100.0,100.0,100.0
792,Bicep_curls,,,,,,60.6,down,Good,Good,50.0,16,,97.5,100.0,100.0,100.0,100.0,75.0,100.0,100.0,100.0
793,Bicep_curls,,,,,,59.2,down,Good,Good,50.0,16,,97.5,100.0,100.0,100.0,100.0,75.0,100.0,100.0,100.0
794,Bicep_curls,,,,,,57.3,down,Good,Good,50.0,16,,97.5,100.0,100.0,100.0,100.0,75.0,100.0,100.0,100.0
795,Bicep_curls,,,,,,52.4,down,Good,Good,50.0,16,,97.5,100.0,100.0,100.0,100.0,75.0,100.0,100.0,100.0
796,Bicep_curls,,,,,,44.5,down,Good,Good,50.0,16,,97.5,100.0,100.0,100.0,100.0,75.0,100.0,100.0,100.0
797,Bicep_curls,,,,,,35.2,down,Good,Good,50.0,16,,97.5,100.0,100.0,100.0,100.0,75.0,100.0,100.0,100.0
798,Bicep_curls,,,,,,25.8,down,Good,Good,50.0,16,,97.5,100.0,100.0,100.0,100.0,75.0,100.0,100.0,100.0
799,Bicep_curls,,,,,,17.0,down,Good,Good,50.0,16,,97.5,100.0,100.0,100.0,100.0,75.0,100.0,100.0,100.0
800,Bicep_curls,,,,,,11.0,down,Good,Good,50.0,16,,97.5,100.0,100.0,100.0,100.0,75.0,100.0,100.0,100.0
801,Bicep_curls,,,,,,8.4,down,Good,Good,50.0,16,,97.5,100.0,100.0,100.0,100.0,75.0,100.0,100.0,100.0
802,Bicep_curls,,,,,,7.2,down,Good,Good,50.0,16,,97.5,100.0,100.0,100.0,100.0,75.0,100.0,100.0,100.0
803,Bicep_curls,,,,,,6.6,down,Good,Good,50.0,16,,97.5,100.0,100.0,100.0,100.0,75.0,100.0,100.0,100.0
804,Bicep_curls,,,,,,6.3,down,Good,Good,50.0,16,,97.5,100.0,100.0,100.0,100.0,75.0,100.0,100.0,100.0
805,Bicep_curls,,,,,,6.2,down,Good,Good,50.0,16,,97.5,100.0,100.0,100.0,100.0,75.0,100.0,100.0,100.0
806,Bicep_curls,,,,,,6.2,down,Good,Good,50.0,16,,97.5,100.0,100.0,100.0,100.0,75.0,100.0,100.0,100.0
807,Bicep_curls,,,,,,6.1,down,Good,Good,50.0,16,,97.5,100.0,100.0,100.0,100.0,75.0,100.0,100.0,100.0
808,Bicep_curls,,,,,,6.0,down,Good,Good,50.0,16,,97.5,100.0,100.0,100.0,100.0,75.0,100.0,100.0,100.0
809,Bicep_curls,,,,,,5.8,down,Good,Good,50.0,16,,97.5,100.0,100.0,100.0,100.0,75.0,100.0,100.0,100.0
810,Bicep_curls,,,,,,5.7,down,Good,Good,50.0,16,,97.5,100.0,100.0,100.0,100.0,75.0,100.0,100.0,100.0
811,Bicep_curls,,,,,,5.6,down,Good,Good,50.0,16,,97.5,100.0,100.0,100.0,100.0,75.0,100.0,100.0,100.0
812,Bicep_curls,,,,,,5.4,down,Good,Good,50.0,16,,97.5,100.0,100.0,100.0,100.0,75.0,100.0,100.0,100.0
813,Bicep_curls,,,,,,5.2,down,Good,Good,50.0,16,,97.5,100.0,100.0,100.0,100.0,75.0,100.0,100.0,100.0
814,Bicep_curls,,,,,,5.0,down,Good,Good,50.0,16,,97.5,100.0,100.0,100.0,100.0,75.0,100.0,100.0,100.0
815,Bicep_curls,,,,,,4.8,down,Good,Good,50.0,16,,97.5,100.0,100.0,100.0,100.0,75.0,100.0,100.0,100.0
816,Bicep_curls,,,,,,4.6,down,Good,Good,50.0,16,,97.5,100.0,100.0,100.0,100.0,75.0,100.0,100.0,100.0
817,Bicep_curls,,,,,,4.5,down,Good,Good,50.0,16,,97.5,100.0,100.0,100.0,100.0,75.0,100.0,100.0,100.0
818,Bicep_curls,,,,,,4.6,down,Good,Good,50.0,16,,97.5,100.0,100.0,100.0,100.0,75.0,100.0,100.0,100.0
819,Bicep_curls,,,,,,4.7,down,Good,Good,50.0,16,,97.5,100.0,100.0,100.0,100.0,75.0,100.0,100.0,100.0
820,Bicep_curls,,,,,,4.9,down,Good,Good,50.0,16,,97.5,100.0,100.0,100.0,100.0,75.0,100.0,100.0,100.0
821,Bicep_curls,,,,,,5.0,down,Good,Good,50.0,16,,97.5,100.0,100.0,100.0,100.0,75.0,100.0,100.0,100.0
822,Bicep_curls,,,,,,5.2,down,Good,Good,50.0,16,,97.5,100.0,100.0,100.0,100.0,75.0,100.0,100.0,100.0
823,Bicep_curls,,,,,,5.5,down,Good,Good,50.0,16,,97.5,100.0,100.0,100.0,100.0,75.0,100.0,100.0,100.0
824,Bicep_curls,,,,,,6.0,down,Good,Good,50.0,16,,97.5,100.0,100.0,100.0,100.0,75.0,100.0,100.0,100.0
825,Bicep_curls,,,,,,7.4,down,Good,Good,50.0,16,,97.5,100.0,100.0,100.0,100.0,75.0,100.0,100.0,100.0
826,Bicep_curls,,,,,,13.6,down,Good,Good,50.0,16,,97.5,100.0,100.0,100.0,100.0,75.0,100.0,100.0,100.0
827,Bicep_curls,,,,,,38.6,down,Good,Good,50.0,16,,97.5,100.0,100.0,100.0,100.0,75.0,100.0,100.0,100.0
828,Bicep_curls,,,,,,70.0,up,Good,Good,50.0,17,,97.5,100.0,100.0,100.0,100.0,75.0,100.0,100.0,100.0
829,Bicep_curls,,,,,,102.5,up,Good,Good,50.0,17,,97.5,100.0,100.0,100.0,100.0,75.0,100.0,100.0,100.0
830,Bicep_curls,,,,,,134.5,up,Good,Good,50.0,17,,97.5,100.0,100.0,100.0,100.0,75.0,100.0,100.0,100.0
831,Bicep_curls,,,,,,161.9,up,Good,Good,50.0,17,,97.5,100.0,100.0,100.0,100.0,75.0,100.0,100.0,100.0
832,Bicep_curls,,,,,,170.2,up,Good,Good,50.0,17,,97.5,100.0,100.0,100.0,100.0,75.0,100.0,100.0,100.0
833,Bicep_curls,,,,,,171.7,up,Good,Good,50.0,17,,97.5,100.0,100.0,100.0,100.0,75.0,100.0,100.0,100.0
834,Bicep_curls,,,,,,171.1,up,Good,Good,50.0,17,,97.5,100.0,100.0,100.0,100.0,75.0,100.0,100.0,100.0
835,Bicep_curls,,,,,,168.6,up,Good,Good,50.0,17,,97.5,100.0,100.0,100.0,100.0,75.0,100.0,100.0,100.0
836,Bicep_curls,,,,,,154.9,down,Good,Good,50.0,17,,97.5,100.0,100.0,100.0,100.0,75.0,100.0,100.0,100.0
837,Bicep_curls,,,,,,128.4,down,Good,Good,50.0,17,,97.5,100.0,100.0,100.0,100.0,75.0,100.0,100.0,100.0
838,Bicep_curls,,,,,,97.8,down,Good,Good,50.0,17,,97.5,100.0,100.0,100.0,100.0,75.0,100.0,100.0,100.0
839,Bicep_curls,,,,,,66.5,down,Good,Good,50.0,17,,97.5,100.0,100.0,100.0,100.0,75.0,100.0,100.0,100.0
840,Bicep_curls,,,,,,36.1,down,Good,Good,50.0,17,,97.5,100.0,100.0,100.0,100.0,75.0,100.0,100.0,100.0
841,Bicep_curls,,,,,,16.7,down,Good,Good,50.0,17,,97.5,100.0,100.0,100.0,100.0,75.0,100.0,100.0,100.0
842,Bicep_curls,,,,,,10.0,down,Good,Good,50.0,17,,97.5,100.0,100.0,100.0,100.0,75.0,100.0,100.0,100.0
843,Bicep_curls,,,,,,7.6,down,Good,Good,50.0,17,,97.5,100.0,100.0,100.0,100.0,75.0,100.0,100.0,100.0
844,Bicep_curls,,,,,,6.4,down,Good,Good,50.0,17,,97.5,100.0,100.0,100.0,100.0,75.0,100.0,100.0,100.0
845,Bicep_curls,,,,,,5.8,down,Good,Good,50.0,17,,97.5,100.0,100.0,100.0,100.0,75.0,100.0,100.0,100.0
846,Bicep_curls,,,,,,5.4,down,Good,Good,50.0,17,,97.5,100.0,100.0,100.0,100.0,75.0,100.0,100.0,100.0
847,Bicep_curls,,,,,,5.1,down,Good,Good,50.0,17,,97.5,100.0,100.0,100.0,100.0,75.0,100.0,100.0,100.0
848,Bicep_curls,,,,,,4.9,down,Good,Good,50.0,17,,97.5,100.0,100.0,100.0,100.0,75.0,100.0,100.0,100.0
849,Bicep_curls,,,,,,4.8,down,Good,Good,50.0,17,,97.5,100.0,100.0,100.0,100.0,75.0,100.0,100.0,100.0
850,Bicep_curls,,,,,,4.9,down,Good,Good,50.0,17,,97.5,100.0,100.0,100.0,100.0,75.0,100.0,100.0,100.0
851,Bicep_curls,,,,,,4.9,down,Good,Good,50.0,17,,97.5,100.0,100.0,100.0,100.0,75.0,100.0,100.0,100.0
852,Bicep_curls,,,,,,5.1,down,Good,Good,50.0,17,,97.5,100.0,100.0,100.0,100.0,75.0,100.0,100.0,100.0
853,Bicep_curls,,,,,,6.1,down,Good,Good,50.0,17,,97.5,100.0,100.0,100.0,100.0,75.0,100.0,100.0,100.0
854,Bicep_curls,,,,,,8.2,down,Good,Good,50.0,17,,97.5,100.0,100.0,100.0,100.0,75.0,100.0,100.0,100.0
855,Bicep_curls,,,,,,14.8,down,Good,Good,50.0,17,,97.5,100.0,100.0,100.0,100.0,75.0,100.0,100.0,100.0
856,Bicep_curls,,,,,,31.1,down,Good,Good,50.0,17,,97.5,100.0,100.0,100.0,100.0,75.0,100.0,100.0,100.0
857,Bicep_curls,,,,,,56.5,down,Good,Good,50.0,17,,97.5,100.0,100.0,100.0,100.0,75.0,100.0,100.0,100.0
858,Bicep_curls,,,,,,85.0,up,Good,Good,50.0,18,,97.5,100.0,100.0,100.0,100.0,75.0,100.0,100.0,100.0
859,Bicep_curls,,,,,,114.0,up,Good,Good,50.0,18,,97.5,100.0,100.0,100.0,100.0,75.0,100.0,100.0,100.0
860,Bicep_curls,,,,,,138.8,up,Good,Good,50.0,18,,97.5,100.0,100.0,100.0,100.0,75.0,100.0,100.0,100.0
861,Bicep_curls,,,,,,154.3,up,Good,Good,50.0,18,,97.5,100.0,100.0,100.0,100.0,75.0,100.0,100.0,100.0
862,Bicep_curls,,,,,,160.2,up,Good,Good,50.0,18,,97.5,100.0,100.0,100.0,100.0,75.0,100.0,100.0,100.0
863,Bicep_curls,,,,,,162.4,up,Good,Good,50.0,18,,97.5,100.0,100.0,100.0,100.0,75.0,100.0,100.0,100.0
864,Bicep_curls,,,,,,162.8,up,Good,Good,50.0,18,,97.5,100.0,100.0,100.0,100.0,75.0,100.0,100.0,100.0
865,Bicep_curls,,,,,,162.6,up,Good,Good,50.0,18,,97.5,100.0,100.0,100.0,100.0,75.0,100.0,100.0,100.0
866,Bicep_curls,,,,,,162.0,up,Good,Good,50.0,18,,97.5,100.0,100.0,100.0,100.0,75.0,100.0,100.0,100.0
867,Bicep_curls,,,,,,161.6,up,Good,Good,50.0,18,,97.5,100.0,100.0,100.0,100.0,75.0,100.0,100.0,100.0
868,Bicep_curls,,,,,,161.1,up,Good,Good,50.0,18,,97.5,100.0,100.0,100.0,100.0,75.0,100.0,100.0,100.0
869,Bicep_curls,,,,,,160.9,up,Good,Good,50.0,18,,97.5,100.0,100.0,100.0,100.0,75.0,100.0,100.0,100.0
870,Bicep_curls,,,,,,160.9,up,Good,Good,50.0,18,,97.5,100.0,100.0,100.0,100.0,75.0,100.0,100.0,100.0
871,Bicep_curls,,,,,,161.0,up,Good,Good,50.0,18,,97.5,100.0,100.0,100.0,100.0,75.0,100.0,100.0,100.0
872,Bicep_curls,,,,,,161.1,up,Good,Good,50.0,18,,97.5,100.0,100.0,100.0,100.0,75.0,100.0,100.0,100.0
873,Bicep_curls,,,,,,161.3,up,Good,Good,50.0,18,,97.5,100.0,100.0,100.0,100.0,75.0,100.0,100.0,100.0
874,Bicep_curls,,,,,,160.8,up,Good,Good,50.0,18,,97.5,100.0,100.0,100.0,100.0,75.0,100.0,100.0,100.0
875,Bicep_curls,,,,,,158.7,up,Good,Good,50.0,18,,97.5,100.0,100.0,100.0,100.0,75.0,100.0,100.0,100.0
876,Bicep_curls,,,,,,154.6,up,Good,Good,50.0,18,,97.5,100.0,100.0,100.0,100.0,75.0,100.0,100.0,100.0
877,Bicep_curls,,,,,,146.1,down,Good,Good,50.0,18,,97.5,100.0,100.0,100.0,100.0,75.0,100.0,100.0,100.0
878,Bicep_curls,,,,,,131.7,down,Good,Good,50.0,18,,97.5,100.0,100.0,100.0,100.0,75.0,100.0,100.0,100.0
879,Bicep_curls,,,,,,113.4,down,Good,Good,50.0,18,,97.5,100.0,100.0,100.0,100.0,75.0,100.0,100.0,100.0
880,Bicep_curls,,,,,,93.6,down,Good,Good,50.0,18,,97.5,100.0,100.0,100.0,100.0,75.0,100.0,100.0,100.0
881,Bicep_curls,,,,,,73.9,down,Good,Good,50.0,18,,97.5,100.0,100.0,100.0,100.0,75.0,100.0,100.0,100.0
882,Bicep_curls,,,,,,57.0,down,Good,Good,50.0,18,,97.5,100.0,100.0,100.0,100.0,75.0,100.0,100.0,100.0
883,Bicep_curls,,,,,,45.2,down,Good,Good,50.0,18,,97.5,100.0,100.0,100.0,100.0,75.0,100.0,100.0,100.0
884,Bicep_curls,,,,,,36.6,down,Good,Good,50.0,18,,97.5,100.0,100.0,100.0,100.0,75.0,100.0,100.0,100.0
885,Bicep_curls,,,,,,30.9,down,Good,Good,50.0,18,,97.5,100.0,100.0,100.0,100.0,75.0,100.0,100.0,100.0
886,Bicep_curls,,,,,,26.6,down,Good,Good,50.0,18,,97.5,100.0,100.0,100.0,100.0,75.0,100.0,100.0,100.0
887,Bicep_curls,,,,,,23.9,down,Good,Good,50.0,18,,97.5,100.0,100.0,100.0,100.0,75.0,100.0,100.0,100.0
888,Bicep_curls,,,,,,21.9,down,Good,Good,50.0,18,,97.5,100.0,100.0,100.0,100.0,75.0,100.0,100.0,100.0
889,Bicep_curls,,,,,,20.8,down,Good,Good,50.0,18,,97.5,100.0,100.0,100.0,100.0,75.0,100.0,100.0,100.0
890,Bicep_curls,,,,,,20.5,down,Good,Good,50.0,18,,97.5,100.0,100.0,100.0,100.0,75.0,100.0,100.0,100.0
891,Bicep_curls,,,,,,20.6,down,Good,Good,50.0,18,,97.5,100.0,100.0,100.0,100.0,75.0,100.0,100.0,100.0
892,Bicep_curls,,,,,,22.4,down,Good,Good,50.0,18,,97.5,100.0,100.0,100.0,100.0,75.0,100.0,100.0,100.0
893,Bicep_curls,,,,,,27.5,down,Good,Good,50.0,18,,97.5,100.0,100.0,100.0,100.0,75.0,100.0,100.0,100.0
894,Bicep_curls,,,,,,36.5,down,Good,Good,50.0,18,,97.5,100.0,100.0,100.0,100.0,75.0,100.0,100.0,100.0
895,Bicep_curls,,,,,,52.3,down,Good,Good,50.0,18,,97.5,100.0,100.0,100.0,100.0,75.0,100.0,100.0,100.0
896,Bicep_curls,,,,,,73.6,down,Good,Good,50.0,18,,97.5,100.0,100.0,100.0,100.0,75.0,100.0,100.0,100.0
897,Bicep_curls,,,,,,96.8,up,Good,Good,50.0,19,,97.5,100.0,100.0,100.0,100.0,75.0,100.0,100.0,100.0
898,Bicep_curls,,,,,,119.0,up,Good,Good,50.0,19,,97.5,100.0,100.0,100.0,100.0,75.0,100.0,100.0,100.0
899,Bicep_curls,,,,,,138.2,up,Good,Good,50.0,19,,97.5,100.0,100.0,100.0,100.0,75.0,100.0,100.0,100.0
900,Bicep_curls,,,,,,151.1,up,Good,Good,50.0,19,,97.5,100.0,100.0,100.0,100.0,75.0,100.0,100.0,100.0
901,Bicep_curls,,,,,,158.9,up,Good,Good,50.0,19,,97.5,100.0,100.0,100.0,100.0,75.0,100.0,100.0,100.0
902,Bicep_curls,,,,,,163.3,up,Good,Good,50.0,19,,97.5,100.0,100.0,100.0,100.0,75.0,100.0,100.0,100.0
903,Bicep_curls,,,,,,165.9,up,Good,Good,50.0,19,,97.5,100.0,100.0,100.0,100.0,75.0,100.0,100.0,100.0
904,Bicep_curls,,,,,,167.5,up,Good,Good,50.0,19,,97.5,100.0,100.0,100.0,100.0,75.0,100.0,100.0,100.0
905,Bicep_curls,,,,,,168.3,up,Good,Good,50.0,19,,97.5,100.0,100.0,100.0,100.0,75.0,100.0,100.0,100.0
906,Bicep_curls,,,,,,168.7,up,Good,Good,50.0,19,,97.5,100.0,100.0,100.0,100.0,75.0,100.0,100.0,100.0
907,Bicep_curls,,,,,,168.9,up,Good,Good,50.0,19,,97.5,100.0,100.0,100.0,100.0,75.0,100.0,100.0,100.0
908,Bicep_curls,,,,,,168.8,up,Good,Good,50.0,19,,97.5,100.0,100.0,100.0,100.0,75.0,100.0,100.0,100.0
909,Bicep_curls,,,,,,168.6,up,Good,Good,50.0,19,,97.5,100.0,100.0,100.0,100.0,75.0,100.0,100.0,100.0
910,Bicep_curls,,,,,,168.4,up,Good,Good,50.0,19,,97.5,100.0,100.0,100.0,100.0,75.0,100.0,100.0,100.0
911,Bicep_curls,,,,,,167.4,up,Good,Good,50.0,19,,97.5,100.0,100.0,100.0,100.0,75.0,100.0,100.0,100.0
912,Bicep_curls,,,,,,165.1,up,Good,Good,50.0,19,,97.5,100.0,100.0,100.0,100.0,75.0,100.0,100.0,100.0
913,Bicep_curls,,,,,,160.3,up,Good,Good,50.0,19,,97.5,100.0,100.0,100.0,100.0,75.0,100.0,100.0,100.0
914,Bicep_curls,,,,,,150.1,down,Good,Good,50.0,19,,97.5,100.0,100.0,100.0,100.0,75.0,100.0,100.0,100.0
915,Bicep_curls,,,,,,133.1,down,Good,Good,50.0,19,,97.5,100.0,100.0,100.0,100.0,75.0,100.0,100.0,100.0
916,Bicep_curls,,,,,,112.0,down,Good,Good,50.0,19,,97.5,100.0,100.0,100.0,100.0,75.0,100.0,100.0,100.0
917,Bicep_curls,,,,,,89.7,down,Good,Good,50.0,19,,97.5,100.0,100.0,100.0,100.0,75.0,100.0,100.0,100.0
918,Bicep_curls,,,,,,67.5,down,Good,Good,50.0,19,,97.5,100.0,100.0,100.0,100.0,75.0,100.0,100.0,100.0
919,Bicep_curls,,,,,,49.2,down,Good,Good,50.0,19,,97.5,100.0,100.0,100.0,100.0,75.0,100.0,100.0,100.0
920,Bicep_curls,,,,,,37.0,down,Good,Good,50.0,19,,97.5,100.0,100.0,100.0,100.0,75.0,100.0,100.0,100.0
921,Bicep_curls,,,,,,29.3,down,Good,Good,50.0,19,,97.5,100.0,100.0,100.0,100.0,75.0,100.0,100.0,100.0
922,Bicep_curls,,,,,,24.1,down,Good,Good,50.0,19,,97.5,100.0,100.0,100.0,100.0,75.0,100.0,100.0,100.0
923,Bicep_curls,,,,,,22.0,down,Good,Good,50.0,19,,97.5,100.0,100.0,100.0,100.0,75.0,100.0,100.0,100.0
924,Bicep_curls,,,,,,21.8,down,Good,Good,50.0,19,,97.5,100.0,100.0,100.0,100.0,75.0,100.0,100.0,100.0
925,Bicep_curls,,,,,,24.5,down,Good,Good,50.0,19,,97.5,100.0,100.0,100.0,100.0,75.0,100.0,100.0,100.0
926,Bicep_curls,,,,,,31.4,down,Good,Good,50.0,19,,97.5,100.0,100.0,100.0,100.0,75.0,100.0,100.0,100.0
927,Bicep_curls,,,,,,45.8,down,Good,Good,50.0,19,,97.5,100.0,100.0,100.0,100.0,75.0,100.0,100.0,100.0
928,Bicep_curls,,,,,,67.5,down,Good,Good,50.0,19,,97.5,100.0,100.0,100.0,100.0,75.0,100.0,100.0,100.0
929,Bicep_curls,,,,,,92.9,up,Good,Good,50.0,20,,97.5,100.0,100.0,100.0,100.0,75.0,100.0,100.0,100.0
930,Bicep_curls,,,,,,117.9,up,Good,Good,50.0,20,,97.5,100.0,100.0,100.0,100.0,75.0,100.0,100.0,100.0
931,Bicep_curls,,,,,,139.6,up,Good,Good,50.0,20,,97.5,100.0,100.0,100.0,100.0,75.0,100.0,100.0,100.0
932,Bicep_curls,,,,,,154.2,up,Good,Good,50.0,20,,97.5,100.0,100.0,100.0,100.0,75.0,100.0,100.0,100.0
933,Bicep_curls,,,,,,161.5,up,Good,Good,50.0,20,,97.5,100.0,100.0,100.0,100.0,75.0,100.0,100.0,100.0
934,Bicep_curls,,,,,,164.9,up,Good,Good,50.0,20,,97.5,100.0,100.0,100.0,100.0,75.0,100.0,100.0,100.0
935,Bicep_curls,,,,,,166.9,up,Good,Good,50.0,20,,97.5,100.0,100.0,100.0,100.0,75.0,100.0,100.0,100.0
936,Bicep_curls,,,,,,168.5,up,Good,Good,50.0,20,,97.5,100.0,100.0,100.0,100.0,75.0,100.0,100.0,100.0
937,Bicep_curls,,,,,,169.9,up,Good,Good,50.0,20,,97.5,100.0,100.0,100.0,100.0,75.0,100.0,100.0,100.0
938,Bicep_curls,,,,,,171.1,up,Good,Good,50.0,20,,97.5,100.0,100.0,100.0,100.0,75.0,100.0,100.0,100.0
939,Bicep_curls,,,,,,171.9,up,Good,Good,50.0,20,,97.5,100.0,100.0,100.0,100.0,75.0,100.0,100.0,100.0
940,Bicep_curls,,,,,,172.4,up,Good,Good,50.0,20,,97.5,100.0,100.0,100.0,100.0,75.0,100.0,100.0,100.0
941,Bicep_curls,,,,,,172.8,up,Good,Good,50.0,20,,97.5,100.0,100.0,100.0,100.0,75.0,100.0,100.0,100.0
942,Bicep_curls,,,,,,173.1,up,Good,Good,50.0,20,,97.5,100.0,100.0,100.0,100.0,75.0,100.0,100.0,100.0
943,Bicep_curls,,,,,,173.3,up,Good,Good,50.0,20,,97.5,100.0,100.0,100.0,100.0,75.0,100.0,100.0,100.0
944,Bicep_curls,,,,,,173.5,up,Good,Good,50.0,20,,97.5,100.0,100.0,100.0,100.0,75.0,100.0,100.0,100.0
945,Bicep_curls,,,,,,173.6,up,Good,Good,50.0,20,,97.5,100.0,100.0,100.0,100.0,75.0,100.0,100.0,100.0
946,Bicep_curls,,,,,,173.6,up,Good,Good,50.0,20,,97.5,100.0,100.0,100.0,100.0,75.0,100.0,100.0,100.0
947,Bicep_curls,,,,,,173.5,up,Good,Good,50.0,20,,97.5,100.0,100.0,100.0,100.0,75.0,100.0,100.0,100.0
948,Bicep_curls,,,,,,173.1,up,Good,Good,50.0,20,,97.5,100.0,100.0,100.0,100.0,75.0,100.0,100.0,100.0
949,Bicep_curls,,,,,,172.1,up,Good,Good,50.0,20,,97.5,100.0,100.0,100.0,100.0,75.0,100.0,100.0,100.0
950,Bicep_curls,,,,,,169.1,up,Good,Good,50.0,20,,97.5,100.0,100.0,100.0,100.0,75.0,100.0,100.0,100.0
951,Bicep_curls,,,,,,158.6,down,Good,Good,50.0,20,,97.5,100.0,100.0,100.0,100.0,75.0,100.0,100.0,100.0
952,Bicep_curls,,,,,,136.5,down,Good,Good,50.0,20,,97.5,100.0,100.0,100.0,100.0,75.0,100.0,100.0,100.0
953,Bicep_curls,,,,,,107.8,down,Good,Good,50.0,20,,97.5,100.0,100.0,100.0,100.0,75.0,100.0,100.0,100.0
954,Bicep_curls,,,,,,77.8,down,Good,Good,50.0,20,,97.5,100.0,100.0,100.0,100.0,75.0,100.0,100.0,100.0
955,Bicep_curls,,,,,,49.1,down,Good,Good,50.0,20,,97.5,100.0,100.0,100.0,100.0,75.0,100.0,100.0,100.0
956,Bicep_curls,,,,,,28.0,down,Good,Good,50.0,20,,97.5,100.0,100.0,100.0,100.0,75.0,100.0,100.0,100.0
957,Bicep_curls,,,,,,19.1,down,Good,Good,50.0,20,,97.5,100.0,100.0,100.0,100.0,75.0,100.0,100.0,100.0
958,Bicep_curls,,,,,,17.9,down,Good,Good,50.0,20,,97.5,100.0,100.0,100.0,100.0,75.0,100.0,100.0,100.0
959,Bicep_curls,,,,,,41.3,up,Good,Good,50.0,21,,97.5,100.0,100.0,100.0,100.0,75.0,100.0,100.0,100.0
960,Bicep_curls,,,,,,72.0,up,Good,Good,50.0,21,,97.5,100.0,100.0,100.0,100.0,75.0,100.0,100.0,100.0
961,Bicep_curls,,,,,,103.6,up,Good,Good,50.0,21,,97.5,100.0,100.0,100.0,100.0,75.0,100.0,100.0,100.0
962,Bicep_curls,,,,,,135.0,up,Good,Good,50.0,21,,97.5,100.0,100.0,100.0,100.0,75.0,100.0,100.0,100.0
963,Bicep_curls,,,,,,165.6,up,Good,Good,50.0,21,,97.5,100.0,100.0,100.0,100.0,75.0,100.0,100.0,100.0
964,Bicep_curls,,,,,,173.4,up,Good,Good,50.0,21,,97.5,100.0,100.0,100.0,100.0,75.0,100.0,100.0,100.0
965,Bicep_curls,,,,,,174.6,up,Good,Good,50.0,21,,97.5,100.0,100.0,100.0,100.0,75.0,100.0,100.0,100.0
966,Bicep_curls,,,,,,174.9,up,Good,Good,50.0,21,,97.5,100.0,100.0,100.0,100.0,75.0,100.0,100.0,100.0
967,Bicep_curls,,,,,,174.7,up,Good,Good,50.0,21,,97.5,100.0,100.0,100.0,100.0,75.0,100.0,100.0,100.0
968,Bicep_curls,,,,,,174.2,up,Good,Good,50.0,21,,97.5,100.0,100.0,100.0,100.0,75.0,100.0,100.0,100.0
969,Bicep_curls,,,,,,173.9,up,Good,Good,50.0,21,,97.5,100.0,100.0,100.0,100.0,75.0,100.0,100.0,100.0
970,Bicep_curls,,,,,,173.1,up,Good,Good,50.0,21,,97.5,100.0,100.0,100.0,100.0,75.0,100.0,100.0,100.0
971,Bicep_curls,,,,,,171.8,up,Good,Good,50.0,21,,97.5,100.0,100.0,100.0,100.0,75.0,100.0,100.0,100.0
972,Bicep_curls,,,,,,170.9,up,Good,Good,50.0,21,,97.5,100.0,100.0,100.0,100.0,75.0,100.0,100.0,100.0
973,Bicep_curls,,,,,,170.5,up,Good,Good,50.0,21,,97.5,100.0,100.0,100.0,100.0,75.0,100.0,100.0,100.0
974,Bicep_curls,,,,,,170.4,up,Good,Good,50.0,21,,97.5,100.0,100.0,100.0,100.0,75.0,100.0,100.0,100.0
975,Bicep_curls,,,,,,171.4,up,Good,Good,50.0,21,,97.5,100.0,100.0,100.0,100.0,75.0,100.0,100.0,100.0
976,Bicep_curls,,,,,,172.9,up,Good,Good,50.0,21,,97.5,100.0,100.0,100.0,100.0,75.0,100.0,100.0,100.0
977,Bicep_curls,,,,,,174.2,up,Good,Good,50.0,21,,97.5,100.0,100.0,100.0,100.0,75.0,100.0,100.0,100.0
978,Bicep_curls,,,,,,175.4,up,Good,Good,50.0,21,,97.5,100.0,100.0,100.0,100.0,75.0,100.0,100.0,100.0
979,Bicep_curls,,,,,,176.1,up,Good,Good,50.0,21,,97.5,100.0,100.0,100.0,100.0,75.0,100.0,100.0,100.0
980,Bicep_curls,,,,,,176.4,up,Good,Good,50.0,21,,97.5,100.0,100.0,100.0,100.0,75.0,100.0,100.0,100.0
981,Bicep_curls,,,,,,176.6,up,Good,Good,50.0,21,,97.5,100.0,100.0,100.0,100.0,75.0,100.0,100.0,100.0
982,Bicep_curls,,,,,,176.6,up,Good,Good,50.0,21,,97.5,100.0,100.0,100.0,100.0,75.0,100.0,100.0,100.0
983,Bicep_curls,,,,,,176.2,up,Good,Good,50.0,21,,97.5,100.0,100.0,100.0,100.0,75.0,100.0,100.0,100.0
984,Bicep_curls,,,,,,175.2,up,Good,Good,50.0,21,,97.5,100.0,100.0,100.0,100.0,75.0,100.0,100.0,100.0
985,Bicep_curls,,,,,,173.6,up,Good,Good,50.0,21,,97.5,100.0,100.0,100.0,100.0,75.0,100.0,100.0,100.0
986,Bicep_curls,,,,,,173.2,up,Good,Good,50.0,21,,97.5,100.0,100.0,100.0,100.0,75.0,100.0,100.0,100.0
987,Bicep_curls,,,,,,173.6,up,Good,Good,50.0,21,,97.5,100.0,100.0,100.0,100.0,75.0,100.0,100.0,100.0
988,Bicep_curls,,,,,,173.5,up,Good,Good,50.0,21,,97.5,100.0,100.0,100.0,100.0,75.0,100.0,100.0,100.0
989,Bicep_curls,,,,,,173.3,up,Good,Good,50.0,21,,97.5,100.0,100.0,100.0,100.0,75.0,100.0,100.0,100.0
990,Bicep_curls,,,,,,173.6,up,Good,Good,50.0,21,,97.5,100.0,100.0,100.0,100.0,75.0,100.0,100.0,100.0
991,Bicep_curls,,,,,,173.5,up,Good,Good,50.0,21,,97.5,100.0,100.0,100.0,100.0,75.0,100.0,100.0,100.0
992,Bicep_curls,,,,,,172.7,up,Good,Good,50.0,21,,97.5,100.0,100.0,100.0,100.0,75.0,100.0,100.0,100.0
993,Bicep_curls,,,,,,173.3,up,Good,Good,50.0,21,,97.5,100.0,100.0,100.0,100.0,75.0,100.0,100.0,100.0
994,Bicep_curls,,,,,,173.6,up,Good,Good,50.0,21,,97.5,100.0,100.0,100.0,100.0,75.0,100.0,100.0,100.0
995,Bicep_curls,,,,,,173.4,up,Good,Good,50.0,21,,97.5,100.0,100.0,100.0,100.0,75.0,100.0,100.0,100.0
996,Bicep_curls,,,,,,172.7,up,Good,Good,50.0,21,,97.5,100.0,100.0,100.0,100.0,75.0,100.0,100.0,100.0
997,Bicep_curls,,,,,,173.0,up,Good,Good,50.0,21,,97.5,100.0,100.0,100.0,100.0,75.0,100.0,100.0,100.0
998,Bicep_curls,,,,,,172.9,up,Good,Good,50.0,21,,97.5,100.0,100.0,100.0,100.0,75.0,100.0,100.0,100.0
999,Bicep_curls,,,,,,174.2,up,Good,Good,50.0,21,,97.5,100.0,100.0,100.0,100.0,75.0,100.0,100.0,100.0
1000,Bicep_curls,,,,,,175.9,up,Good,Good,50.0,21,,97.5,100.0,100.0,100.0,100.0,75.0,100.0,100.0,100.0
1001,Bicep_curls,,,,,,177.5,up,Good,Good,50.0,21,,97.5,100.0,100.0,100.0,100.0,75.0,100.0,100.0,100.0
1002,Bicep_curls,,,,,,178.3,up,Good,Good,50.0,21,,97.5,100.0,100.0,100.0,100.0,75.0,100.0,100.0,100.0
1003,Bicep_curls,,,,,,178.7,up,Good,Good,50.0,21,,97.5,100.0,100.0,100.0,100.0,75.0,100.0,100.0,100.0
1004,Bicep_curls,,,,,,178.3,up,Good,Good,50.0,21,,97.5,100.0,100.0,100.0,100.0,75.0,100.0,100.0,100.0
1005,Bicep_curls,,,,,,177.6,up,Good,Good,50.0,21,,97.5,100.0,100.0,100.0,100.0,75.0,100.0,100.0,100.0
1006,Bicep_curls,,,,,,176.7,up,Good,Good,50.0,21,,97.5,100.0,100.0,100.0,100.0,75.0,100.0,100.0,100.0
1007,Bicep_curls,,,,,,175.5,up,Good,Good,50.0,21,,97.5,100.0,100.0,100.0,100.0,75.0,100.0,100.0,100.0
1008,Bicep_curls,,,,,,174.7,up,Good,Good,50.0,21,,97.5,100.0,100.0,100.0,100.0,75.0,100.0,100.0,100.0
1009,Bicep_curls,,,,,,175.0,up,Good,Good,50.0,21,,97.5,100.0,100.0,100.0,100.0,75.0,100.0,100.0,100.0
1010,Bicep_curls,,,,,,176.0,up,Good,Good,50.0,21,,97.5,100.0,100.0,100.0,100.0,75.0,100.0,100.0,100.0
1011,Bicep_curls,,,,,,176.9,up,Good,Good,50.0,21,,97.5,100.0,100.0,100.0,100.0,75.0,100.0,100.0,100.0
1012,Bicep_curls,,,,,,177.5,up,Good,Good,50.0,21,,97.5,100.0,100.0,100.0,100.0,75.0,100.0,100.0,100.0
1013,Bicep_curls,,,,,,177.4,up,Good,Good,50.0,21,,97.5,100.0,100.0,100.0,100.0,75.0,100.0,100.0,100.0
