Frame,Exercise,Elbow_Angle,Shoulder_Angle,Hip_Angle,Knee_Angle,Trunk_Inclination,Rep_Tracking_Angle,Rep_Stage,Form,ML_Prediction,Confidence_Pct,Reps,Issues,Form_Score,ROM_Score,Stability_Score,Symmetry_Score,Tempo_Score,Posture_Score,Stability,Symmetry,Smoothness
1,Pushups,,,,,,177.8,up,Good,Good,50.0,0,,96.7,100.0,100.0,100.0,100.0,66.7,100.0,100.0,100.0
2,Pushups,,,,,,177.4,up,Good,Good,50.0,0,,96.7,100.0,100.0,100.0,100.0,66.7,100.0,100.0,100.0
3,Pushups,,,,,,177.4,up,Good,Good,50.0,0,,96.7,100.0,100.0,100.0,100.0,66.7,100.0,100.0,100.0
4,Pushups,,,,,,176.5,up,Good,Good,50.0,0,,96.7,100.0,100.0,100.0,100.0,66.7,100.0,100.0,100.0
5,Pushups,,,,,,176.4,up,Good,Good,50.0,0,,96.7,100.0,100.0,100.0,100.0,66.7,100.0,100.0,100.0
6,Pushups,,,,,,175.9,up,Good,Good,50.0,0,,96.7,100.0,100.0,100.0,100.0,66.7,100.0,100.0,100.0
7,Pushups,,,,,,175.9,up,Good,Good,50.0,0,,96.7,100.0,100.0,100.0,100.0,66.7,100.0,100.0,100.0
8,Pushups,,,,,,175.9,up,Good,Good,50.0,0,,96.7,100.0,100.0,100.0,100.0,66.7,100.0,100.0,100.0
9,Pushups,,,,,,176.2,up,Good,Good,50.0,0,,96.7,100.0,100.0,100.0,100.0,66.7,100.0,100.0,100.0
10,Pushups,,,,,,175.8,up,Good,Good,50.0,0,,96.7,100.0,100.0,100.0,100.0,66.7,100.0,100.0,100.0
11,Pushups,,,,,,175.2,up,Good,Good,50.0,0,,96.7,100.0,100.0,100.0,100.0,66.7,100.0,100.0,100.0
12,Pushups,,,,,,173.9,up,Good,Good,50.0,0,,96.7,100.0,100.0,100.0,100.0,66.7,100.0,100.0,100.0
13,Pushups,,,,,,172.4,up,Good,Good,50.0,0,,96.7,100.0,100.0,100.0,100.0,66.7,100.0,100.0,100.0
14,Pushups,,,,,,171.4,up,Good,Good,50.0,0,,96.7,100.0,100.0,100.0,100.0,66.7,100.0,100.0,100.0
15,Pushups,,,,,,170.4,up,Good,Good,50.0,0,,96.7,100.0,100.0,100.0,100.0,66.7,100.0,100.0,100.0
16,Pushups,,,,,,170.1,up,Good,Good,50.0,0,,96.7,100.0,100.0,100.0,100.0,66.7,100.0,100.0,100.0
17,Pushups,,,,,,170.7,up,Good,Good,50.0,0,,96.7,100.0,100.0,100.0,100.0,66.7,100.0,100.0,100.0
18,Pushups,,,,,,170.9,up,Good,Good,50.0,0,,96.7,100.0,100.0,100.0,100.0,66.7,100.0,100.0,100.0
19,Pushups,,,,,,170.0,up,Good,Good,50.0,0,,96.7,100.0,100.0,100.0,100.0,66.7,100.0,100.0,100.0
20,Pushups,,,,,,168.5,up,Good,Good,50.0,0,,96.7,100.0,100.0,100.0,100.0,66.7,100.0,100.0,100.0
21,Pushups,158.01,15.88,177.47,102.11,,164.0,up,Bad,Good,97.3,0,Shoulders flaring or collapsing; Knees bent — not in full plank; Insufficient depth — chest not low enough.; Hip sag detected — maintain straight plank line.,97.0,100.0,100.0,100.0,100.0,70.3,100.0,100.0,100.0
22,Pushups,161.61,46.01,162.7,112.2,,163.9,up,Bad,Good,97.7,0,Knees bent — not in full plank; Insufficient depth — chest not low enough.; Hip sag detected — maintain straight plank line.,71.7,11.8,100.0,100.0,100.0,81.3,100.0,100.0,100.0
23,Pushups,147.8,54.01,161.71,119.31,,165.0,up,Bad,Good,98.2,0,Knees bent — not in full plank; Insufficient depth — chest not low enough.; Hip sag detected — maintain straight plank line.,47.3,13.8,0.0,100.0,100.0,81.3,0.0,100.0,100.0
24,Pushups,147.14,63.75,171.14,152.4,,164.5,up,Bad,Good,98.5,0,Knees bent — not in full plank; Insufficient depth — chest not low enough.; Hip sag detected — maintain straight plank line.,55.2,40.2,0.0,100.0,100.0,81.3,0.0,100.0,0.0
25,Pushups,165.37,62.89,171.29,157.07,,164.9,up,Bad,Good,98.6,0,Insufficient depth — chest not low enough.; Hip sag detected — maintain straight plank line.,57.4,44.0,0.0,100.0,100.0,92.3,0.0,100.0,0.0
26,Pushups,174.34,61.17,170.22,170.05,,168.0,up,Bad,Good,98.8,0,Insufficient depth — chest not low enough.; Hip sag detected — maintain straight plank line.,60.5,54.4,0.0,100.0,100.0,92.3,0.0,100.0,0.0
27,Pushups,175.16,60.02,161.77,164.55,,166.9,up,Bad,Good,98.9,0,Elbow not reaching 90 or not extending; Insufficient depth — chest not low enough.; Hip sag detected — maintain straight plank line.,59.5,54.4,0.0,100.0,100.0,81.3,0.0,100.0,0.0
28,Pushups,159.97,17.25,104.21,83.83,,163.7,up,Bad,Good,98.4,0,Shoulders flaring or collapsing; Hips sagging or piking; Knees bent — not in full plank; Insufficient depth — chest not low enough.; Hip sag detected — maintain straight plank line.,61.6,69.0,0.0,100.0,100.0,59.3,0.0,100.0,0.0
29,Pushups,141.91,7.84,114.85,88.94,,161.0,up,Bad,Good,98.2,0,Shoulders flaring or collapsing; Hips sagging or piking; Knees bent — not in full plank; Insufficient depth — chest not low enough.; Hip sag detected — maintain straight plank line.,61.6,69.0,0.0,100.0,100.0,59.3,0.0,100.0,0.0
30,Pushups,136.81,14.69,103.76,75.51,,154.4,up,Bad,Good,97.8,0,Shoulders flaring or collapsing; Hips sagging or piking; Knees bent — not in full plank; Insufficient depth — chest not low enough.; Hip sag detected — maintain straight plank line.,63.6,75.6,0.0,100.0,100.0,59.3,0.0,100.0,0.0
31,Pushups,173.57,19.06,130.71,106.42,,155.3,up,Bad,Good,97.8,0,Shoulders flaring or collapsing; Hips sagging or piking; Knees bent — not in full plank; Insufficient depth — chest not low enough.; Hip sag detected — maintain straight plank line.,63.6,75.6,0.0,100.0,100.0,59.3,0.0,100.0,0.0
32,Pushups,176.55,18.37,149.01,141.93,,156.0,up,Bad,Good,97.7,0,Elbow not reaching 90 or not extending; Shoulders flaring or collapsing; Hips sagging or piking; Knees bent — not in full plank; Insufficient depth — chest not low enough.; Hip sag detected — maintain straight plank line.,62.5,75.6,0.0,100.0,100.0,48.3,0.0,100.0,0.0
35,Pushups,165.61,1.57,177.79,164.33,,158.5,up,Bad,Good,96.0,0,Shoulders flaring or collapsing; Insufficient depth — chest not low enough.; Hip sag detected — maintain straight plank line.,65.8,75.6,0.0,100.0,100.0,81.3,0.0,100.0,0.0
42,Pushups,121.12,127.17,146.19,135.89,,153.6,up,Bad,Good,95.5,0,Shoulders flaring or collapsing; Hips sagging or piking; Knees bent — not in full plank; Elbow flare — keep elbows closer to torso.; Insufficient depth — chest not low enough.; Hip sag detected — maintain straight plank line.,63.3,75.6,0.0,100.0,100.0,56.7,0.0,100.0,0.0
43,Pushups,97.19,99.05,136.23,140.46,,144.3,down,Bad,Good,95.3,1,Shoulders flaring or collapsing; Hips sagging or piking; Knees bent — not in full plank; Elbow flare — keep elbows closer to torso.; Hip sag detected — maintain straight plank line.,63.6,75.6,0.0,100.0,100.0,59.3,0.0,100.0,0.0
44,Pushups,116.47,110.95,122.75,125.83,,132.8,down,Bad,Good,95.8,1,Shoulders flaring or collapsing; Hips sagging or piking; Knees bent — not in full plank; Elbow flare — keep elbows closer to torso.; Hip sag detected — maintain straight plank line.,63.6,75.6,0.0,100.0,100.0,59.3,0.0,100.0,0.0
54,Pushups,49.88,10.91,172.96,154.12,,103.4,down,Bad,Good,96.2,1,Elbow not reaching 90 or not extending; Shoulders flaring or collapsing; Knees bent — not in full plank; Hip sag detected — maintain straight plank line.,71.2,100.0,0.0,100.0,100.0,62.0,0.0,100.0,0.0
75,Pushups,,,,,,80.7,down,Good,Good,50.0,1,,96.7,100.0,100.0,100.0,100.0,66.7,0.0,100.0,0.0
117,Pushups,137.02,75.88,41.15,166.68,,86.1,down,Bad,Good,96.5,1,Hips sagging or piking; Insufficient depth — chest not low enough.; Hip sag detected — maintain straight plank line.,73.1,100.0,0.0,100.0,100.0,81.3,0.0,100.0,0.0
119,Pushups,125.86,20.43,164.39,174.73,,81.8,down,Bad,Good,96.6,1,Shoulders flaring or collapsing; Insufficient depth — chest not low enough.; Hip sag detected — maintain straight plank line.,73.1,100.0,0.0,100.0,100.0,81.3,0.0,100.0,0.0
174,Pushups,179.73,165.86,28.51,177.51,,93.6,up,Bad,Good,94.2,1,Elbow not reaching 90 or not extending; Shoulders flaring or collapsing; Hips sagging or piking; Elbow flare — keep elbows closer to torso.; Insufficient depth — chest not low enough.; Hip sag detected — maintain straight plank line.,70.7,100.0,0.0,100.0,100.0,56.7,0.0,100.0,0.0
176,Pushups,161.64,179.13,6.72,3.2,,116.2,up,Bad,Good,90.2,1,Shoulders flaring or collapsing; Hips sagging or piking; Knees bent — not in full plank; Elbow flare — keep elbows closer to torso.; Insufficient depth — chest not low enough.; Hip sag detected — maintain straight plank line.,70.7,100.0,0.0,100.0,100.0,56.7,0.0,100.0,0.0
177,Pushups,144.95,143.44,5.5,83.52,,117.0,down,Bad,Good,84.8,2,Shoulders flaring or collapsing; Hips sagging or piking; Knees bent — not in full plank; Elbow flare — keep elbows closer to torso.; Insufficient depth — chest not low enough.; Hip sag detected — maintain straight plank line.,70.7,100.0,0.0,100.0,100.0,56.7,0.0,100.0,0.0
178,Pushups,155.83,133.27,21.46,168.84,,113.7,down,Bad,Good,80.5,2,Shoulders flaring or collapsing; Hips sagging or piking; Elbow flare — keep elbows closer to torso.; Insufficient depth — chest not low enough.; Hip sag detected — maintain straight plank line.,71.8,100.0,0.0,100.0,100.0,67.7,0.0,100.0,0.0
179,Pushups,145.92,121.28,16.92,6.43,,128.7,down,Bad,Good,74.9,2,Shoulders flaring or collapsing; Hips sagging or piking; Knees bent — not in full plank; Elbow flare — keep elbows closer to torso.; Insufficient depth — chest not low enough.; Hip sag detected — maintain straight plank line.,70.7,100.0,0.0,100.0,100.0,56.7,0.0,100.0,0.0
180,Pushups,138.03,127.94,46.46,34.85,,120.0,down,Bad,Good,74.5,2,Shoulders flaring or collapsing; Hips sagging or piking; Knees bent — not in full plank; Elbow flare — keep elbows closer to torso.; Insufficient depth — chest not low enough.; Hip sag detected — maintain straight plank line.,70.7,100.0,0.0,100.0,100.0,56.7,0.0,100.0,0.0
181,Pushups,166.18,142.43,173.21,167.16,,124.2,up,Bad,Good,74.3,2,Shoulders flaring or collapsing; Elbow flare — keep elbows closer to torso.; Insufficient depth — chest not low enough.; Hip sag detected — maintain straight plank line.,72.9,100.0,0.0,100.0,100.0,78.7,0.0,100.0,0.0
216,Pushups,154.85,22.83,140.39,83.68,,147.2,up,Bad,Good,73.6,2,Shoulders flaring or collapsing; Hips sagging or piking; Knees bent — not in full plank; Insufficient depth — chest not low enough.; Hip sag detected — maintain straight plank line.,70.9,100.0,0.0,100.0,100.0,59.3,0.0,100.0,0.0
264,Pushups,164.33,17.31,17.22,30.17,,153.7,up,Bad,Good,70.7,2,Shoulders flaring or collapsing; Hips sagging or piking; Knees bent — not in full plank; Insufficient depth — chest not low enough.; Hip sag detected — maintain straight plank line.,70.9,100.0,0.0,100.0,100.0,59.3,0.0,100.0,0.0
265,Pushups,,,,,,155.5,up,Good,Good,50.0,2,,96.7,100.0,100.0,100.0,100.0,66.7,0.0,100.0,0.0
266,Pushups,,,,,,160.4,up,Good,Good,50.0,2,,96.7,100.0,100.0,100.0,100.0,66.7,0.0,100.0,0.0
267,Pushups,,,,,,143.0,down,Good,Good,50.0,3,,96.7,100.0,100.0,100.0,100.0,66.7,0.0,100.0,0.0
268,Pushups,,,,,,114.5,down,Good,Good,50.0,3,,96.7,100.0,100.0,100.0,100.0,66.7,0.0,100.0,0.0
269,Pushups,,,,,,86.4,down,Good,Good,50.0,3,,96.7,100.0,100.0,100.0,100.0,66.7,0.0,100.0,0.0
270,Pushups,,,,,,86.4,down,Good,Good,50.0,3,,96.7,100.0,100.0,100.0,100.0,66.7,0.0,100.0,0.0
271,Pushups,,,,,,86.4,down,Good,Good,50.0,3,,96.7,100.0,100.0,100.0,100.0,66.7,0.0,100.0,0.0
291,Pushups,,,,,,93.2,up,Good,Good,50.0,3,,96.7,100.0,100.0,100.0,100.0,66.7,0.0,100.0,0.0
292,Pushups,,,,,,91.3,up,Good,Good,50.0,3,,96.7,100.0,100.0,100.0,100.0,66.7,0.0,100.0,0.0
351,Pushups,,,,,,111.8,up,Good,Good,50.0,3,,96.7,100.0,100.0,100.0,100.0,66.7,0.0,100.0,0.0
362,Pushups,,,,,,139.6,up,Good,Good,50.0,3,,96.7,100.0,100.0,100.0,100.0,66.7,0.0,100.0,0.0
404,Pushups,,,,,,147.4,down,Good,Good,50.0,4,,96.7,100.0,100.0,100.0,100.0,66.7,0.0,100.0,0.0
405,Pushups,98.3,21.43,163.24,172.53,,122.9,down,Bad,Good,76.4,4,Shoulders flaring or collapsing; Hip sag detected — maintain straight plank line.,73.4,100.0,0.0,100.0,100.0,84.0,0.0,100.0,0.0
411,Pushups,97.93,26.37,154.1,164.69,,105.5,down,Bad,Good,82.3,4,Hips sagging or piking; Hip sag detected — maintain straight plank line.,73.4,100.0,0.0,100.0,100.0,84.0,0.0,100.0,0.0
412,Pushups,132.3,121.6,162.83,126.49,,90.0,down,Bad,Good,86.6,4,Shoulders flaring or collapsing; Knees bent — not in full plank; Elbow flare — keep elbows closer to torso.; Insufficient depth — chest not low enough.; Hip sag detected — maintain straight plank line.,71.8,100.0,0.0,100.0,100.0,67.7,0.0,100.0,0.0
413,Pushups,127.23,122.39,149.49,106.31,,68.2,down,Bad,Good,92.0,4,Shoulders flaring or collapsing; Hips sagging or piking; Knees bent — not in full plank; Elbow flare — keep elbows closer to torso.; Insufficient depth — chest not low enough.; Hip sag detected — maintain straight plank line.,70.7,100.0,0.0,100.0,100.0,56.7,0.0,100.0,0.0
414,Pushups,95.77,123.76,134.61,146.47,,68.2,down,Bad,Good,92.4,4,Shoulders flaring or collapsing; Hips sagging or piking; Knees bent — not in full plank; Elbow flare — keep elbows closer to torso.; Hip sag detected — maintain straight plank line.,70.9,100.0,0.0,100.0,100.0,59.3,0.0,100.0,0.0
418,Pushups,82.32,125.13,138.06,124.47,,67.4,down,Bad,Good,92.4,4,Shoulders flaring or collapsing; Hips sagging or piking; Knees bent — not in full plank; Elbow flare — keep elbows closer to torso.; Hip sag detected — maintain straight plank line.,70.9,100.0,0.0,100.0,100.0,59.3,0.0,100.0,0.0
419,Pushups,122.04,124.92,135.55,149.68,,76.6,down,Bad,Good,92.6,4,Shoulders flaring or collapsing; Hips sagging or piking; Knees bent — not in full plank; Elbow flare — keep elbows closer to torso.; Insufficient depth — chest not low enough.; Hip sag detected — maintain straight plank line.,70.7,100.0,0.0,100.0,100.0,56.7,0.0,100.0,0.0
420,Pushups,108.54,124.46,138.39,153.05,,70.9,down,Bad,Good,97.9,4,Shoulders flaring or collapsing; Hips sagging or piking; Knees bent — not in full plank; Elbow flare — keep elbows closer to torso.; Hip sag detected — maintain straight plank line.,70.9,100.0,0.0,100.0,100.0,59.3,0.0,100.0,0.0
421,Pushups,115.04,123.99,143.18,159.75,,74.4,down,Bad,Good,97.4,4,Shoulders flaring or collapsing; Hips sagging or piking; Elbow flare — keep elbows closer to torso.; Hip sag detected — maintain straight plank line.,72.0,100.0,0.0,100.0,100.0,70.3,0.0,100.0,0.0
422,Pushups,100.7,123.56,135.35,104.27,,72.0,down,Bad,Good,97.1,4,Shoulders flaring or collapsing; Hips sagging or piking; Knees bent — not in full plank; Elbow flare — keep elbows closer to torso.; Hip sag detected — maintain straight plank line.,70.9,100.0,0.0,100.0,100.0,59.3,0.0,100.0,0.0
425,Pushups,85.62,127.17,138.4,139.31,,72.5,down,Bad,Good,96.5,4,Shoulders flaring or collapsing; Hips sagging or piking; Knees bent — not in full plank; Elbow flare — keep elbows closer to torso.; Hip sag detected — maintain straight plank line.,70.9,100.0,0.0,100.0,100.0,59.3,0.0,100.0,0.0
426,Pushups,77.64,128.16,138.23,143.32,,61.9,down,Bad,Good,95.8,4,Shoulders flaring or collapsing; Hips sagging or piking; Knees bent — not in full plank; Elbow flare — keep elbows closer to torso.; Hip sag detected — maintain straight plank line.,70.9,100.0,0.0,100.0,100.0,59.3,0.0,100.0,0.0
427,Pushups,76.65,128.18,139.0,147.04,,56.2,down,Bad,Good,94.9,4,Shoulders flaring or collapsing; Hips sagging or piking; Knees bent — not in full plank; Elbow flare — keep elbows closer to torso.; Hip sag detected — maintain straight plank line.,70.9,100.0,0.0,100.0,100.0,59.3,0.0,100.0,0.0
428,Pushups,94.46,127.8,137.67,155.47,,50.3,down,Bad,Good,95.0,4,Shoulders flaring or collapsing; Hips sagging or piking; Elbow flare — keep elbows closer to torso.; Hip sag detected — maintain straight plank line.,72.0,100.0,0.0,100.0,100.0,70.3,0.0,100.0,0.0
429,Pushups,90.68,126.93,135.89,153.4,,50.9,down,Bad,Good,94.9,4,Shoulders flaring or collapsing; Hips sagging or piking; Knees bent — not in full plank; Elbow flare — keep elbows closer to torso.; Hip sag detected — maintain straight plank line.,70.9,100.0,0.0,100.0,100.0,59.3,0.0,100.0,0.0
430,Pushups,109.15,127.5,135.08,157.3,,57.1,down,Bad,Good,94.8,4,Shoulders flaring or collapsing; Hips sagging or piking; Elbow flare — keep elbows closer to torso.; Hip sag detected — maintain straight plank line.,72.0,100.0,0.0,100.0,100.0,70.3,0.0,100.0,0.0
431,Pushups,119.52,126.29,129.96,125.39,,70.6,down,Bad,Good,94.8,4,Shoulders flaring or collapsing; Hips sagging or piking; Knees bent — not in full plank; Elbow flare — keep elbows closer to torso.; Hip sag detected — maintain straight plank line.,70.9,100.0,0.0,100.0,100.0,59.3,0.0,100.0,0.0
432,Pushups,131.79,126.8,144.98,152.1,,89.6,down,Bad,Good,94.7,4,Shoulders flaring or collapsing; Hips sagging or piking; Knees bent — not in full plank; Elbow flare — keep elbows closer to torso.; Insufficient depth — chest not low enough.; Hip sag detected — maintain straight plank line.,70.7,100.0,0.0,100.0,100.0,56.7,0.0,100.0,0.0
433,Pushups,120.75,128.42,145.33,149.58,128.42,98.7,down,Bad,Good,95.0,4,Shoulders flaring or collapsing; Hips sagging or piking; Knees bent — not in full plank; Elbow flare — keep elbows closer to torso.; Insufficient depth — chest not low enough.; Hip sag detected — maintain straight plank line.,69.9,100.0,0.0,100.0,100.0,49.0,0.0,100.0,0.0
434,Pushups,112.67,128.43,140.85,142.33,128.43,110.7,down,Bad,Good,95.5,4,Shoulders flaring or collapsing; Hips sagging or piking; Knees bent — not in full plank; Elbow flare — keep elbows closer to torso.; Hip sag detected — maintain straight plank line.,70.2,100.0,0.0,100.0,100.0,51.7,0.0,100.0,0.0
435,Pushups,120.81,126.17,126.7,135.43,,116.9,down,Bad,Good,96.1,4,Shoulders flaring or collapsing; Hips sagging or piking; Knees bent — not in full plank; Elbow flare — keep elbows closer to torso.; Insufficient depth — chest not low enough.; Hip sag detected — maintain straight plank line.,70.7,100.0,0.0,100.0,100.0,56.7,0.0,100.0,0.0
437,Pushups,84.08,104.14,158.25,158.67,,100.6,down,Bad,Good,96.0,4,Shoulders flaring or collapsing; Elbow flare — keep elbows closer to torso.; Hip sag detected — maintain straight plank line.,73.1,100.0,0.0,100.0,100.0,81.3,0.0,100.0,0.0
442,Pushups,133.28,123.57,131.19,155.43,,99.7,down,Bad,Good,96.2,4,Shoulders flaring or collapsing; Hips sagging or piking; Elbow flare — keep elbows closer to torso.; Insufficient depth — chest not low enough.; Hip sag detected — maintain straight plank line.,71.8,100.0,0.0,100.0,100.0,67.7,0.0,100.0,0.0
443,Pushups,159.99,125.42,139.6,146.59,,101.2,down,Bad,Good,96.0,4,Shoulders flaring or collapsing; Hips sagging or piking; Knees bent — not in full plank; Elbow flare — keep elbows closer to torso.; Insufficient depth — chest not low enough.; Hip sag detected — maintain straight plank line.,70.7,100.0,0.0,100.0,100.0,56.7,0.0,100.0,0.0
486,Pushups,87.86,132.05,130.41,147.99,,92.3,down,Bad,Good,95.9,4,Shoulders flaring or collapsing; Hips sagging or piking; Knees bent — not in full plank; Elbow flare — keep elbows closer to torso.; Hip sag detected — maintain straight plank line.,70.9,100.0,0.0,100.0,100.0,59.3,0.0,100.0,0.0
487,Pushups,77.23,135.2,139.63,166.18,,83.0,down,Bad,Good,95.0,4,Shoulders flaring or collapsing; Hips sagging or piking; Elbow flare — keep elbows closer to torso.; Hip sag detected — maintain straight plank line.,72.0,100.0,0.0,100.0,100.0,70.3,0.0,100.0,0.0
488,Pushups,114.45,131.13,126.26,159.34,,95.1,down,Bad,Good,94.7,4,Shoulders flaring or collapsing; Hips sagging or piking; Elbow flare — keep elbows closer to torso.; Hip sag detected — maintain straight plank line.,72.0,100.0,0.0,100.0,100.0,70.3,0.0,100.0,0.0
489,Pushups,97.11,132.14,115.01,114.2,,85.2,down,Bad,Good,94.5,4,Shoulders flaring or collapsing; Hips sagging or piking; Knees bent — not in full plank; Elbow flare — keep elbows closer to torso.; Hip sag detected — maintain straight plank line.,70.9,100.0,0.0,100.0,100.0,59.3,0.0,100.0,0.0
490,Pushups,93.45,134.97,136.92,102.79,,77.3,down,Bad,Good,94.0,4,Shoulders flaring or collapsing; Hips sagging or piking; Knees bent — not in full plank; Elbow flare — keep elbows closer to torso.; Hip sag detected — maintain straight plank line.,70.9,100.0,0.0,100.0,100.0,59.3,0.0,100.0,0.0
491,Pushups,98.77,120.84,158.8,159.77,120.84,70.4,down,Bad,Good,94.0,4,Shoulders flaring or collapsing; Elbow flare — keep elbows closer to torso.; Hip sag detected — maintain straight plank line.,72.4,100.0,0.0,100.0,100.0,73.8,0.0,100.0,0.0
492,Pushups,78.07,123.03,163.89,153.24,,60.1,down,Bad,Good,93.3,4,Shoulders flaring or collapsing; Knees bent — not in full plank; Elbow flare — keep elbows closer to torso.; Hip sag detected — maintain straight plank line.,72.0,100.0,0.0,100.0,100.0,70.3,0.0,100.0,0.0
493,Pushups,98.69,120.01,173.66,149.41,,46.2,down,Bad,Good,93.9,4,Shoulders flaring or collapsing; Knees bent — not in full plank; Elbow flare — keep elbows closer to torso.; Hip sag detected — maintain straight plank line.,72.0,100.0,0.0,100.0,100.0,70.3,0.0,100.0,0.0
494,Pushups,96.6,118.64,162.72,170.07,,43.1,down,Bad,Good,94.3,4,Shoulders flaring or collapsing; Elbow flare — keep elbows closer to torso.; Hip sag detected — maintain straight plank line.,73.1,100.0,0.0,100.0,100.0,81.3,0.0,100.0,0.0
495,Pushups,104.56,116.64,152.73,167.3,,42.0,down,Bad,Good,95.5,4,Shoulders flaring or collapsing; Hips sagging or piking; Elbow flare — keep elbows closer to torso.; Hip sag detected — maintain straight plank line.,72.0,100.0,0.0,100.0,100.0,70.3,0.0,100.0,0.0
496,Pushups,148.68,129.28,139.21,164.76,129.28,56.0,down,Bad,Good,95.4,4,Shoulders flaring or collapsing; Hips sagging or piking; Elbow flare — keep elbows closer to torso.; Insufficient depth — chest not low enough.; Hip sag detected — maintain straight plank line.,71.0,100.0,0.0,100.0,100.0,60.5,0.0,100.0,0.0
500,Pushups,173.46,145.84,32.1,158.85,145.84,87.8,up,Bad,Good,94.5,4,Shoulders flaring or collapsing; Hips sagging or piking; Elbow flare — keep elbows closer to torso.; Insufficient depth — chest not low enough.; Hip sag detected — maintain straight plank line.,71.1,100.0,0.0,100.0,100.0,61.2,0.0,100.0,0.0
501,Pushups,158.35,123.37,51.42,153.8,123.37,117.2,up,Bad,Good,94.6,4,Shoulders flaring or collapsing; Hips sagging or piking; Knees bent — not in full plank; Elbow flare — keep elbows closer to torso.; Insufficient depth — chest not low enough.; Hip sag detected — maintain straight plank line.,70.0,100.0,0.0,100.0,100.0,50.0,0.0,100.0,0.0
502,Pushups,158.48,126.45,46.31,148.32,126.45,139.1,up,Bad,Good,94.1,4,Shoulders flaring or collapsing; Hips sagging or piking; Knees bent — not in full plank; Elbow flare — keep elbows closer to torso.; Insufficient depth — chest not low enough.; Hip sag detected — maintain straight plank line.,70.0,100.0,0.0,100.0,100.0,50.1,0.0,100.0,0.0
503,Pushups,178.35,127.4,48.02,154.37,127.4,162.2,up,Bad,Good,93.6,4,Elbow not reaching 90 or not extending; Shoulders flaring or collapsing; Hips sagging or piking; Knees bent — not in full plank; Elbow flare — keep elbows closer to torso.; Insufficient depth — chest not low enough.; Hip sag detected — maintain straight plank line.,68.9,100.0,0.0,100.0,100.0,39.1,0.0,100.0,0.0
504,Pushups,142.6,128.32,47.7,162.22,128.32,171.6,up,Bad,Good,92.7,4,Shoulders flaring or collapsing; Hips sagging or piking; Elbow flare — keep elbows closer to torso.; Insufficient depth — chest not low enough.; Hip sag detected — maintain straight plank line.,71.1,100.0,0.0,100.0,100.0,61.1,0.0,100.0,0.0
505,Pushups,143.94,122.2,54.87,163.52,122.2,171.2,up,Bad,Good,92.0,4,Shoulders flaring or collapsing; Hips sagging or piking; Elbow flare — keep elbows closer to torso.; Insufficient depth — chest not low enough.; Hip sag detected — maintain straight plank line.,71.1,100.0,0.0,100.0,100.0,60.8,0.0,100.0,0.0
506,Pushups,149.68,124.34,41.84,161.84,124.34,171.4,up,Bad,Good,91.1,4,Shoulders flaring or collapsing; Hips sagging or piking; Elbow flare — keep elbows closer to torso.; Insufficient depth — chest not low enough.; Hip sag detected — maintain straight plank line.,71.1,100.0,0.0,100.0,100.0,60.9,0.0,100.0,0.0
507,Pushups,152.62,127.52,38.97,153.82,127.52,171.8,up,Bad,Good,91.1,4,Shoulders flaring or collapsing; Hips sagging or piking; Knees bent — not in full plank; Elbow flare — keep elbows closer to torso.; Insufficient depth — chest not low enough.; Hip sag detected — maintain straight plank line.,70.0,100.0,0.0,100.0,100.0,50.0,0.0,100.0,0.0
508,Pushups,123.7,112.47,67.21,150.21,112.47,167.5,up,Bad,Good,92.2,4,Shoulders flaring or collapsing; Hips sagging or piking; Knees bent — not in full plank; Elbow flare — keep elbows closer to torso.; Insufficient depth — chest not low enough.; Hip sag detected — maintain straight plank line.,70.0,100.0,0.0,100.0,100.0,50.0,0.0,100.0,0.0
509,Pushups,136.47,111.84,68.35,153.22,111.84,169.5,up,Bad,Good,92.6,4,Shoulders flaring or collapsing; Hips sagging or piking; Knees bent — not in full plank; Elbow flare — keep elbows closer to torso.; Insufficient depth — chest not low enough.; Hip sag detected — maintain straight plank line.,70.0,100.0,0.0,100.0,100.0,50.2,0.0,100.0,0.0
510,Pushups,159.84,117.35,68.85,153.34,117.35,166.7,up,Bad,Good,93.0,4,Shoulders flaring or collapsing; Hips sagging or piking; Knees bent — not in full plank; Elbow flare — keep elbows closer to torso.; Insufficient depth — chest not low enough.; Hip sag detected — maintain straight plank line.,70.0,100.0,0.0,100.0,100.0,50.4,0.0,100.0,0.0
511,Pushups,160.89,119.54,63.07,154.65,119.54,166.3,up,Bad,Good,93.7,4,Shoulders flaring or collapsing; Hips sagging or piking; Knees bent — not in full plank; Elbow flare — keep elbows closer to torso.; Insufficient depth — chest not low enough.; Hip sag detected — maintain straight plank line.,70.0,100.0,0.0,100.0,100.0,50.4,0.0,100.0,0.0
512,Pushups,161.1,138.91,38.64,143.03,138.91,166.3,up,Bad,Good,93.5,4,Shoulders flaring or collapsing; Hips sagging or piking; Knees bent — not in full plank; Elbow flare — keep elbows closer to torso.; Insufficient depth — chest not low enough.; Hip sag detected — maintain straight plank line.,70.0,100.0,0.0,100.0,100.0,49.8,0.0,100.0,0.0
513,Pushups,153.93,144.25,41.31,145.96,144.25,169.3,up,Bad,Good,93.2,4,Shoulders flaring or collapsing; Hips sagging or piking; Knees bent — not in full plank; Elbow flare — keep elbows closer to torso.; Insufficient depth — chest not low enough.; Hip sag detected — maintain straight plank line.,70.0,100.0,0.0,100.0,100.0,49.6,0.0,100.0,0.0
514,Pushups,161.34,146.96,37.94,135.81,146.96,171.3,up,Bad,Good,92.8,4,Shoulders flaring or collapsing; Hips sagging or piking; Knees bent — not in full plank; Elbow flare — keep elbows closer to torso.; Insufficient depth — chest not low enough.; Hip sag detected — maintain straight plank line.,70.0,100.0,0.0,100.0,100.0,49.9,0.0,100.0,0.0
515,Pushups,160.2,148.32,35.23,136.52,148.32,174.8,up,Bad,Good,92.3,4,Shoulders flaring or collapsing; Hips sagging or piking; Knees bent — not in full plank; Elbow flare — keep elbows closer to torso.; Insufficient depth — chest not low enough.; Hip sag detected — maintain straight plank line.,70.0,100.0,0.0,100.0,100.0,49.9,0.0,100.0,0.0
516,Pushups,158.18,147.46,31.85,130.76,147.46,176.3,up,Bad,Good,91.3,4,Shoulders flaring or collapsing; Hips sagging or piking; Knees bent — not in full plank; Elbow flare — keep elbows closer to torso.; Insufficient depth — chest not low enough.; Hip sag detected — maintain straight plank line.,70.0,100.0,0.0,100.0,100.0,50.0,0.0,100.0,0.0
517,Pushups,160.79,145.82,30.26,118.5,145.82,176.6,up,Bad,Good,90.3,4,Shoulders flaring or collapsing; Hips sagging or piking; Knees bent — not in full plank; Elbow flare — keep elbows closer to torso.; Insufficient depth — chest not low enough.; Hip sag detected — maintain straight plank line.,70.0,100.0,0.0,100.0,100.0,49.9,0.0,100.0,0.0
518,Pushups,161.14,144.73,40.69,127.47,144.73,177.9,up,Bad,Good,89.7,4,Shoulders flaring or collapsing; Hips sagging or piking; Knees bent — not in full plank; Elbow flare — keep elbows closer to torso.; Insufficient depth — chest not low enough.; Hip sag detected — maintain straight plank line.,70.0,100.0,0.0,100.0,100.0,50.0,0.0,100.0,0.0
519,Pushups,164.23,145.68,47.36,132.57,145.68,178.0,up,Bad,Good,89.0,4,Shoulders flaring or collapsing; Hips sagging or piking; Knees bent — not in full plank; Elbow flare — keep elbows closer to torso.; Insufficient depth — chest not low enough.; Hip sag detected — maintain straight plank line.,70.0,100.0,0.0,100.0,100.0,50.0,0.0,100.0,0.0
520,Pushups,163.21,145.6,61.99,149.88,145.6,177.5,up,Bad,Good,89.0,4,Shoulders flaring or collapsing; Hips sagging or piking; Knees bent — not in full plank; Elbow flare — keep elbows closer to torso.; Insufficient depth — chest not low enough.; Hip sag detected — maintain straight plank line.,70.0,100.0,0.0,100.0,100.0,49.9,0.0,100.0,0.0
521,Pushups,160.42,149.47,53.6,137.14,,176.4,up,Bad,Good,89.0,4,Shoulders flaring or collapsing; Hips sagging or piking; Knees bent — not in full plank; Elbow flare — keep elbows closer to torso.; Insufficient depth — chest not low enough.; Hip sag detected — maintain straight plank line.,70.7,100.0,0.0,100.0,100.0,56.7,0.0,100.0,0.0
522,Pushups,156.89,149.96,84.14,95.53,,175.6,up,Bad,Good,89.3,4,Shoulders flaring or collapsing; Hips sagging or piking; Knees bent — not in full plank; Elbow flare — keep elbows closer to torso.; Insufficient depth — chest not low enough.; Hip sag detected — maintain straight plank line.,70.7,100.0,0.0,100.0,100.0,56.7,0.0,100.0,0.0
523,Pushups,157.04,149.93,117.31,121.62,,174.3,up,Bad,Good,90.0,4,Shoulders flaring or collapsing; Hips sagging or piking; Knees bent — not in full plank; Elbow flare — keep elbows closer to torso.; Insufficient depth — chest not low enough.; Hip sag detected — maintain straight plank line.,70.7,100.0,0.0,100.0,100.0,56.7,0.0,100.0,0.0
524,Pushups,157.12,150.42,113.75,147.45,,173.2,up,Bad,Good,90.3,4,Shoulders flaring or collapsing; Hips sagging or piking; Knees bent — not in full plank; Elbow flare — keep elbows closer to torso.; Insufficient depth — chest not low enough.; Hip sag detected — maintain straight plank line.,70.7,100.0,0.0,100.0,100.0,56.7,0.0,100.0,0.0
525,Pushups,152.99,150.99,75.6,133.24,,171.8,up,Bad,Good,90.6,4,Shoulders flaring or collapsing; Hips sagging or piking; Knees bent — not in full plank; Elbow flare — keep elbows closer to torso.; Insufficient depth — chest not low enough.; Hip sag detected — maintain straight plank line.,70.7,100.0,0.0,100.0,100.0,56.7,0.0,100.0,0.0
526,Pushups,151.92,150.6,76.86,152.3,,171.0,up,Bad,Good,90.7,4,Shoulders flaring or collapsing; Hips sagging or piking; Knees bent — not in full plank; Elbow flare — keep elbows closer to torso.; Insufficient depth — chest not low enough.; Hip sag detected — maintain straight plank line.,70.7,100.0,0.0,100.0,100.0,56.7,0.0,100.0,0.0
527,Pushups,154.1,149.87,72.74,158.56,,170.9,up,Bad,Good,90.9,4,Shoulders flaring or collapsing; Hips sagging or piking; Elbow flare — keep elbows closer to torso.; Insufficient depth — chest not low enough.; Hip sag detected — maintain straight plank line.,71.8,100.0,0.0,100.0,100.0,67.7,0.0,100.0,0.0
528,Pushups,148.02,149.35,70.08,152.0,,171.0,up,Bad,Good,90.9,4,Shoulders flaring or collapsing; Hips sagging or piking; Knees bent — not in full plank; Elbow flare — keep elbows closer to torso.; Insufficient depth — chest not low enough.; Hip sag detected — maintain straight plank line.,70.7,100.0,0.0,100.0,100.0,56.7,0.0,100.0,0.0
529,Pushups,144.93,148.72,71.51,161.18,,171.6,up,Bad,Good,90.9,4,Shoulders flaring or collapsing; Hips sagging or piking; Elbow flare — keep elbows closer to torso.; Insufficient depth — chest not low enough.; Hip sag detected — maintain straight plank line.,71.8,100.0,0.0,100.0,100.0,67.7,0.0,100.0,0.0
530,Pushups,148.38,148.27,69.55,165.18,,173.1,up,Bad,Good,90.4,4,Shoulders flaring or collapsing; Hips sagging or piking; Elbow flare — keep elbows closer to torso.; Insufficient depth — chest not low enough.; Hip sag detected — maintain straight plank line.,71.8,100.0,0.0,100.0,100.0,67.7,0.0,100.0,0.0
531,Pushups,151.56,146.23,76.53,171.06,,174.8,up,Bad,Good,90.4,4,Shoulders flaring or collapsing; Hips sagging or piking; Elbow flare — keep elbows closer to torso.; Insufficient depth — chest not low enough.; Hip sag detected — maintain straight plank line.,71.8,100.0,0.0,100.0,100.0,67.7,0.0,100.0,0.0
532,Pushups,147.91,143.31,84.83,173.01,,172.9,up,Bad,Good,90.7,4,Shoulders flaring or collapsing; Hips sagging or piking; Elbow flare — keep elbows closer to torso.; Insufficient depth — chest not low enough.; Hip sag detected — maintain straight plank line.,71.8,100.0,0.0,100.0,100.0,67.7,0.0,100.0,0.0
533,Pushups,143.25,140.28,89.54,171.15,,172.3,up,Bad,Good,91.0,4,Shoulders flaring or collapsing; Hips sagging or piking; Elbow flare — keep elbows closer to torso.; Insufficient depth — chest not low enough.; Hip sag detected — maintain straight plank line.,71.8,100.0,0.0,100.0,100.0,67.7,0.0,100.0,0.0
534,Pushups,140.49,137.55,87.82,161.48,,170.2,up,Bad,Good,90.9,4,Shoulders flaring or collapsing; Hips sagging or piking; Elbow flare — keep elbows closer to torso.; Insufficient depth — chest not low enough.; Hip sag detected — maintain straight plank line.,71.8,100.0,0.0,100.0,100.0,67.7,0.0,100.0,0.0
535,Pushups,138.76,135.91,90.79,161.17,,166.8,up,Bad,Good,90.9,4,Shoulders flaring or collapsing; Hips sagging or piking; Elbow flare — keep elbows closer to torso.; Insufficient depth — chest not low enough.; Hip sag detected — maintain straight plank line.,71.8,100.0,0.0,100.0,100.0,67.7,0.0,100.0,0.0
536,Pushups,140.32,132.54,96.45,164.36,,163.2,up,Bad,Good,91.1,4,Shoulders flaring or collapsing; Hips sagging or piking; Elbow flare — keep elbows closer to torso.; Insufficient depth — chest not low enough.; Hip sag detected — maintain straight plank line.,71.8,100.0,0.0,100.0,100.0,67.7,0.0,100.0,0.0
537,Pushups,142.79,129.02,100.26,163.73,,160.9,up,Bad,Good,91.4,4,Shoulders flaring or collapsing; Hips sagging or piking; Elbow flare — keep elbows closer to torso.; Insufficient depth — chest not low enough.; Hip sag detected — maintain straight plank line.,71.8,100.0,0.0,100.0,100.0,67.7,0.0,100.0,0.0
538,Pushups,145.7,121.79,107.06,165.53,,159.5,up,Bad,Good,92.0,4,Shoulders flaring or collapsing; Hips sagging or piking; Elbow flare — keep elbows closer to torso.; Insufficient depth — chest not low enough.; Hip sag detected — maintain straight plank line.,71.8,100.0,0.0,100.0,100.0,67.7,0.0,100.0,0.0
539,Pushups,143.0,120.53,108.07,164.05,,159.0,up,Bad,Good,92.0,4,Shoulders flaring or collapsing; Hips sagging or piking; Elbow flare — keep elbows closer to torso.; Insufficient depth — chest not low enough.; Hip sag detected — maintain straight plank line.,71.8,100.0,0.0,100.0,100.0,67.7,0.0,100.0,0.0
540,Pushups,143.64,117.69,107.48,159.5,117.69,159.7,up,Bad,Good,92.2,4,Shoulders flaring or collapsing; Hips sagging or piking; Elbow flare — keep elbows closer to torso.; Insufficient depth — chest not low enough.; Hip sag detected — maintain straight plank line.,71.1,100.0,0.0,100.0,100.0,61.3,0.0,100.0,0.0
541,Pushups,145.87,117.93,108.3,161.61,117.93,160.8,up,Bad,Good,92.4,4,Shoulders flaring or collapsing; Hips sagging or piking; Elbow flare — keep elbows closer to torso.; Insufficient depth — chest not low enough.; Hip sag detected — maintain straight plank line.,71.1,100.0,0.0,100.0,100.0,61.4,0.0,100.0,0.0
542,Pushups,147.38,116.94,110.44,159.66,116.94,164.3,up,Bad,Good,93.2,4,Shoulders flaring or collapsing; Hips sagging or piking; Elbow flare — keep elbows closer to torso.; Insufficient depth — chest not low enough.; Hip sag detected — maintain straight plank line.,71.1,100.0,0.0,100.0,100.0,61.1,0.0,100.0,0.0
543,Pushups,141.78,112.26,117.97,154.82,112.26,165.5,up,Bad,Good,93.7,4,Shoulders flaring or collapsing; Hips sagging or piking; Knees bent — not in full plank; Elbow flare — keep elbows closer to torso.; Insufficient depth — chest not low enough.; Hip sag detected — maintain straight plank line.,70.0,100.0,0.0,100.0,100.0,50.3,0.0,100.0,0.0
544,Pushups,140.86,111.43,118.93,157.97,111.43,166.3,up,Bad,Good,93.9,4,Shoulders flaring or collapsing; Hips sagging or piking; Elbow flare — keep elbows closer to torso.; Insufficient depth — chest not low enough.; Hip sag detected — maintain straight plank line.,71.1,100.0,0.0,100.0,100.0,61.3,0.0,100.0,0.0
545,Pushups,138.93,109.05,121.83,157.6,109.05,165.7,up,Bad,Good,94.2,4,Shoulders flaring or collapsing; Hips sagging or piking; Elbow flare — keep elbows closer to torso.; Insufficient depth — chest not low enough.; Hip sag detected — maintain straight plank line.,71.1,100.0,0.0,100.0,100.0,61.2,0.0,100.0,0.0
546,Pushups,137.79,105.02,118.18,145.25,,164.4,up,Bad,Good,94.5,4,Shoulders flaring or collapsing; Hips sagging or piking; Knees bent — not in full plank; Elbow flare — keep elbows closer to torso.; Insufficient depth — chest not low enough.; Hip sag detected — maintain straight plank line.,70.7,100.0,0.0,100.0,100.0,56.7,0.0,100.0,0.0
547,Pushups,119.51,99.11,126.02,147.57,,159.3,up,Bad,Good,95.0,4,Shoulders flaring or collapsing; Hips sagging or piking; Knees bent — not in full plank; Elbow flare — keep elbows closer to torso.; Hip sag detected — maintain straight plank line.,70.9,100.0,0.0,100.0,100.0,59.3,0.0,100.0,0.0
548,Pushups,112.87,94.28,139.3,157.87,94.28,152.8,up,Bad,Good,95.3,4,Hips sagging or piking; Hip sag detected — maintain straight plank line.,72.7,100.0,0.0,100.0,100.0,77.0,0.0,100.0,0.0
549,Pushups,110.42,88.74,151.56,158.88,,146.4,up,Bad,Good,95.5,4,Hips sagging or piking; Hip sag detected — maintain straight plank line.,73.4,100.0,0.0,100.0,100.0,84.0,0.0,100.0,0.0
550,Pushups,105.83,83.98,166.23,164.9,83.98,140.3,up,Bad,Good,95.8,4,Hip sag detected — maintain straight plank line.,73.8,100.0,0.0,100.0,100.0,87.8,0.0,100.0,0.0
551,Pushups,105.99,79.46,174.96,166.42,79.46,134.3,up,Bad,Good,96.3,4,Hip sag detected — maintain straight plank line.,73.8,100.0,0.0,100.0,100.0,87.5,0.0,100.0,0.0
552,Pushups,100.28,78.5,175.31,164.33,78.5,130.6,up,Bad,Good,96.8,4,Hip sag detected — maintain straight plank line.,73.8,100.0,0.0,100.0,100.0,87.6,0.0,100.0,0.0
553,Pushups,101.5,79.16,177.11,163.79,79.16,127.3,up,Bad,Good,97.3,4,Hip sag detected — maintain straight plank line.,73.8,100.0,0.0,100.0,100.0,87.5,0.0,100.0,0.0
554,Pushups,95.56,78.6,175.34,163.31,78.6,122.7,up,Bad,Good,97.5,4,Hip sag detected — maintain straight plank line.,73.8,100.0,0.0,100.0,100.0,87.8,0.0,100.0,0.0
555,Pushups,92.63,79.05,173.87,160.13,79.05,116.8,up,Bad,Good,97.7,4,Hip sag detected — maintain straight plank line.,73.8,100.0,0.0,100.0,100.0,88.1,0.0,100.0,0.0
556,Pushups,89.96,78.52,174.94,161.64,78.52,109.3,down,Bad,Good,97.8,5,Hip sag detected — maintain straight plank line.,73.8,100.0,0.0,100.0,100.0,88.3,0.0,100.0,0.0
557,Pushups,92.37,78.83,175.6,161.83,78.83,101.6,down,Bad,Good,97.8,5,Hip sag detected — maintain straight plank line.,73.9,100.0,0.0,100.0,100.0,88.6,0.0,100.0,0.0
558,Pushups,88.43,79.91,175.22,161.69,79.91,93.8,down,Bad,Good,97.8,5,Hip sag detected — maintain straight plank line.,73.9,100.0,0.0,100.0,100.0,88.6,0.0,100.0,0.0
559,Pushups,85.41,79.39,176.6,162.63,79.39,86.4,down,Bad,Good,97.5,5,Hip sag detected — maintain straight plank line.,73.9,100.0,0.0,100.0,100.0,88.9,0.0,100.0,0.0
560,Pushups,85.01,79.56,177.25,162.58,79.56,80.3,down,Bad,Good,97.3,5,Hip sag detected — maintain straight plank line.,73.9,100.0,0.0,100.0,100.0,88.8,0.0,100.0,0.0
561,Pushups,88.98,79.15,177.92,163.5,79.15,77.3,down,Bad,Good,97.1,5,Hip sag detected — maintain straight plank line.,73.9,100.0,0.0,100.0,100.0,88.7,0.0,100.0,0.0
562,Pushups,92.68,77.63,177.01,163.05,77.63,76.8,down,Bad,Good,97.0,5,Hip sag detected — maintain straight plank line.,73.8,100.0,0.0,100.0,100.0,88.5,0.0,100.0,0.0
563,Pushups,97.03,77.02,176.93,162.91,77.02,80.4,down,Bad,Good,96.9,5,Hip sag detected — maintain straight plank line.,73.8,100.0,0.0,100.0,100.0,88.3,0.0,100.0,0.0
564,Pushups,102.42,75.97,177.54,160.05,75.97,89.1,down,Bad,Good,96.9,5,Hip sag detected — maintain straight plank line.,73.8,100.0,0.0,100.0,100.0,87.9,0.0,100.0,0.0
565,Pushups,109.46,75.77,176.58,161.84,75.77,101.3,down,Bad,Good,96.9,5,Hip sag detected — maintain straight plank line.,73.8,100.0,0.0,100.0,100.0,87.8,0.0,100.0,0.0
566,Pushups,118.23,74.66,175.49,163.19,74.66,115.0,down,Bad,Good,97.0,5,Hip sag detected — maintain straight plank line.,73.8,100.0,0.0,100.0,100.0,87.8,0.0,100.0,0.0
567,Pushups,127.86,73.76,173.58,159.48,73.76,128.9,down,Bad,Good,97.1,5,Insufficient depth — chest not low enough.; Hip sag detected — maintain straight plank line.,73.5,100.0,0.0,100.0,100.0,85.3,0.0,100.0,0.0
568,Pushups,137.28,73.65,170.85,161.03,73.65,141.8,up,Bad,Good,97.3,5,Insufficient depth — chest not low enough.; Hip sag detected — maintain straight plank line.,73.5,100.0,0.0,100.0,100.0,85.3,0.0,100.0,0.0
569,Pushups,138.34,73.68,165.57,155.3,73.68,151.1,up,Bad,Good,97.6,5,Insufficient depth — chest not low enough.; Hip sag detected — maintain straight plank line.,73.5,100.0,0.0,100.0,100.0,85.3,0.0,100.0,0.0
570,Pushups,138.57,73.72,166.59,157.47,73.72,157.7,up,Bad,Good,97.9,5,Insufficient depth — chest not low enough.; Hip sag detected — maintain straight plank line.,73.5,100.0,0.0,100.0,100.0,85.3,0.0,100.0,0.0
571,Pushups,138.35,73.32,167.44,158.21,73.32,161.2,up,Bad,Good,98.0,5,Insufficient depth — chest not low enough.; Hip sag detected — maintain straight plank line.,73.5,100.0,0.0,100.0,100.0,85.4,0.0,100.0,0.0
572,Pushups,131.32,72.29,169.56,159.21,72.29,163.0,up,Bad,Good,98.0,5,Insufficient depth — chest not low enough.; Hip sag detected — maintain straight plank line.,73.5,100.0,0.0,100.0,100.0,85.4,0.0,100.0,0.0
573,Pushups,123.98,72.19,172.37,161.57,72.19,162.1,up,Bad,Good,98.0,5,Insufficient depth — chest not low enough.; Hip sag detected — maintain straight plank line.,73.5,100.0,0.0,100.0,100.0,85.3,0.0,100.0,0.0
574,Pushups,116.28,72.76,174.12,163.91,72.76,159.0,up,Bad,Good,98.1,5,Hip sag detected — maintain straight plank line.,73.8,100.0,0.0,100.0,100.0,87.8,0.0,100.0,0.0
575,Pushups,107.73,73.66,175.77,161.48,73.66,153.5,up,Bad,Good,98.2,5,Hip sag detected — maintain straight plank line.,73.8,100.0,0.0,100.0,100.0,87.7,0.0,100.0,0.0
576,Pushups,107.16,74.59,176.65,161.37,74.59,145.2,up,Bad,Good,98.3,5,Hip sag detected — maintain straight plank line.,73.8,100.0,0.0,100.0,100.0,87.9,0.0,100.0,0.0
577,Pushups,103.84,76.37,177.75,161.89,76.37,132.8,down,Bad,Good,98.2,6,Hip sag detected — maintain straight plank line.,73.9,100.0,0.0,100.0,100.0,88.6,0.0,100.0,0.0
578,Pushups,100.62,77.05,178.18,159.99,77.05,118.1,down,Bad,Good,98.0,6,Hip sag detected — maintain straight plank line.,73.9,100.0,0.0,100.0,100.0,88.7,0.0,100.0,0.0
579,Pushups,93.31,78.15,178.58,160.69,78.15,102.7,down,Bad,Good,97.8,6,Hip sag detected — maintain straight plank line.,73.9,100.0,0.0,100.0,100.0,88.8,0.0,100.0,0.0
580,Pushups,92.79,78.54,178.62,161.62,78.54,87.9,down,Bad,Good,97.8,6,Hip sag detected — maintain straight plank line.,73.9,100.0,0.0,100.0,100.0,88.8,0.0,100.0,0.0
581,Pushups,94.07,78.86,178.57,161.63,78.86,76.4,down,Bad,Good,97.6,6,Hip sag detected — maintain straight plank line.,73.9,100.0,0.0,100.0,100.0,88.8,0.0,100.0,0.0
582,Pushups,91.02,78.8,178.58,160.62,78.8,71.3,down,Bad,Good,97.5,6,Hip sag detected — maintain straight plank line.,73.9,100.0,0.0,100.0,100.0,88.8,0.0,100.0,0.0
583,Pushups,97.42,76.99,177.64,160.14,76.99,70.6,down,Bad,Good,97.4,6,Hip sag detected — maintain straight plank line.,73.8,100.0,0.0,100.0,100.0,88.4,0.0,100.0,0.0
584,Pushups,99.72,76.22,177.3,159.77,76.22,76.9,down,Bad,Good,97.3,6,Hip sag detected — maintain straight plank line.,73.9,100.0,0.0,100.0,100.0,88.6,0.0,100.0,0.0
585,Pushups,104.69,75.21,176.22,158.35,75.21,90.1,down,Bad,Good,97.3,6,Hip sag detected — maintain straight plank line.,73.8,100.0,0.0,100.0,100.0,88.3,0.0,100.0,0.0
586,Pushups,114.66,74.72,175.28,161.15,74.72,106.2,down,Bad,Good,97.4,6,Hip sag detected — maintain straight plank line.,73.8,100.0,0.0,100.0,100.0,88.2,0.0,100.0,0.0
587,Pushups,124.12,73.93,173.9,161.52,73.93,121.9,down,Bad,Good,97.5,6,Insufficient depth — chest not low enough.; Hip sag detected — maintain straight plank line.,73.5,100.0,0.0,100.0,100.0,85.5,0.0,100.0,0.0
588,Pushups,131.62,72.53,171.66,159.02,72.53,137.6,up,Bad,Good,97.6,6,Insufficient depth — chest not low enough.; Hip sag detected — maintain straight plank line.,73.5,100.0,0.0,100.0,100.0,85.2,0.0,100.0,0.0
589,Pushups,139.32,71.75,169.23,155.69,71.75,149.9,up,Bad,Good,97.8,6,Insufficient depth — chest not low enough.; Hip sag detected — maintain straight plank line.,73.5,100.0,0.0,100.0,100.0,85.3,0.0,100.0,0.0
590,Pushups,140.34,71.08,168.57,156.43,71.08,156.8,up,Bad,Good,98.0,6,Insufficient depth — chest not low enough.; Hip sag detected — maintain straight plank line.,73.5,100.0,0.0,100.0,100.0,85.5,0.0,100.0,0.0
591,Pushups,140.77,71.21,168.73,156.09,71.21,160.9,up,Bad,Good,98.1,6,Insufficient depth — chest not low enough.; Hip sag detected — maintain straight plank line.,73.5,100.0,0.0,100.0,100.0,85.5,0.0,100.0,0.0
592,Pushups,138.95,71.33,169.5,155.55,71.33,162.5,up,Bad,Good,98.3,6,Insufficient depth — chest not low enough.; Hip sag detected — maintain straight plank line.,73.5,100.0,0.0,100.0,100.0,85.5,0.0,100.0,0.0
593,Pushups,133.43,71.36,173.5,163.81,71.36,161.9,up,Bad,Good,98.3,6,Insufficient depth — chest not low enough.; Hip sag detected — maintain straight plank line.,73.5,100.0,0.0,100.0,100.0,85.5,0.0,100.0,0.0
594,Pushups,121.97,71.65,175.62,164.74,71.65,158.9,up,Bad,Good,98.3,6,Insufficient depth — chest not low enough.; Hip sag detected — maintain straight plank line.,73.5,100.0,0.0,100.0,100.0,85.4,0.0,100.0,0.0
595,Pushups,111.87,72.48,177.72,159.74,72.48,153.7,up,Bad,Good,98.2,6,Hip sag detected — maintain straight plank line.,73.8,100.0,0.0,100.0,100.0,87.9,0.0,100.0,0.0
596,Pushups,108.48,73.18,178.21,157.54,73.18,145.5,up,Bad,Good,98.4,6,Hip sag detected — maintain straight plank line.,73.8,100.0,0.0,100.0,100.0,87.9,0.0,100.0,0.0
597,Pushups,104.86,74.67,178.21,155.74,74.67,133.5,up,Bad,Good,98.4,6,Hip sag detected — maintain straight plank line.,73.8,100.0,0.0,100.0,100.0,88.1,0.0,100.0,0.0
598,Pushups,98.49,76.82,178.06,157.6,76.82,118.7,down,Bad,Good,98.3,7,Hip sag detected — maintain straight plank line.,73.8,100.0,0.0,100.0,100.0,88.2,0.0,100.0,0.0
599,Pushups,91.84,77.94,177.81,158.69,77.94,103.0,down,Bad,Good,98.1,7,Hip sag detected — maintain straight plank line.,73.8,100.0,0.0,100.0,100.0,88.3,0.0,100.0,0.0
600,Pushups,90.62,78.88,177.95,161.35,78.88,87.8,down,Bad,Good,97.9,7,Hip sag detected — maintain straight plank line.,73.8,100.0,0.0,100.0,100.0,88.5,0.0,100.0,0.0
601,Pushups,91.05,79.21,177.87,162.42,79.21,75.1,down,Bad,Good,97.8,7,Hip sag detected — maintain straight plank line.,73.9,100.0,0.0,100.0,100.0,88.7,0.0,100.0,0.0
602,Pushups,90.75,78.94,177.9,161.12,78.94,68.9,down,Bad,Good,97.7,7,Hip sag detected — maintain straight plank line.,73.9,100.0,0.0,100.0,100.0,88.7,0.0,100.0,0.0
603,Pushups,93.83,77.69,177.28,161.1,77.69,67.8,down,Bad,Good,97.7,7,Hip sag detected — maintain straight plank line.,73.9,100.0,0.0,100.0,100.0,88.6,0.0,100.0,0.0
604,Pushups,97.07,76.29,177.39,163.36,76.29,74.0,down,Bad,Good,97.4,7,Hip sag detected — maintain straight plank line.,73.9,100.0,0.0,100.0,100.0,88.6,0.0,100.0,0.0
605,Pushups,103.3,74.24,176.07,161.25,74.24,87.1,down,Bad,Good,97.4,7,Hip sag detected — maintain straight plank line.,73.8,100.0,0.0,100.0,100.0,88.4,0.0,100.0,0.0
606,Pushups,114.47,73.44,176.41,159.35,73.44,103.4,down,Bad,Good,97.3,7,Hip sag detected — maintain straight plank line.,73.8,100.0,0.0,100.0,100.0,88.4,0.0,100.0,0.0
607,Pushups,123.67,72.27,175.17,158.5,72.27,120.0,down,Bad,Good,97.4,7,Insufficient depth — chest not low enough.; Hip sag detected — maintain straight plank line.,73.5,100.0,0.0,100.0,100.0,85.5,0.0,100.0,0.0
608,Pushups,132.32,70.53,173.82,157.19,70.53,136.8,up,Bad,Good,97.5,7,Insufficient depth — chest not low enough.; Hip sag detected — maintain straight plank line.,73.5,100.0,0.0,100.0,100.0,85.4,0.0,100.0,0.0
609,Pushups,137.34,69.51,171.1,154.14,69.51,149.8,up,Bad,Good,97.6,7,Knees bent — not in full plank; Insufficient depth — chest not low enough.; Hip sag detected — maintain straight plank line.,72.4,100.0,0.0,100.0,100.0,74.3,0.0,100.0,0.0
610,Pushups,141.9,69.8,168.21,153.96,69.8,157.9,up,Bad,Good,97.8,7,Knees bent — not in full plank; Insufficient depth — chest not low enough.; Hip sag detected — maintain straight plank line.,72.4,100.0,0.0,100.0,100.0,74.4,0.0,100.0,0.0
611,Pushups,145.99,70.13,168.77,156.4,70.13,163.8,up,Bad,Good,98.1,7,Insufficient depth — chest not low enough.; Hip sag detected — maintain straight plank line.,73.5,100.0,0.0,100.0,100.0,85.4,0.0,100.0,0.0
612,Pushups,148.83,70.54,166.3,152.82,70.54,167.5,up,Bad,Good,98.3,7,Knees bent — not in full plank; Insufficient depth — chest not low enough.; Hip sag detected — maintain straight plank line.,72.5,100.0,0.0,100.0,100.0,74.6,0.0,100.0,0.0
613,Pushups,150.48,70.92,166.66,153.79,70.92,169.8,up,Bad,Good,98.5,7,Knees bent — not in full plank; Insufficient depth — chest not low enough.; Hip sag detected — maintain straight plank line.,72.5,100.0,0.0,100.0,100.0,74.7,0.0,100.0,0.0
614,Pushups,148.36,71.17,166.77,154.25,71.17,170.5,up,Bad,Good,98.7,7,Knees bent — not in full plank; Insufficient depth — chest not low enough.; Hip sag detected — maintain straight plank line.,72.5,100.0,0.0,100.0,100.0,74.7,0.0,100.0,0.0
615,Pushups,149.58,71.56,167.12,154.76,71.56,171.1,up,Bad,Good,98.9,7,Knees bent — not in full plank; Insufficient depth — chest not low enough.; Hip sag detected — maintain straight plank line.,72.5,100.0,0.0,100.0,100.0,74.7,0.0,100.0,0.0
616,Pushups,148.76,72.38,167.01,155.61,72.38,171.3,up,Bad,Good,99.0,7,Insufficient depth — chest not low enough.; Hip sag detected — maintain straight plank line.,73.6,100.0,0.0,100.0,100.0,85.6,0.0,100.0,0.0
617,Pushups,149.42,73.3,167.73,158.13,73.3,171.7,up,Bad,Good,99.0,7,Insufficient depth — chest not low enough.; Hip sag detected — maintain straight plank line.,73.6,100.0,0.0,100.0,100.0,85.6,0.0,100.0,0.0
618,Pushups,148.6,73.33,171.21,163.51,73.33,171.9,up,Bad,Good,98.9,7,Insufficient depth — chest not low enough.; Hip sag detected — maintain straight plank line.,73.6,100.0,0.0,100.0,100.0,85.6,0.0,100.0,0.0
619,Pushups,148.89,73.65,171.6,164.66,73.65,172.4,up,Bad,Good,98.8,7,Insufficient depth — chest not low enough.; Hip sag detected — maintain straight plank line.,73.6,100.0,0.0,100.0,100.0,85.6,0.0,100.0,0.0
620,Pushups,147.71,74.18,168.78,158.39,74.18,172.9,up,Bad,Good,98.6,7,Insufficient depth — chest not low enough.; Hip sag detected — maintain straight plank line.,73.6,100.0,0.0,100.0,100.0,85.8,0.0,100.0,0.0
621,Pushups,145.92,76.23,153.26,143.94,76.23,173.3,up,Bad,Good,98.6,7,Hips sagging or piking; Knees bent — not in full plank; Insufficient depth — chest not low enough.; Hip sag detected — maintain straight plank line.,71.4,100.0,0.0,100.0,100.0,64.1,0.0,100.0,0.0
622,Pushups,147.27,77.57,132.46,121.59,77.57,173.7,up,Bad,Good,98.3,7,Hips sagging or piking; Knees bent — not in full plank; Insufficient depth — chest not low enough.; Hip sag detected — maintain straight plank line.,71.4,100.0,0.0,100.0,100.0,64.0,0.0,100.0,0.0
623,Pushups,147.57,78.59,118.33,108.14,78.59,174.3,up,Bad,Good,98.0,7,Hips sagging or piking; Knees bent — not in full plank; Insufficient depth — chest not low enough.; Hip sag detected — maintain straight plank line.,71.4,100.0,0.0,100.0,100.0,64.0,0.0,100.0,0.0
624,Pushups,145.36,79.32,107.04,101.33,79.32,175.0,up,Bad,Good,97.9,7,Hips sagging or piking; Knees bent — not in full plank; Insufficient depth — chest not low enough.; Hip sag detected — maintain straight plank line.,71.4,100.0,0.0,100.0,100.0,64.1,0.0,100.0,0.0
625,Pushups,145.73,79.26,106.39,107.86,79.26,175.7,up,Bad,Good,97.9,7,Hips sagging or piking; Knees bent — not in full plank; Insufficient depth — chest not low enough.; Hip sag detected — maintain straight plank line.,71.4,100.0,0.0,100.0,100.0,64.0,0.0,100.0,0.0
626,Pushups,145.3,79.14,119.84,120.27,79.14,176.4,up,Bad,Good,97.9,7,Hips sagging or piking; Knees bent — not in full plank; Insufficient depth — chest not low enough.; Hip sag detected — maintain straight plank line.,71.4,100.0,0.0,100.0,100.0,64.0,0.0,100.0,0.0
627,Pushups,143.98,78.69,92.31,90.85,78.69,176.8,up,Bad,Good,97.7,7,Hips sagging or piking; Knees bent — not in full plank; Insufficient depth — chest not low enough.; Hip sag detected — maintain straight plank line.,71.4,100.0,0.0,100.0,100.0,64.0,0.0,100.0,0.0
628,Pushups,141.8,78.12,86.34,81.39,78.12,176.9,up,Bad,Good,97.4,7,Hips sagging or piking; Knees bent — not in full plank; Insufficient depth — chest not low enough.; Hip sag detected — maintain straight plank line.,71.4,100.0,0.0,100.0,100.0,64.1,0.0,100.0,0.0
629,Pushups,142.27,77.14,91.19,85.56,77.14,176.9,up,Bad,Good,97.2,7,Hips sagging or piking; Knees bent — not in full plank; Insufficient depth — chest not low enough.; Hip sag detected — maintain straight plank line.,71.4,100.0,0.0,100.0,100.0,64.0,0.0,100.0,0.0
630,Pushups,140.43,76.64,89.18,83.0,76.64,176.5,up,Bad,Good,97.0,7,Hips sagging or piking; Knees bent — not in full plank; Insufficient depth — chest not low enough.; Hip sag detected — maintain straight plank line.,71.4,100.0,0.0,100.0,100.0,64.0,0.0,100.0,0.0
631,Pushups,141.12,76.03,95.86,88.26,76.03,176.0,up,Bad,Good,96.9,7,Hips sagging or piking; Knees bent — not in full plank; Insufficient depth — chest not low enough.; Hip sag detected — maintain straight plank line.,71.4,100.0,0.0,100.0,100.0,63.8,0.0,100.0,0.0
632,Pushups,143.0,75.78,122.98,116.73,75.78,175.6,up,Bad,Good,96.8,7,Hips sagging or piking; Knees bent — not in full plank; Insufficient depth — chest not low enough.; Hip sag detected — maintain straight plank line.,71.3,100.0,0.0,100.0,100.0,63.5,0.0,100.0,0.0
633,Pushups,144.11,75.39,133.34,129.23,75.39,175.0,up,Bad,Good,96.8,7,Hips sagging or piking; Knees bent — not in full plank; Insufficient depth — chest not low enough.; Hip sag detected — maintain straight plank line.,71.3,100.0,0.0,100.0,100.0,63.3,0.0,100.0,0.0
634,Pushups,144.82,75.33,155.21,151.9,75.33,174.3,up,Bad,Good,96.8,7,Knees bent — not in full plank; Insufficient depth — chest not low enough.; Hip sag detected — maintain straight plank line.,72.4,100.0,0.0,100.0,100.0,74.1,0.0,100.0,0.0
635,Pushups,144.95,74.81,141.05,135.31,74.81,173.8,up,Bad,Good,97.0,7,Hips sagging or piking; Knees bent — not in full plank; Insufficient depth — chest not low enough.; Hip sag detected — maintain straight plank line.,71.3,100.0,0.0,100.0,100.0,63.0,0.0,100.0,0.0
636,Pushups,146.15,74.94,151.49,144.62,74.94,173.6,up,Bad,Good,97.4,7,Hips sagging or piking; Knees bent — not in full plank; Insufficient depth — chest not low enough.; Hip sag detected — maintain straight plank line.,71.3,100.0,0.0,100.0,100.0,62.9,0.0,100.0,0.0
637,Pushups,148.09,74.34,147.3,119.59,74.34,173.4,up,Bad,Good,97.4,7,Hips sagging or piking; Knees bent — not in full plank; Insufficient depth — chest not low enough.; Hip sag detected — maintain straight plank line.,71.3,100.0,0.0,100.0,100.0,62.8,0.0,100.0,0.0
638,Pushups,148.54,74.37,157.92,146.47,74.37,173.2,up,Bad,Good,97.8,7,Knees bent — not in full plank; Insufficient depth — chest not low enough.; Hip sag detected — maintain straight plank line.,72.4,100.0,0.0,100.0,100.0,73.8,0.0,100.0,0.0
639,Pushups,148.59,74.37,151.67,138.88,74.37,173.2,up,Bad,Good,97.9,7,Hips sagging or piking; Knees bent — not in full plank; Insufficient depth — chest not low enough.; Hip sag detected — maintain straight plank line.,71.3,100.0,0.0,100.0,100.0,62.8,0.0,100.0,0.0
640,Pushups,148.74,73.96,155.24,139.06,73.96,172.8,up,Bad,Good,97.8,7,Knees bent — not in full plank; Insufficient depth — chest not low enough.; Hip sag detected — maintain straight plank line.,72.4,100.0,0.0,100.0,100.0,73.8,0.0,100.0,0.0
641,Pushups,148.8,73.3,155.51,136.79,73.3,172.1,up,Bad,Good,98.0,7,Knees bent — not in full plank; Insufficient depth — chest not low enough.; Hip sag detected — maintain straight plank line.,68.6,87.3,0.0,100.0,100.0,73.8,0.0,100.0,0.0
642,Pushups,150.32,72.84,148.66,110.65,72.84,171.1,up,Bad,Good,97.9,7,Hips sagging or piking; Knees bent — not in full plank; Insufficient depth — chest not low enough.; Hip sag detected — maintain straight plank line.,67.5,87.3,0.0,100.0,100.0,62.9,0.0,100.0,0.0
643,Pushups,150.49,72.93,148.65,125.1,72.93,169.8,up,Bad,Good,98.2,7,Hips sagging or piking; Knees bent — not in full plank; Insufficient depth — chest not low enough.; Hip sag detected — maintain straight plank line.,67.5,87.3,0.0,100.0,100.0,62.9,0.0,100.0,0.0
644,Pushups,150.78,72.61,148.71,130.74,72.61,168.3,up,Bad,Good,98.2,7,Hips sagging or piking; Knees bent — not in full plank; Insufficient depth — chest not low enough.; Hip sag detected — maintain straight plank line.,67.5,87.3,0.0,100.0,100.0,63.0,0.0,100.0,0.0
645,Pushups,153.01,72.24,148.87,134.94,72.24,166.8,up,Bad,Good,98.5,7,Hips sagging or piking; Knees bent — not in full plank; Insufficient depth — chest not low enough.; Hip sag detected — maintain straight plank line.,67.5,87.3,0.0,100.0,100.0,63.2,0.0,100.0,0.0
646,Pushups,152.24,71.9,150.1,138.6,71.9,165.3,up,Bad,Good,98.4,7,Hips sagging or piking; Knees bent — not in full plank; Insufficient depth — chest not low enough.; Hip sag detected — maintain straight plank line.,67.5,87.3,0.0,100.0,100.0,63.4,0.0,100.0,0.0
647,Pushups,147.22,72.21,149.97,139.89,72.21,163.4,up,Bad,Good,98.6,7,Hips sagging or piking; Knees bent — not in full plank; Insufficient depth — chest not low enough.; Hip sag detected — maintain straight plank line.,67.5,87.3,0.0,100.0,100.0,63.4,0.0,100.0,0.0
648,Pushups,143.89,73.55,144.48,133.9,73.55,161.1,up,Bad,Good,98.8,7,Hips sagging or piking; Knees bent — not in full plank; Insufficient depth — chest not low enough.; Hip sag detected — maintain straight plank line.,67.5,87.3,0.0,100.0,100.0,63.2,0.0,100.0,0.0
649,Pushups,143.45,74.26,133.73,114.17,74.26,159.9,up,Bad,Good,98.6,7,Hips sagging or piking; Knees bent — not in full plank; Insufficient depth — chest not low enough.; Hip sag detected — maintain straight plank line.,67.5,87.3,0.0,100.0,100.0,62.9,0.0,100.0,0.0
650,Pushups,142.76,74.73,118.7,90.41,74.73,159.2,up,Bad,Good,98.4,7,Hips sagging or piking; Knees bent — not in full plank; Insufficient depth — chest not low enough.; Hip sag detected — maintain straight plank line.,65.8,81.7,0.0,100.0,100.0,62.9,0.0,100.0,0.0
651,Pushups,143.01,75.51,94.96,68.49,75.51,160.3,up,Bad,Good,97.9,7,Hips sagging or piking; Knees bent — not in full plank; Insufficient depth — chest not low enough.; Hip sag detected — maintain straight plank line.,66.4,83.6,0.0,100.0,100.0,62.9,0.0,100.0,0.0
652,Pushups,143.14,76.38,88.0,66.55,76.38,163.0,up,Bad,Good,97.5,7,Hips sagging or piking; Knees bent — not in full plank; Insufficient depth — chest not low enough.; Hip sag detected — maintain straight plank line.,66.4,83.7,0.0,100.0,100.0,62.9,0.0,100.0,0.0
653,Pushups,143.18,77.05,80.94,62.36,77.05,166.9,up,Bad,Good,97.0,7,Hips sagging or piking; Knees bent — not in full plank; Insufficient depth — chest not low enough.; Hip sag detected — maintain straight plank line.,66.2,83.2,0.0,100.0,100.0,62.8,0.0,100.0,0.0
654,Pushups,145.79,76.8,72.15,54.35,76.8,169.9,up,Bad,Good,96.5,7,Hips sagging or piking; Knees bent — not in full plank; Insufficient depth — chest not low enough.; Hip sag detected — maintain straight plank line.,68.2,89.7,0.0,100.0,100.0,62.9,0.0,100.0,0.0
655,Pushups,146.72,76.6,71.46,53.73,76.6,172.6,up,Bad,Good,95.9,7,Hips sagging or piking; Knees bent — not in full plank; Insufficient depth — chest not low enough.; Hip sag detected — maintain straight plank line.,68.4,90.2,0.0,100.0,100.0,62.9,0.0,100.0,0.0
656,Pushups,144.75,76.35,71.14,53.44,76.35,173.4,up,Bad,Good,95.4,7,Hips sagging or piking; Knees bent — not in full plank; Insufficient depth — chest not low enough.; Hip sag detected — maintain straight plank line.,68.4,90.4,0.0,100.0,100.0,62.9,0.0,100.0,0.0
657,Pushups,144.19,76.27,72.96,54.69,76.27,173.0,up,Bad,Good,95.1,7,Hips sagging or piking; Knees bent — not in full plank; Insufficient depth — chest not low enough.; Hip sag detected — maintain straight plank line.,68.4,90.4,0.0,100.0,100.0,62.9,0.0,100.0,0.0
658,Pushups,143.97,76.4,74.44,55.91,76.4,172.1,up,Bad,Good,94.9,7,Hips sagging or piking; Knees bent — not in full plank; Insufficient depth — chest not low enough.; Hip sag detected — maintain straight plank line.,68.4,90.4,0.0,100.0,100.0,63.0,0.0,100.0,0.0
659,Pushups,145.76,76.54,75.11,55.97,76.54,171.1,up,Bad,Good,94.7,7,Hips sagging or piking; Knees bent — not in full plank; Insufficient depth — chest not low enough.; Hip sag detected — maintain straight plank line.,68.4,90.4,0.0,100.0,100.0,63.1,0.0,100.0,0.0
660,Pushups,147.0,76.57,78.09,59.88,76.57,170.5,up,Bad,Good,94.4,7,Hips sagging or piking; Knees bent — not in full plank; Insufficient depth — chest not low enough.; Hip sag detected — maintain straight plank line.,68.4,90.4,0.0,100.0,100.0,63.1,0.0,100.0,0.0
661,Pushups,146.55,76.21,78.27,59.48,76.21,170.1,up,Bad,Good,94.3,7,Hips sagging or piking; Knees bent — not in full plank; Insufficient depth — chest not low enough.; Hip sag detected — maintain straight plank line.,68.4,90.4,0.0,100.0,100.0,63.2,0.0,100.0,0.0
662,Pushups,146.08,76.3,79.14,61.48,76.3,170.2,up,Bad,Good,94.4,7,Hips sagging or piking; Knees bent — not in full plank; Insufficient depth — chest not low enough.; Hip sag detected — maintain straight plank line.,68.4,90.4,0.0,100.0,100.0,63.2,0.0,100.0,0.0
663,Pushups,145.4,76.04,80.08,62.23,76.04,170.3,up,Bad,Good,94.3,7,Hips sagging or piking; Knees bent — not in full plank; Insufficient depth — chest not low enough.; Hip sag detected — maintain straight plank line.,68.4,90.4,0.0,100.0,100.0,63.2,0.0,100.0,0.0
664,Pushups,145.02,75.58,79.89,62.48,75.58,170.6,up,Bad,Good,94.2,7,Hips sagging or piking; Knees bent — not in full plank; Insufficient depth — chest not low enough.; Hip sag detected — maintain straight plank line.,68.4,90.4,0.0,100.0,100.0,63.2,0.0,100.0,0.0
665,Pushups,143.27,74.4,81.22,62.73,74.4,170.5,up,Bad,Good,94.1,7,Hips sagging or piking; Knees bent — not in full plank; Insufficient depth — chest not low enough.; Hip sag detected — maintain straight plank line.,68.4,90.4,0.0,100.0,100.0,63.2,0.0,100.0,0.0
666,Pushups,141.9,73.81,80.82,62.63,73.81,170.4,up,Bad,Good,93.9,7,Hips sagging or piking; Knees bent — not in full plank; Insufficient depth — chest not low enough.; Hip sag detected — maintain straight plank line.,68.4,90.4,0.0,100.0,100.0,63.1,0.0,100.0,0.0
667,Pushups,140.7,73.69,80.19,61.5,73.69,170.2,up,Bad,Good,93.9,7,Hips sagging or piking; Knees bent — not in full plank; Insufficient depth — chest not low enough.; Hip sag detected — maintain straight plank line.,68.4,90.4,0.0,100.0,100.0,63.0,0.0,100.0,0.0
668,Pushups,140.25,73.82,80.13,60.83,73.82,169.9,up,Bad,Good,93.8,7,Hips sagging or piking; Knees bent — not in full plank; Insufficient depth — chest not low enough.; Hip sag detected — maintain straight plank line.,68.4,90.4,0.0,100.0,100.0,63.0,0.0,100.0,0.0
669,Pushups,140.1,74.0,79.9,60.52,74.0,169.6,up,Bad,Good,93.8,7,Hips sagging or piking; Knees bent — not in full plank; Insufficient depth — chest not low enough.; Hip sag detected — maintain straight plank line.,68.4,90.4,0.0,100.0,100.0,62.9,0.0,100.0,0.0
670,Pushups,140.51,73.94,80.18,61.09,73.94,169.8,up,Bad,Good,93.7,7,Hips sagging or piking; Knees bent — not in full plank; Insufficient depth — chest not low enough.; Hip sag detected — maintain straight plank line.,68.4,90.4,0.0,100.0,100.0,62.9,0.0,100.0,0.0
671,Pushups,141.61,74.6,81.01,62.71,74.6,170.0,up,Bad,Good,93.8,7,Hips sagging or piking; Knees bent — not in full plank; Insufficient depth — chest not low enough.; Hip sag detected — maintain straight plank line.,68.0,89.0,0.0,100.0,100.0,62.7,0.0,100.0,0.0
672,Pushups,142.85,74.97,81.21,62.93,74.97,170.2,up,Bad,Good,93.9,7,Hips sagging or piking; Knees bent — not in full plank; Insufficient depth — chest not low enough.; Hip sag detected — maintain straight plank line.,68.0,89.0,0.0,100.0,100.0,62.7,0.0,100.0,0.0
673,Pushups,142.9,75.78,82.14,63.7,75.78,170.6,up,Bad,Good,94.0,7,Hips sagging or piking; Knees bent — not in full plank; Insufficient depth — chest not low enough.; Hip sag detected — maintain straight plank line.,68.0,89.0,0.0,100.0,100.0,62.7,0.0,100.0,0.0
674,Pushups,142.92,76.01,82.09,63.98,76.01,171.0,up,Bad,Good,94.1,7,Hips sagging or piking; Knees bent — not in full plank; Insufficient depth — chest not low enough.; Hip sag detected — maintain straight plank line.,68.0,89.0,0.0,100.0,100.0,62.7,0.0,100.0,0.0
675,Pushups,143.32,75.97,82.5,64.5,75.97,171.1,up,Bad,Good,94.2,7,Hips sagging or piking; Knees bent — not in full plank; Insufficient depth — chest not low enough.; Hip sag detected — maintain straight plank line.,68.0,89.0,0.0,100.0,100.0,62.7,0.0,100.0,0.0
676,Pushups,142.97,76.02,83.15,65.09,76.02,171.2,up,Bad,Good,94.4,7,Hips sagging or piking; Knees bent — not in full plank; Insufficient depth — chest not low enough.; Hip sag detected — maintain straight plank line.,68.0,89.0,0.0,100.0,100.0,62.7,0.0,100.0,0.0
677,Pushups,143.04,76.11,83.51,65.51,76.11,171.1,up,Bad,Good,94.6,7,Hips sagging or piking; Knees bent — not in full plank; Insufficient depth — chest not low enough.; Hip sag detected — maintain straight plank line.,68.0,89.0,0.0,100.0,100.0,62.7,0.0,100.0,0.0
678,Pushups,143.37,76.08,83.67,65.37,76.08,171.1,up,Bad,Good,94.8,7,Hips sagging or piking; Knees bent — not in full plank; Insufficient depth — chest not low enough.; Hip sag detected — maintain straight plank line.,68.0,89.0,0.0,100.0,100.0,62.7,0.0,100.0,0.0
679,Pushups,143.27,76.23,83.14,65.11,76.23,171.1,up,Bad,Good,94.9,7,Hips sagging or piking; Knees bent — not in full plank; Insufficient depth — chest not low enough.; Hip sag detected — maintain straight plank line.,68.0,89.0,0.0,100.0,100.0,62.6,0.0,100.0,0.0
680,Pushups,143.17,76.43,81.86,64.88,76.43,171.1,up,Bad,Good,95.0,7,Hips sagging or piking; Knees bent — not in full plank; Insufficient depth — chest not low enough.; Hip sag detected — maintain straight plank line.,68.0,89.0,0.0,100.0,100.0,62.6,0.0,100.0,0.0
681,Pushups,143.02,76.55,81.31,64.77,76.55,171.3,up,Bad,Good,95.0,7,Hips sagging or piking; Knees bent — not in full plank; Insufficient depth — chest not low enough.; Hip sag detected — maintain straight plank line.,68.0,89.0,0.0,100.0,100.0,62.6,0.0,100.0,0.0
682,Pushups,142.93,76.74,80.8,64.49,76.74,171.5,up,Bad,Good,95.1,7,Hips sagging or piking; Knees bent — not in full plank; Insufficient depth — chest not low enough.; Hip sag detected — maintain straight plank line.,68.0,89.0,0.0,100.0,100.0,62.6,0.0,100.0,0.0
683,Pushups,143.04,76.84,80.49,64.26,76.84,171.6,up,Bad,Good,95.1,7,Hips sagging or piking; Knees bent — not in full plank; Insufficient depth — chest not low enough.; Hip sag detected — maintain straight plank line.,68.0,89.0,0.0,100.0,100.0,62.6,0.0,100.0,0.0
684,Pushups,141.96,76.98,80.42,64.08,76.98,172.0,up,Bad,Good,95.2,7,Hips sagging or piking; Knees bent — not in full plank; Insufficient depth — chest not low enough.; Hip sag detected — maintain straight plank line.,68.0,89.0,0.0,100.0,100.0,62.6,0.0,100.0,0.0
685,Pushups,141.44,76.92,79.5,63.06,76.92,172.4,up,Bad,Good,95.1,7,Hips sagging or piking; Knees bent — not in full plank; Insufficient depth — chest not low enough.; Hip sag detected — maintain straight plank line.,68.0,89.0,0.0,100.0,100.0,62.6,0.0,100.0,0.0
686,Pushups,140.72,76.63,79.51,63.25,76.63,172.8,up,Bad,Good,95.1,7,Hips sagging or piking; Knees bent — not in full plank; Insufficient depth — chest not low enough.; Hip sag detected — maintain straight plank line.,68.0,89.0,0.0,100.0,100.0,62.6,0.0,100.0,0.0
687,Pushups,140.47,76.32,80.17,63.13,76.32,173.1,up,Bad,Good,95.1,7,Hips sagging or piking; Knees bent — not in full plank; Insufficient depth — chest not low enough.; Hip sag detected — maintain straight plank line.,68.0,89.0,0.0,100.0,100.0,62.7,0.0,100.0,0.0
688,Pushups,140.65,76.3,80.58,62.92,76.3,173.3,up,Bad,Good,95.1,7,Hips sagging or piking; Knees bent — not in full plank; Insufficient depth — chest not low enough.; Hip sag detected — maintain straight plank line.,68.0,89.0,0.0,100.0,100.0,62.7,0.0,100.0,0.0
689,Pushups,141.53,76.33,81.0,63.14,76.33,173.2,up,Bad,Good,95.1,7,Hips sagging or piking; Knees bent — not in full plank; Insufficient depth — chest not low enough.; Hip sag detected — maintain straight plank line.,68.0,89.0,0.0,100.0,100.0,62.7,0.0,100.0,0.0
690,Pushups,141.5,76.42,81.05,63.25,76.42,172.9,up,Bad,Good,95.1,7,Hips sagging or piking; Knees bent — not in full plank; Insufficient depth — chest not low enough.; Hip sag detected — maintain straight plank line.,68.0,89.0,0.0,100.0,100.0,62.7,0.0,100.0,0.0
691,Pushups,141.61,76.57,81.43,63.73,76.57,172.5,up,Bad,Good,95.1,7,Hips sagging or piking; Knees bent — not in full plank; Insufficient depth — chest not low enough.; Hip sag detected — maintain straight plank line.,68.0,89.0,0.0,100.0,100.0,62.7,0.0,100.0,0.0
692,Pushups,141.81,76.79,81.86,64.47,76.79,171.9,up,Bad,Good,95.1,7,Hips sagging or piking; Knees bent — not in full plank; Insufficient depth — chest not low enough.; Hip sag detected — maintain straight plank line.,68.0,89.0,0.0,100.0,100.0,62.7,0.0,100.0,0.0
693,Pushups,142.28,77.03,81.87,64.92,77.03,171.3,up,Bad,Good,95.1,7,Hips sagging or piking; Knees bent — not in full plank; Insufficient depth — chest not low enough.; Hip sag detected — maintain straight plank line.,68.0,89.0,0.0,100.0,100.0,62.7,0.0,100.0,0.0
694,Pushups,142.51,77.36,82.82,66.01,77.36,170.9,up,Bad,Good,95.2,7,Hips sagging or piking; Knees bent — not in full plank; Insufficient depth — chest not low enough.; Hip sag detected — maintain straight plank line.,68.0,89.0,0.0,100.0,100.0,62.7,0.0,100.0,0.0
695,Pushups,142.56,77.36,83.19,66.05,77.36,170.5,up,Bad,Good,95.3,7,Hips sagging or piking; Knees bent — not in full plank; Insufficient depth — chest not low enough.; Hip sag detected — maintain straight plank line.,68.0,89.0,0.0,100.0,100.0,62.7,0.0,100.0,0.0
696,Pushups,142.49,77.48,83.01,66.57,77.48,170.3,up,Bad,Good,95.4,7,Hips sagging or piking; Knees bent — not in full plank; Insufficient depth — chest not low enough.; Hip sag detected — maintain straight plank line.,68.0,89.0,0.0,100.0,100.0,62.7,0.0,100.0,0.0
697,Pushups,142.66,77.5,83.08,66.44,77.5,170.2,up,Bad,Good,95.5,7,Hips sagging or piking; Knees bent — not in full plank; Insufficient depth — chest not low enough.; Hip sag detected — maintain straight plank line.,68.0,89.0,0.0,100.0,100.0,62.7,0.0,100.0,0.0
698,Pushups,142.65,77.65,82.9,66.27,77.65,170.3,up,Bad,Good,95.6,7,Hips sagging or piking; Knees bent — not in full plank; Insufficient depth — chest not low enough.; Hip sag detected — maintain straight plank line.,68.0,89.0,0.0,100.0,100.0,62.8,0.0,100.0,0.0
699,Pushups,142.68,77.66,82.89,66.07,77.66,170.3,up,Bad,Good,95.7,7,Hips sagging or piking; Knees bent — not in full plank; Insufficient depth — chest not low enough.; Hip sag detected — maintain straight plank line.,68.0,89.0,0.0,100.0,100.0,62.7,0.0,100.0,0.0
700,Pushups,142.58,77.68,82.64,65.85,77.68,170.4,up,Bad,Good,95.8,7,Hips sagging or piking; Knees bent — not in full plank; Insufficient depth — chest not low enough.; Hip sag detected — maintain straight plank line.,68.0,89.0,0.0,100.0,100.0,62.7,0.0,100.0,0.0
701,Pushups,142.34,77.67,82.24,65.73,77.67,170.4,up,Bad,Good,95.8,7,Hips sagging or piking; Knees bent — not in full plank; Insufficient depth — chest not low enough.; Hip sag detected — maintain straight plank line.,68.0,89.0,0.0,100.0,100.0,62.7,0.0,100.0,0.0
702,Pushups,141.72,77.71,81.88,65.21,77.71,170.5,up,Bad,Good,95.8,7,Hips sagging or piking; Knees bent — not in full plank; Insufficient depth — chest not low enough.; Hip sag detected — maintain straight plank line.,68.0,89.0,0.0,100.0,100.0,62.7,0.0,100.0,0.0
703,Pushups,141.7,77.7,81.93,65.03,77.7,170.6,up,Bad,Good,95.7,7,Hips sagging or piking; Knees bent — not in full plank; Insufficient depth — chest not low enough.; Hip sag detected — maintain straight plank line.,68.0,89.0,0.0,100.0,100.0,62.7,0.0,100.0,0.0
704,Pushups,142.23,77.97,81.77,64.83,77.97,170.7,up,Bad,Good,95.7,7,Hips sagging or piking; Knees bent — not in full plank; Insufficient depth — chest not low enough.; Hip sag detected — maintain straight plank line.,68.0,89.0,0.0,100.0,100.0,62.7,0.0,100.0,0.0
705,Pushups,142.07,78.02,81.36,64.59,78.02,170.7,up,Bad,Good,95.6,7,Hips sagging or piking; Knees bent — not in full plank; Insufficient depth — chest not low enough.; Hip sag detected — maintain straight plank line.,68.0,89.0,0.0,100.0,100.0,62.7,0.0,100.0,0.0
706,Pushups,141.87,78.02,81.27,64.4,78.02,170.7,up,Bad,Good,95.6,7,Hips sagging or piking; Knees bent — not in full plank; Insufficient depth — chest not low enough.; Hip sag detected — maintain straight plank line.,68.0,89.0,0.0,100.0,100.0,62.7,0.0,100.0,0.0
707,Pushups,141.84,78.02,81.3,64.53,78.02,170.6,up,Bad,Good,95.5,7,Hips sagging or piking; Knees bent — not in full plank; Insufficient depth — chest not low enough.; Hip sag detected — maintain straight plank line.,68.0,89.0,0.0,100.0,100.0,62.7,0.0,100.0,0.0
708,Pushups,141.83,77.9,81.4,64.54,77.9,170.6,up,Bad,Good,95.5,7,Hips sagging or piking; Knees bent — not in full plank; Insufficient depth — chest not low enough.; Hip sag detected — maintain straight plank line.,68.0,89.0,0.0,100.0,100.0,62.7,0.0,100.0,0.0
709,Pushups,142.13,77.84,81.55,64.77,77.84,170.6,up,Bad,Good,95.5,7,Hips sagging or piking; Knees bent — not in full plank; Insufficient depth — chest not low enough.; Hip sag detected — maintain straight plank line.,68.0,89.0,0.0,100.0,100.0,62.7,0.0,100.0,0.0
710,Pushups,142.01,77.97,81.66,65.07,77.97,170.7,up,Bad,Good,95.5,7,Hips sagging or piking; Knees bent — not in full plank; Insufficient depth — chest not low enough.; Hip sag detected — maintain straight plank line.,68.0,89.0,0.0,100.0,100.0,62.7,0.0,100.0,0.0
711,Pushups,142.1,77.99,81.72,65.17,77.99,170.8,up,Bad,Good,95.5,7,Hips sagging or piking; Knees bent — not in full plank; Insufficient depth — chest not low enough.; Hip sag detected — maintain straight plank line.,68.0,89.0,0.0,100.0,100.0,62.7,0.0,100.0,0.0
712,Pushups,142.15,78.1,81.62,65.18,78.1,170.9,up,Bad,Good,95.5,7,Hips sagging or piking; Knees bent — not in full plank; Insufficient depth — chest not low enough.; Hip sag detected — maintain straight plank line.,68.0,89.0,0.0,100.0,100.0,62.7,0.0,100.0,0.0
713,Pushups,142.58,78.19,81.77,65.48,78.19,171.0,up,Bad,Good,95.5,7,Hips sagging or piking; Knees bent — not in full plank; Insufficient depth — chest not low enough.; Hip sag detected — maintain straight plank line.,68.0,89.0,0.0,100.0,100.0,62.7,0.0,100.0,0.0
714,Pushups,142.7,78.22,81.91,65.67,78.22,171.2,up,Bad,Good,95.5,7,Hips sagging or piking; Knees bent — not in full plank; Insufficient depth — chest not low enough.; Hip sag detected — maintain straight plank line.,68.0,89.0,0.0,100.0,100.0,62.7,0.0,100.0,0.0
715,Pushups,142.84,78.24,81.95,65.79,78.24,171.4,up,Bad,Good,95.5,7,Hips sagging or piking; Knees bent — not in full plank; Insufficient depth — chest not low enough.; Hip sag detected — maintain straight plank line.,68.0,89.0,0.0,100.0,100.0,62.7,0.0,100.0,0.0
716,Pushups,142.86,78.24,81.99,65.91,78.24,171.6,up,Bad,Good,95.5,7,Hips sagging or piking; Knees bent — not in full plank; Insufficient depth — chest not low enough.; Hip sag detected — maintain straight plank line.,68.0,89.0,0.0,100.0,100.0,62.7,0.0,100.0,0.0
717,Pushups,142.79,78.24,81.97,65.98,78.24,171.8,up,Bad,Good,95.5,7,Hips sagging or piking; Knees bent — not in full plank; Insufficient depth — chest not low enough.; Hip sag detected — maintain straight plank line.,68.0,89.0,0.0,100.0,100.0,62.7,0.0,100.0,0.0
718,Pushups,143.1,78.27,81.83,66.1,78.27,172.1,up,Bad,Good,95.5,7,Hips sagging or piking; Knees bent — not in full plank; Insufficient depth — chest not low enough.; Hip sag detected — maintain straight plank line.,68.0,89.0,0.0,100.0,100.0,62.7,0.0,100.0,0.0
719,Pushups,143.3,78.24,81.56,65.96,78.24,172.2,up,Bad,Good,95.5,7,Hips sagging or piking; Knees bent — not in full plank; Insufficient depth — chest not low enough.; Hip sag detected — maintain straight plank line.,68.0,89.0,0.0,100.0,100.0,62.7,0.0,100.0,0.0
720,Pushups,143.58,78.2,81.53,66.08,78.2,172.3,up,Bad,Good,95.4,7,Hips sagging or piking; Knees bent — not in full plank; Insufficient depth — chest not low enough.; Hip sag detected — maintain straight plank line.,68.0,89.0,0.0,100.0,100.0,62.7,0.0,100.0,0.0
721,Pushups,143.76,78.1,81.55,66.18,78.1,172.4,up,Bad,Good,95.4,7,Hips sagging or piking; Knees bent — not in full plank; Insufficient depth — chest not low enough.; Hip sag detected — maintain straight plank line.,68.0,89.0,0.0,100.0,100.0,62.8,0.0,100.0,0.0
722,Pushups,143.86,78.03,81.53,66.26,78.03,172.4,up,Bad,Good,95.4,7,Hips sagging or piking; Knees bent — not in full plank; Insufficient depth — chest not low enough.; Hip sag detected — maintain straight plank line.,68.0,89.0,0.0,100.0,100.0,62.8,0.0,100.0,0.0
723,Pushups,144.01,77.97,81.55,66.35,77.97,172.4,up,Bad,Good,95.4,7,Hips sagging or piking; Knees bent — not in full plank; Insufficient depth — chest not low enough.; Hip sag detected — maintain straight plank line.,68.0,89.0,0.0,100.0,100.0,62.8,0.0,100.0,0.0
724,Pushups,144.17,77.98,81.49,66.31,77.98,172.4,up,Bad,Good,95.4,7,Hips sagging or piking; Knees bent — not in full plank; Insufficient depth — chest not low enough.; Hip sag detected — maintain straight plank line.,68.0,89.0,0.0,100.0,100.0,62.8,0.0,100.0,0.0
725,Pushups,144.13,77.98,81.28,66.15,77.98,172.4,up,Bad,Good,95.4,7,Hips sagging or piking; Knees bent — not in full plank; Insufficient depth — chest not low enough.; Hip sag detected — maintain straight plank line.,68.0,89.0,0.0,100.0,100.0,62.8,0.0,100.0,0.0
726,Pushups,144.08,78.03,81.15,66.17,78.03,172.4,up,Bad,Good,95.4,7,Hips sagging or piking; Knees bent — not in full plank; Insufficient depth — chest not low enough.; Hip sag detected — maintain straight plank line.,68.0,89.0,0.0,100.0,100.0,62.8,0.0,100.0,0.0
727,Pushups,144.2,78.05,80.87,66.05,78.05,172.4,up,Bad,Good,95.4,7,Hips sagging or piking; Knees bent — not in full plank; Insufficient depth — chest not low enough.; Hip sag detected — maintain straight plank line.,68.0,89.0,0.0,100.0,100.0,62.8,0.0,100.0,0.0
728,Pushups,144.26,78.04,80.66,65.89,78.04,172.3,up,Bad,Good,95.4,7,Hips sagging or piking; Knees bent — not in full plank; Insufficient depth — chest not low enough.; Hip sag detected — maintain straight plank line.,68.0,89.0,0.0,100.0,100.0,62.8,0.0,100.0,0.0
729,Pushups,144.36,78.05,80.45,65.9,78.05,172.3,up,Bad,Good,95.4,7,Hips sagging or piking; Knees bent — not in full plank; Insufficient depth — chest not low enough.; Hip sag detected — maintain straight plank line.,68.0,89.0,0.0,100.0,100.0,62.8,0.0,100.0,0.0
730,Pushups,144.38,78.09,80.27,65.98,78.09,172.3,up,Bad,Good,95.4,7,Hips sagging or piking; Knees bent — not in full plank; Insufficient depth — chest not low enough.; Hip sag detected — maintain straight plank line.,68.0,89.0,0.0,100.0,100.0,62.8,0.0,100.0,0.0
731,Pushups,144.1,78.08,80.09,65.81,78.08,172.4,up,Bad,Good,95.4,7,Hips sagging or piking; Knees bent — not in full plank; Insufficient depth — chest not low enough.; Hip sag detected — maintain straight plank line.,68.0,89.0,0.0,100.0,100.0,62.8,0.0,100.0,0.0
732,Pushups,143.87,78.08,79.72,65.41,78.08,172.4,up,Bad,Good,95.4,7,Hips sagging or piking; Knees bent — not in full plank; Insufficient depth — chest not low enough.; Hip sag detected — maintain straight plank line.,68.0,89.0,0.0,100.0,100.0,62.8,0.0,100.0,0.0
733,Pushups,143.48,78.09,79.57,65.26,78.09,172.5,up,Bad,Good,95.5,7,Hips sagging or piking; Knees bent — not in full plank; Insufficient depth — chest not low enough.; Hip sag detected — maintain straight plank line.,68.0,89.0,0.0,100.0,100.0,62.8,0.0,100.0,0.0
734,Pushups,143.42,78.07,79.17,64.82,78.07,172.6,up,Bad,Good,95.5,7,Hips sagging or piking; Knees bent — not in full plank; Insufficient depth — chest not low enough.; Hip sag detected — maintain straight plank line.,68.0,89.0,0.0,100.0,100.0,62.8,0.0,100.0,0.0
735,Pushups,143.24,78.06,79.05,64.65,78.06,172.6,up,Bad,Good,95.5,7,Hips sagging or piking; Knees bent — not in full plank; Insufficient depth — chest not low enough.; Hip sag detected — maintain straight plank line.,68.0,89.0,0.0,100.0,100.0,62.8,0.0,100.0,0.0
736,Pushups,143.09,78.07,78.86,64.45,78.07,172.5,up,Bad,Good,95.5,7,Hips sagging or piking; Knees bent — not in full plank; Insufficient depth — chest not low enough.; Hip sag detected — maintain straight plank line.,68.0,89.0,0.0,100.0,100.0,62.8,0.0,100.0,0.0
737,Pushups,143.06,78.07,78.87,64.31,78.07,172.5,up,Bad,Good,95.5,7,Hips sagging or piking; Knees bent — not in full plank; Insufficient depth — chest not low enough.; Hip sag detected — maintain straight plank line.,68.0,89.0,0.0,100.0,100.0,62.8,0.0,100.0,0.0
738,Pushups,142.91,78.07,78.88,64.22,78.07,172.5,up,Bad,Good,95.5,7,Hips sagging or piking; Knees bent — not in full plank; Insufficient depth — chest not low enough.; Hip sag detected — maintain straight plank line.,68.0,89.0,0.0,100.0,100.0,62.8,0.0,100.0,0.0
739,Pushups,142.81,78.12,78.87,64.15,78.12,172.5,up,Bad,Good,95.5,7,Hips sagging or piking; Knees bent — not in full plank; Insufficient depth — chest not low enough.; Hip sag detected — maintain straight plank line.,66.5,84.0,0.0,100.0,100.0,62.8,0.0,100.0,0.0
740,Pushups,142.88,78.09,78.95,64.05,78.09,172.5,up,Bad,Good,95.6,7,Hips sagging or piking; Knees bent — not in full plank; Insufficient depth — chest not low enough.; Hip sag detected — maintain straight plank line.,64.9,78.8,0.0,100.0,100.0,62.8,0.0,100.0,0.0
741,Pushups,142.86,78.1,78.98,64.09,78.1,172.5,up,Bad,Good,95.6,7,Hips sagging or piking; Knees bent — not in full plank; Insufficient depth — chest not low enough.; Hip sag detected — maintain straight plank line.,64.9,78.8,0.0,100.0,100.0,62.8,0.0,100.0,0.0
742,Pushups,142.85,78.1,79.05,64.07,78.1,172.5,up,Bad,Good,95.6,7,Hips sagging or piking; Knees bent — not in full plank; Insufficient depth — chest not low enough.; Hip sag detected — maintain straight plank line.,64.9,78.8,0.0,100.0,100.0,62.8,0.0,100.0,0.0
743,Pushups,142.91,78.13,79.03,64.0,78.13,172.5,up,Bad,Good,95.6,7,Hips sagging or piking; Knees bent — not in full plank; Insufficient depth — chest not low enough.; Hip sag detected — maintain straight plank line.,64.9,78.8,0.0,100.0,100.0,62.8,0.0,100.0,0.0
744,Pushups,143.05,78.15,79.26,64.11,78.15,172.5,up,Bad,Good,95.6,7,Hips sagging or piking; Knees bent — not in full plank; Insufficient depth — chest not low enough.; Hip sag detected — maintain straight plank line.,64.9,78.8,0.0,100.0,100.0,62.8,0.0,100.0,0.0
745,Pushups,143.19,78.16,79.33,64.07,78.16,172.5,up,Bad,Good,95.6,7,Hips sagging or piking; Knees bent — not in full plank; Insufficient depth — chest not low enough.; Hip sag detected — maintain straight plank line.,64.9,78.8,0.0,100.0,100.0,62.8,0.0,100.0,0.0
746,Pushups,143.15,78.16,79.43,64.08,78.16,172.5,up,Bad,Good,95.6,7,Hips sagging or piking; Knees bent — not in full plank; Insufficient depth — chest not low enough.; Hip sag detected — maintain straight plank line.,64.9,78.8,0.0,100.0,100.0,62.8,0.0,100.0,0.0
747,Pushups,143.08,78.16,79.75,64.2,78.16,172.5,up,Bad,Good,95.6,7,Hips sagging or piking; Knees bent — not in full plank; Insufficient depth — chest not low enough.; Hip sag detected — maintain straight plank line.,64.9,78.8,0.0,100.0,100.0,62.8,0.0,100.0,0.0
748,Pushups,143.06,78.19,79.86,64.22,78.19,172.5,up,Bad,Good,95.6,7,Hips sagging or piking; Knees bent — not in full plank; Insufficient depth — chest not low enough.; Hip sag detected — maintain straight plank line.,64.9,78.8,0.0,100.0,100.0,62.8,0.0,100.0,0.0
749,Pushups,143.05,78.19,79.89,64.19,78.19,172.5,up,Bad,Good,95.6,7,Hips sagging or piking; Knees bent — not in full plank; Insufficient depth — chest not low enough.; Hip sag detected — maintain straight plank line.,64.9,78.8,0.0,100.0,100.0,62.8,0.0,100.0,0.0
750,Pushups,142.91,78.19,79.89,64.01,78.19,172.5,up,Bad,Good,95.6,7,Hips sagging or piking; Knees bent — not in full plank; Insufficient depth — chest not low enough.; Hip sag detected — maintain straight plank line.,64.9,78.8,0.0,100.0,100.0,62.8,0.0,100.0,0.0
751,Pushups,142.92,78.22,79.89,64.05,78.22,172.5,up,Bad,Good,95.6,7,Hips sagging or piking; Knees bent — not in full plank; Insufficient depth — chest not low enough.; Hip sag detected — maintain straight plank line.,64.9,78.8,0.0,100.0,100.0,62.8,0.0,100.0,0.0
752,Pushups,142.95,78.22,79.89,64.05,78.22,172.5,up,Bad,Good,95.6,7,Hips sagging or piking; Knees bent — not in full plank; Insufficient depth — chest not low enough.; Hip sag detected — maintain straight plank line.,64.9,78.8,0.0,100.0,100.0,62.8,0.0,100.0,0.0
753,Pushups,142.89,78.18,79.85,63.92,78.18,172.6,up,Bad,Good,95.6,7,Hips sagging or piking; Knees bent — not in full plank; Insufficient depth — chest not low enough.; Hip sag detected — maintain straight plank line.,64.9,78.8,0.0,100.0,100.0,62.8,0.0,100.0,0.0
754,Pushups,142.93,78.18,79.82,63.86,78.18,172.7,up,Bad,Good,95.6,7,Hips sagging or piking; Knees bent — not in full plank; Insufficient depth — chest not low enough.; Hip sag detected — maintain straight plank line.,63.6,74.4,0.0,100.0,100.0,62.8,0.0,100.0,0.0
755,Pushups,142.89,78.17,79.87,63.81,78.17,172.7,up,Bad,Good,95.6,7,Hips sagging or piking; Knees bent — not in full plank; Insufficient depth — chest not low enough.; Hip sag detected — maintain straight plank line.,63.6,74.4,0.0,100.0,100.0,62.8,0.0,100.0,0.0
756,Pushups,142.86,78.16,79.82,63.77,78.16,172.8,up,Bad,Good,95.6,7,Hips sagging or piking; Knees bent — not in full plank; Insufficient depth — chest not low enough.; Hip sag detected — maintain straight plank line.,63.6,74.4,0.0,100.0,100.0,62.8,0.0,100.0,0.0
757,Pushups,142.77,78.15,79.83,63.83,78.15,172.8,up,Bad,Good,95.6,7,Hips sagging or piking; Knees bent — not in full plank; Insufficient depth — chest not low enough.; Hip sag detected — maintain straight plank line.,63.6,74.4,0.0,100.0,100.0,62.8,0.0,100.0,0.0
758,Pushups,142.75,78.14,79.82,63.9,78.14,172.8,up,Bad,Good,95.6,7,Hips sagging or piking; Knees bent — not in full plank; Insufficient depth — chest not low enough.; Hip sag detected — maintain straight plank line.,62.1,69.2,0.0,100.0,100.0,62.9,0.0,100.0,0.0
759,Pushups,142.76,78.09,80.07,64.15,78.09,172.8,up,Bad,Good,95.6,7,Hips sagging or piking; Knees bent — not in full plank; Insufficient depth — chest not low enough.; Hip sag detected — maintain straight plank line.,62.1,69.2,0.0,100.0,100.0,62.9,0.0,100.0,0.0
760,Pushups,142.76,78.06,80.2,64.28,78.06,172.8,up,Bad,Good,95.6,7,Hips sagging or piking; Knees bent — not in full plank; Insufficient depth — chest not low enough.; Hip sag detected — maintain straight plank line.,62.1,69.2,0.0,100.0,100.0,62.9,0.0,100.0,0.0
761,Pushups,142.7,78.02,80.39,64.35,78.02,172.8,up,Bad,Good,95.6,7,Hips sagging or piking; Knees bent — not in full plank; Insufficient depth — chest not low enough.; Hip sag detected — maintain straight plank line.,62.1,69.2,0.0,100.0,100.0,62.9,0.0,100.0,0.0
762,Pushups,142.74,78.0,80.43,64.45,78.0,172.8,up,Bad,Good,95.6,7,Hips sagging or piking; Knees bent — not in full plank; Insufficient depth — chest not low enough.; Hip sag detected — maintain straight plank line.,62.1,69.2,0.0,100.0,100.0,62.9,0.0,100.0,0.0
763,Pushups,142.71,78.01,80.57,64.51,78.01,172.8,up,Bad,Good,95.6,7,Hips sagging or piking; Knees bent — not in full plank; Insufficient depth — chest not low enough.; Hip sag detected — maintain straight plank line.,62.1,69.2,0.0,100.0,100.0,62.9,0.0,100.0,0.0
764,Pushups,142.71,77.99,80.67,64.52,77.99,172.8,up,Bad,Good,95.6,7,Hips sagging or piking; Knees bent — not in full plank; Insufficient depth — chest not low enough.; Hip sag detected — maintain straight plank line.,62.1,69.2,0.0,100.0,100.0,62.9,0.0,100.0,0.0
765,Pushups,142.69,77.99,80.8,64.58,77.99,172.7,up,Bad,Good,95.6,7,Hips sagging or piking; Knees bent — not in full plank; Insufficient depth — chest not low enough.; Hip sag detected — maintain straight plank line.,62.1,69.2,0.0,100.0,100.0,62.9,0.0,100.0,0.0
766,Pushups,142.61,77.97,80.92,64.65,77.97,172.7,up,Bad,Good,95.6,7,Hips sagging or piking; Knees bent — not in full plank; Insufficient depth — chest not low enough.; Hip sag detected — maintain straight plank line.,62.1,69.2,0.0,100.0,100.0,62.9,0.0,100.0,0.0
767,Pushups,142.56,77.96,81.12,64.84,77.96,172.7,up,Bad,Good,95.5,7,Hips sagging or piking; Knees bent — not in full plank; Insufficient depth — chest not low enough.; Hip sag detected — maintain straight plank line.,60.6,64.4,0.0,100.0,100.0,62.9,0.0,100.0,0.0
768,Pushups,142.37,77.95,81.12,64.83,77.95,172.8,up,Bad,Good,95.5,7,Hips sagging or piking; Knees bent — not in full plank; Insufficient depth — chest not low enough.; Hip sag detected — maintain straight plank line.,56.3,50.1,0.0,100.0,100.0,62.9,0.0,100.0,0.0
769,Pushups,142.18,77.93,80.99,64.72,77.93,172.9,up,Bad,Good,95.5,7,Hips sagging or piking; Knees bent — not in full plank; Insufficient depth — chest not low enough.; Hip sag detected — maintain straight plank line.,52.7,38.0,0.0,100.0,100.0,62.9,0.0,100.0,0.0
770,Pushups,141.99,77.91,80.97,64.7,77.91,173.0,up,Bad,Good,95.5,7,Hips sagging or piking; Knees bent — not in full plank; Insufficient depth — chest not low enough.; Hip sag detected — maintain straight plank line.,47.0,19.1,0.0,100.0,100.0,62.9,0.0,100.0,0.0
771,Pushups,142.03,77.9,80.98,64.71,77.9,173.2,up,Bad,Good,95.5,7,Hips sagging or piking; Knees bent — not in full plank; Insufficient depth — chest not low enough.; Hip sag detected — maintain straight plank line.,45.3,13.5,0.0,100.0,100.0,62.9,0.0,100.0,0.0
772,Pushups,142.0,77.88,81.09,64.72,77.88,173.4,up,Bad,Good,95.5,7,Hips sagging or piking; Knees bent — not in full plank; Insufficient depth — chest not low enough.; Hip sag detected — maintain straight plank line.,44.4,10.5,0.0,100.0,100.0,62.9,0.0,100.0,0.0
773,Pushups,142.07,77.88,81.23,64.85,77.88,173.6,up,Bad,Good,95.5,7,Hips sagging or piking; Knees bent — not in full plank; Insufficient depth — chest not low enough.; Hip sag detected — maintain straight plank line.,44.4,10.5,0.0,100.0,100.0,62.9,0.0,100.0,0.0
774,Pushups,142.21,77.88,81.21,64.9,77.88,173.8,up,Bad,Good,95.5,7,Hips sagging or piking; Knees bent — not in full plank; Insufficient depth — chest not low enough.; Hip sag detected — maintain straight plank line.,44.4,10.5,0.0,100.0,100.0,62.9,0.0,100.0,0.0
775,Pushups,142.21,77.86,81.14,64.88,77.86,173.9,up,Bad,Good,95.5,7,Hips sagging or piking; Knees bent — not in full plank; Insufficient depth — chest not low enough.; Hip sag detected — maintain straight plank line.,44.4,10.5,0.0,100.0,100.0,62.9,0.0,100.0,0.0
776,Pushups,142.23,77.86,81.02,64.84,77.86,174.1,up,Bad,Good,95.5,7,Hips sagging or piking; Knees bent — not in full plank; Insufficient depth — chest not low enough.; Hip sag detected — maintain straight plank line.,44.1,9.5,0.0,100.0,100.0,62.9,0.0,100.0,0.0
777,Pushups,142.3,77.91,80.86,64.86,77.91,174.3,up,Bad,Good,95.5,7,Hips sagging or piking; Knees bent — not in full plank; Insufficient depth — chest not low enough.; Hip sag detected — maintain straight plank line.,43.8,8.5,0.0,100.0,100.0,62.9,0.0,100.0,0.0
778,Pushups,142.41,77.93,80.83,64.92,77.93,174.4,up,Bad,Good,95.5,7,Hips sagging or piking; Knees bent — not in full plank; Insufficient depth — chest not low enough.; Hip sag detected — maintain straight plank line.,45.0,8.5,4.8,100.0,100.0,62.9,4.8,100.0,0.0
779,Pushups,142.18,77.92,80.77,64.9,77.92,174.5,up,Bad,Good,95.5,7,Hips sagging or piking; Knees bent — not in full plank; Insufficient depth — chest not low enough.; Hip sag detected — maintain straight plank line.,45.6,5.7,10.6,100.0,100.0,62.9,10.6,100.0,0.0
780,Pushups,142.24,77.94,80.78,64.89,77.94,174.6,up,Bad,Good,95.5,7,Hips sagging or piking; Knees bent — not in full plank; Insufficient depth — chest not low enough.; Hip sag detected — maintain straight plank line.,55.2,5.7,48.8,100.0,100.0,62.9,48.8,100.0,0.0
781,Pushups,142.4,77.97,80.76,64.8,77.97,174.6,up,Bad,Good,95.5,7,Hips sagging or piking; Knees bent — not in full plank; Insufficient depth — chest not low enough.; Hip sag detected — maintain straight plank line.,55.1,4.8,49.3,100.0,100.0,62.9,49.3,100.0,0.0
782,Pushups,142.47,78.03,80.8,64.81,78.03,174.6,up,Bad,Good,95.5,7,Hips sagging or piking; Knees bent — not in full plank; Insufficient depth — chest not low enough.; Hip sag detected — maintain straight plank line.,56.9,4.8,56.8,100.0,100.0,62.9,56.8,100.0,0.0
783,Pushups,142.49,78.08,80.77,64.69,78.08,174.6,up,Bad,Good,95.5,7,Hips sagging or piking; Knees bent — not in full plank; Insufficient depth — chest not low enough.; Hip sag detected — maintain straight plank line.,57.7,4.8,59.9,100.0,100.0,62.9,59.9,100.0,0.0
784,Pushups,142.46,78.08,80.98,64.84,78.08,174.6,up,Bad,Good,95.5,7,Hips sagging or piking; Knees bent — not in full plank; Insufficient depth — chest not low enough.; Hip sag detected — maintain straight plank line.,57.8,4.8,60.2,100.0,100.0,62.9,60.2,100.0,0.0
785,Pushups,142.44,78.09,81.01,64.8,78.09,174.6,up,Bad,Good,95.5,7,Hips sagging or piking; Knees bent — not in full plank; Insufficient depth — chest not low enough.; Hip sag detected — maintain straight plank line.,58.5,4.8,63.1,100.0,100.0,62.9,63.1,100.0,0.0
786,Pushups,142.51,78.09,81.0,64.79,78.09,174.5,up,Bad,Good,95.5,7,Hips sagging or piking; Knees bent — not in full plank; Insufficient depth — chest not low enough.; Hip sag detected — maintain straight plank line.,58.9,4.8,64.6,100.0,100.0,62.9,64.6,100.0,0.0
787,Pushups,142.53,78.11,81.02,64.81,78.11,174.5,up,Bad,Good,95.5,7,Hips sagging or piking; Knees bent — not in full plank; Insufficient depth — chest not low enough.; Hip sag detected — maintain straight plank line.,60.1,4.8,69.6,100.0,100.0,62.9,69.6,100.0,0.0
788,Pushups,142.53,78.14,80.98,64.84,78.14,174.5,up,Bad,Good,95.5,7,Hips sagging or piking; Knees bent — not in full plank; Insufficient depth — chest not low enough.; Hip sag detected — maintain straight plank line.,60.3,4.8,70.1,100.0,100.0,62.9,70.1,100.0,0.0
789,Pushups,142.29,78.18,80.91,64.87,78.18,174.4,up,Bad,Good,95.5,7,Hips sagging or piking; Knees bent — not in full plank; Insufficient depth — chest not low enough.; Hip sag detected — maintain straight plank line.,60.2,4.4,70.2,100.0,100.0,62.9,70.2,100.0,0.0
790,Pushups,142.22,78.25,80.77,64.9,78.25,174.3,up,Bad,Good,95.5,7,Hips sagging or piking; Knees bent — not in full plank; Insufficient depth — chest not low enough.; Hip sag detected — maintain straight plank line.,60.0,3.8,70.2,100.0,100.0,62.9,70.2,100.0,0.0
791,Pushups,142.26,78.3,80.59,64.96,78.3,174.3,up,Bad,Good,95.5,7,Hips sagging or piking; Knees bent — not in full plank; Insufficient depth — chest not low enough.; Hip sag detected — maintain straight plank line.,60.2,3.8,71.0,100.0,100.0,62.9,71.0,100.0,0.0
792,Pushups,142.41,78.32,80.43,65.05,78.32,174.2,up,Bad,Good,95.5,7,Hips sagging or piking; Knees bent — not in full plank; Insufficient depth — chest not low enough.; Hip sag detected — maintain straight plank line.,60.2,3.8,71.2,100.0,100.0,62.9,71.2,100.0,0.0
793,Pushups,142.25,78.34,80.31,65.05,78.34,174.1,up,Bad,Good,95.5,7,Hips sagging or piking; Knees bent — not in full plank; Insufficient depth — chest not low enough.; Hip sag detected — maintain straight plank line.,60.3,3.8,71.6,100.0,100.0,62.9,71.6,100.0,0.0
794,Pushups,140.86,78.31,80.31,65.02,78.31,174.0,up,Bad,Good,95.5,7,Hips sagging or piking; Knees bent — not in full plank; Insufficient depth — chest not low enough.; Hip sag detected — maintain straight plank line.,59.6,3.8,68.8,100.0,100.0,62.9,68.8,100.0,0.0
795,Pushups,140.95,78.28,80.42,65.02,78.28,173.9,up,Bad,Good,95.5,7,Hips sagging or piking; Knees bent — not in full plank; Insufficient depth — chest not low enough.; Hip sag detected — maintain straight plank line.,59.8,3.8,69.6,100.0,100.0,62.9,69.6,100.0,0.0
796,Pushups,141.11,78.28,80.53,65.0,78.28,173.8,up,Bad,Good,95.5,7,Hips sagging or piking; Knees bent — not in full plank; Insufficient depth — chest not low enough.; Hip sag detected — maintain straight plank line.,60.0,3.8,70.2,100.0,100.0,62.9,70.2,100.0,0.0
797,Pushups,141.18,78.27,80.74,65.14,78.27,173.8,up,Bad,Good,95.5,7,Hips sagging or piking; Knees bent — not in full plank; Insufficient depth — chest not low enough.; Hip sag detected — maintain straight plank line.,60.0,3.8,70.3,100.0,100.0,62.9,70.3,100.0,0.0
798,Pushups,141.49,78.25,80.82,65.16,78.25,173.9,up,Bad,Good,95.5,7,Hips sagging or piking; Knees bent — not in full plank; Insufficient depth — chest not low enough.; Hip sag detected — maintain straight plank line.,59.9,3.5,70.4,100.0,100.0,62.9,70.4,100.0,0.0
799,Pushups,141.56,78.26,80.85,65.17,78.26,174.0,up,Bad,Good,95.5,7,Hips sagging or piking; Knees bent — not in full plank; Insufficient depth — chest not low enough.; Hip sag detected — maintain straight plank line.,60.1,3.5,71.0,100.0,100.0,62.9,71.0,100.0,0.0
800,Pushups,141.75,78.26,81.07,65.25,78.26,174.1,up,Bad,Good,95.5,7,Hips sagging or piking; Knees bent — not in full plank; Insufficient depth — chest not low enough.; Hip sag detected — maintain straight plank line.,60.7,3.5,73.5,100.0,100.0,62.9,73.5,100.0,0.0
801,Pushups,141.78,78.27,81.47,65.56,78.27,174.1,up,Bad,Good,95.5,7,Hips sagging or piking; Knees bent — not in full plank; Insufficient depth — chest not low enough.; Hip sag detected — maintain straight plank line.,60.7,3.5,73.3,100.0,100.0,62.9,73.3,100.0,0.0
802,Pushups,141.88,78.31,81.66,65.7,78.31,174.2,up,Bad,Good,95.5,7,Hips sagging or piking; Knees bent — not in full plank; Insufficient depth — chest not low enough.; Hip sag detected — maintain straight plank line.,60.7,3.5,73.5,100.0,100.0,62.9,73.5,100.0,0.0
803,Pushups,142.17,78.32,81.79,65.8,78.32,174.3,up,Bad,Good,95.5,7,Hips sagging or piking; Knees bent — not in full plank; Insufficient depth — chest not low enough.; Hip sag detected — maintain straight plank line.,60.7,3.5,73.6,100.0,100.0,62.9,73.6,100.0,0.0
804,Pushups,142.42,78.32,81.91,65.63,78.32,174.4,up,Bad,Good,95.5,7,Hips sagging or piking; Knees bent — not in full plank; Insufficient depth — chest not low enough.; Hip sag detected — maintain straight plank line.,61.1,3.5,74.9,100.0,100.0,62.9,74.9,100.0,0.0
805,Pushups,142.53,78.29,82.0,65.73,78.29,174.5,up,Bad,Good,95.5,7,Hips sagging or piking; Knees bent — not in full plank; Insufficient depth — chest not low enough.; Hip sag detected — maintain straight plank line.,61.4,3.5,76.4,100.0,100.0,62.9,76.4,100.0,0.0
806,Pushups,142.69,78.28,82.13,65.76,78.28,174.6,up,Bad,Good,95.5,7,Hips sagging or piking; Knees bent — not in full plank; Insufficient depth — chest not low enough.; Hip sag detected — maintain straight plank line.,61.5,3.5,76.8,100.0,100.0,62.9,76.8,100.0,0.0
807,Pushups,142.76,78.29,82.16,65.69,78.29,174.7,up,Bad,Good,95.5,7,Hips sagging or piking; Knees bent — not in full plank; Insufficient depth — chest not low enough.; Hip sag detected — maintain straight plank line.,61.7,3.5,77.6,100.0,100.0,62.8,77.6,100.0,0.0
808,Pushups,142.82,78.3,82.21,65.71,78.3,174.8,up,Bad,Good,95.4,7,Hips sagging or piking; Knees bent — not in full plank; Insufficient depth — chest not low enough.; Hip sag detected — maintain straight plank line.,61.8,3.5,77.9,100.0,100.0,62.8,77.9,100.0,0.0
809,Pushups,142.95,78.3,82.24,65.73,78.3,174.8,up,Bad,Good,95.4,7,Hips sagging or piking; Knees bent — not in full plank; Insufficient depth — chest not low enough.; Hip sag detected — maintain straight plank line.,62.2,3.5,79.5,100.0,100.0,62.8,79.5,100.0,0.0
810,Pushups,142.97,78.38,82.34,65.85,78.38,174.8,up,Bad,Good,95.4,7,Hips sagging or piking; Knees bent — not in full plank; Insufficient depth — chest not low enough.; Hip sag detected — maintain straight plank line.,62.2,3.5,79.5,100.0,100.0,62.8,79.5,100.0,0.0
811,Pushups,142.96,78.49,82.25,65.94,78.49,174.7,up,Bad,Good,95.4,7,Hips sagging or piking; Knees bent — not in full plank; Insufficient depth — chest not low enough.; Hip sag detected — maintain straight plank line.,62.4,3.5,80.1,100.0,100.0,62.8,80.1,100.0,0.0
812,Pushups,143.06,78.57,82.23,65.97,78.57,174.6,up,Bad,Good,95.4,7,Hips sagging or piking; Knees bent — not in full plank; Insufficient depth — chest not low enough.; Hip sag detected — maintain straight plank line.,62.6,3.5,81.2,100.0,100.0,62.8,81.2,100.0,0.0
813,Pushups,143.15,78.59,82.0,65.81,78.59,174.6,up,Bad,Good,95.4,7,Hips sagging or piking; Knees bent — not in full plank; Insufficient depth — chest not low enough.; Hip sag detected — maintain straight plank line.,62.8,3.5,81.7,100.0,100.0,62.8,81.7,100.0,0.0
814,Pushups,143.16,78.62,81.95,65.84,78.62,174.5,up,Bad,Good,95.5,7,Hips sagging or piking; Knees bent — not in full plank; Insufficient depth — chest not low enough.; Hip sag detected — maintain straight plank line.,63.6,3.5,85.1,100.0,100.0,62.8,85.1,100.0,0.0
815,Pushups,143.25,78.69,81.91,65.86,78.69,174.4,up,Bad,Good,95.6,7,Hips sagging or piking; Knees bent — not in full plank; Insufficient depth — chest not low enough.; Hip sag detected — maintain straight plank line.,63.6,3.4,85.3,100.0,100.0,62.8,85.3,100.0,0.0
816,Pushups,143.46,78.74,81.87,65.85,78.74,174.4,up,Bad,Good,95.6,7,Hips sagging or piking; Knees bent — not in full plank; Insufficient depth — chest not low enough.; Hip sag detected — maintain straight plank line.,63.7,3.4,85.7,100.0,100.0,62.8,85.7,100.0,0.0
817,Pushups,143.46,78.76,81.86,65.82,78.76,174.4,up,Bad,Good,95.7,7,Hips sagging or piking; Knees bent — not in full plank; Insufficient depth — chest not low enough.; Hip sag detected — maintain straight plank line.,63.7,3.2,85.8,100.0,100.0,62.8,85.8,100.0,0.0
818,Pushups,143.55,78.76,81.89,65.87,78.76,174.4,up,Bad,Good,95.8,7,Hips sagging or piking; Knees bent — not in full plank; Insufficient depth — chest not low enough.; Hip sag detected — maintain straight plank line.,63.7,3.2,85.9,100.0,100.0,62.8,85.9,100.0,0.0
819,Pushups,143.61,78.77,81.88,65.73,78.77,174.4,up,Bad,Good,95.8,7,Hips sagging or piking; Knees bent — not in full plank; Insufficient depth — chest not low enough.; Hip sag detected — maintain straight plank line.,63.7,3.0,85.9,100.0,100.0,62.8,85.9,100.0,0.0
820,Pushups,143.62,78.76,81.83,65.67,78.76,174.4,up,Bad,Good,95.9,7,Hips sagging or piking; Knees bent — not in full plank; Insufficient depth — chest not low enough.; Hip sag detected — maintain straight plank line.,63.6,2.8,86.1,100.0,100.0,62.8,86.1,100.0,0.0
821,Pushups,143.41,78.75,81.78,65.65,78.75,174.5,up,Bad,Good,95.9,7,Hips sagging or piking; Knees bent — not in full plank; Insufficient depth — chest not low enough.; Hip sag detected — maintain straight plank line.,63.7,2.8,86.4,100.0,100.0,62.8,86.4,100.0,0.0
822,Pushups,143.43,78.75,81.87,65.74,78.75,174.5,up,Bad,Good,95.9,7,Hips sagging or piking; Knees bent — not in full plank; Insufficient depth — chest not low enough.; Hip sag detected — maintain straight plank line.,64.0,2.8,87.6,100.0,100.0,62.8,87.6,100.0,0.0
823,Pushups,143.39,78.76,81.85,65.67,78.76,174.6,up,Bad,Good,95.9,7,Hips sagging or piking; Knees bent — not in full plank; Insufficient depth — chest not low enough.; Hip sag detected — maintain straight plank line.,64.0,2.8,87.6,100.0,100.0,62.8,87.6,100.0,0.0
824,Pushups,143.13,78.76,81.92,65.74,78.76,174.7,up,Bad,Good,95.9,7,Hips sagging or piking; Knees bent — not in full plank; Insufficient depth — chest not low enough.; Hip sag detected — maintain straight plank line.,64.1,2.8,88.0,100.0,100.0,62.8,88.0,100.0,0.0
825,Pushups,143.02,78.76,81.95,65.61,78.76,174.8,up,Bad,Good,95.9,7,Hips sagging or piking; Knees bent — not in full plank; Insufficient depth — chest not low enough.; Hip sag detected — maintain straight plank line.,64.2,2.8,88.4,100.0,100.0,62.8,88.4,100.0,0.0
826,Pushups,143.01,78.82,81.95,65.61,78.82,174.9,up,Bad,Good,95.9,7,Hips sagging or piking; Knees bent — not in full plank; Insufficient depth — chest not low enough.; Hip sag detected — maintain straight plank line.,64.3,2.8,88.6,100.0,100.0,62.8,88.6,100.0,0.0
827,Pushups,142.93,78.81,81.95,65.47,78.81,174.9,up,Bad,Good,95.9,7,Hips sagging or piking; Knees bent — not in full plank; Insufficient depth — chest not low enough.; Hip sag detected — maintain straight plank line.,64.2,2.8,88.5,100.0,100.0,62.8,88.5,100.0,0.0
828,Pushups,142.85,78.8,81.99,65.49,78.8,175.0,up,Bad,Good,95.9,7,Hips sagging or piking; Knees bent — not in full plank; Insufficient depth — chest not low enough.; Hip sag detected — maintain straight plank line.,64.2,2.8,88.5,100.0,100.0,62.8,88.5,100.0,0.0
829,Pushups,142.85,78.81,81.95,65.47,78.81,175.0,up,Bad,Good,95.9,7,Hips sagging or piking; Knees bent — not in full plank; Insufficient depth — chest not low enough.; Hip sag detected — maintain straight plank line.,64.3,2.8,88.6,100.0,100.0,62.8,88.6,100.0,0.0
830,Pushups,142.74,78.83,81.84,65.43,78.83,175.0,up,Bad,Good,95.9,7,Hips sagging or piking; Knees bent — not in full plank; Insufficient depth — chest not low enough.; Hip sag detected — maintain straight plank line.,64.3,2.8,88.7,100.0,100.0,62.8,88.7,100.0,0.0
831,Pushups,142.79,78.85,81.71,65.33,78.85,175.0,up,Bad,Good,96.0,7,Hips sagging or piking; Knees bent — not in full plank; Insufficient depth — chest not low enough.; Hip sag detected — maintain straight plank line.,64.3,2.8,88.7,100.0,100.0,62.8,88.7,100.0,0.0
832,Pushups,142.85,78.83,81.48,65.13,78.83,175.0,up,Bad,Good,96.0,7,Hips sagging or piking; Knees bent — not in full plank; Insufficient depth — chest not low enough.; Hip sag detected — maintain straight plank line.,64.3,2.8,88.6,100.0,100.0,62.8,88.6,100.0,0.0
833,Pushups,142.3,78.68,80.49,64.37,78.68,174.9,up,Bad,Good,96.0,7,Hips sagging or piking; Knees bent — not in full plank; Insufficient depth — chest not low enough.; Hip sag detected — maintain straight plank line.,63.6,2.8,86.0,100.0,100.0,62.8,86.0,100.0,0.0
834,Pushups,141.23,78.44,80.37,64.41,78.44,175.0,up,Bad,Good,96.0,7,Hips sagging or piking; Knees bent — not in full plank; Insufficient depth — chest not low enough.; Hip sag detected — maintain straight plank line.,63.2,2.8,84.4,100.0,100.0,62.8,84.4,100.0,0.0
835,Pushups,137.64,78.26,79.27,64.86,78.26,175.1,up,Bad,Good,95.8,7,Hips sagging or piking; Knees bent — not in full plank; Insufficient depth — chest not low enough.; Hip sag detected — maintain straight plank line.,58.5,5.4,62.4,100.0,100.0,62.8,62.4,100.0,0.0
836,Pushups,138.19,77.9,78.91,64.25,77.9,175.6,up,Bad,Good,95.6,7,Hips sagging or piking; Knees bent — not in full plank; Insufficient depth — chest not low enough.; Hip sag detected — maintain straight plank line.,58.2,5.4,61.1,100.0,100.0,62.9,61.1,100.0,0.0
837,Pushups,134.9,77.55,76.71,61.29,77.55,169.7,up,Bad,Good,95.4,7,Hips sagging or piking; Knees bent — not in full plank; Insufficient depth — chest not low enough.; Hip sag detected — maintain straight plank line.,49.7,7.6,24.5,100.0,100.0,62.9,24.5,100.0,0.0
838,Pushups,136.66,76.92,77.06,60.54,76.92,164.0,up,Bad,Good,95.2,7,Hips sagging or piking; Knees bent — not in full plank; Insufficient depth — chest not low enough.; Hip sag detected — maintain straight plank line.,48.2,7.6,18.6,100.0,100.0,63.0,18.6,100.0,0.0
839,Pushups,136.95,76.07,76.24,59.08,76.07,162.3,up,Bad,Good,94.8,7,Hips sagging or piking; Knees bent — not in full plank; Insufficient depth — chest not low enough.; Hip sag detected — maintain straight plank line.,47.3,7.6,14.7,100.0,100.0,63.2,14.7,100.0,0.0
840,Pushups,139.95,74.56,76.34,59.1,74.56,160.6,up,Bad,Good,94.5,7,Hips sagging or piking; Knees bent — not in full plank; Insufficient depth — chest not low enough.; Hip sag detected — maintain straight plank line.,43.8,7.6,0.5,100.0,100.0,63.5,0.5,100.0,0.0
841,Pushups,141.98,73.08,75.88,58.98,73.08,158.7,up,Bad,Good,94.2,7,Hips sagging or piking; Knees bent — not in full plank; Insufficient depth — chest not low enough.; Hip sag detected — maintain straight plank line.,43.7,7.6,0.0,100.0,100.0,63.7,0.0,100.0,0.0
842,Pushups,143.86,72.23,74.54,57.33,72.23,162.8,up,Bad,Good,94.1,7,Hips sagging or piking; Knees bent — not in full plank; Insufficient depth — chest not low enough.; Hip sag detected — maintain straight plank line.,43.7,7.6,0.0,100.0,100.0,63.9,0.0,100.0,0.0
843,Pushups,145.85,72.31,74.78,58.15,72.31,167.2,up,Bad,Good,94.1,7,Hips sagging or piking; Knees bent — not in full plank; Insufficient depth — chest not low enough.; Hip sag detected — maintain straight plank line.,44.0,8.8,0.0,100.0,100.0,63.9,0.0,100.0,0.0
844,Pushups,146.36,71.94,75.4,59.46,71.94,167.8,up,Bad,Good,93.9,7,Hips sagging or piking; Knees bent — not in full plank; Insufficient depth — chest not low enough.; Hip sag detected — maintain straight plank line.,44.2,9.2,0.0,100.0,100.0,64.0,0.0,100.0,0.0
845,Pushups,146.75,72.02,78.06,62.07,72.02,168.1,up,Bad,Good,93.9,7,Hips sagging or piking; Knees bent — not in full plank; Insufficient depth — chest not low enough.; Hip sag detected — maintain straight plank line.,44.2,9.5,0.0,100.0,100.0,63.9,0.0,100.0,0.0
846,Pushups,147.07,72.23,78.0,63.32,72.23,168.2,up,Bad,Good,93.7,7,Hips sagging or piking; Knees bent — not in full plank; Insufficient depth — chest not low enough.; Hip sag detected — maintain straight plank line.,44.3,9.7,0.0,100.0,100.0,63.9,0.0,100.0,0.0
847,Pushups,148.8,72.46,80.56,66.31,72.46,169.2,up,Bad,Good,93.7,7,Hips sagging or piking; Knees bent — not in full plank; Insufficient depth — chest not low enough.; Hip sag detected — maintain straight plank line.,44.7,11.1,0.0,100.0,100.0,64.0,0.0,100.0,0.0
848,Pushups,148.88,72.42,83.39,68.91,72.42,170.2,up,Bad,Good,93.7,7,Hips sagging or piking; Knees bent — not in full plank; Insufficient depth — chest not low enough.; Hip sag detected — maintain straight plank line.,44.8,11.2,0.0,100.0,100.0,64.0,0.0,100.0,0.0
849,Pushups,149.83,72.58,86.67,70.62,72.58,170.8,up,Bad,Good,93.8,7,Hips sagging or piking; Knees bent — not in full plank; Insufficient depth — chest not low enough.; Hip sag detected — maintain straight plank line.,45.0,11.9,0.0,100.0,100.0,63.9,0.0,100.0,0.0
850,Pushups,151.36,72.71,92.22,73.74,72.71,171.7,up,Bad,Good,93.7,7,Hips sagging or piking; Knees bent — not in full plank; Insufficient depth — chest not low enough.; Hip sag detected — maintain straight plank line.,45.6,14.1,0.0,100.0,100.0,64.0,0.0,100.0,0.0
851,Pushups,151.28,73.77,94.61,76.0,73.77,172.7,up,Bad,Good,93.7,7,Hips sagging or piking; Knees bent — not in full plank; Insufficient depth — chest not low enough.; Hip sag detected — maintain straight plank line.,46.2,16.1,0.0,100.0,100.0,64.0,0.0,100.0,0.0
852,Pushups,151.58,73.95,96.46,77.04,73.95,173.0,up,Bad,Good,93.8,7,Hips sagging or piking; Knees bent — not in full plank; Insufficient depth — chest not low enough.; Hip sag detected — maintain straight plank line.,46.6,17.5,0.0,100.0,100.0,64.0,0.0,100.0,0.0
853,Pushups,150.09,74.81,95.45,76.68,74.81,172.8,up,Bad,Good,93.9,7,Hips sagging or piking; Knees bent — not in full plank; Insufficient depth — chest not low enough.; Hip sag detected — maintain straight plank line.,46.6,17.5,0.0,100.0,100.0,64.0,0.0,100.0,0.0
854,Pushups,150.14,74.92,95.7,75.46,74.92,172.7,up,Bad,Good,94.0,7,Hips sagging or piking; Knees bent — not in full plank; Insufficient depth — chest not low enough.; Hip sag detected — maintain straight plank line.,46.6,17.5,0.0,100.0,100.0,64.0,0.0,100.0,0.0
855,Pushups,148.55,75.52,95.05,74.24,75.52,172.3,up,Bad,Good,94.2,7,Hips sagging or piking; Knees bent — not in full plank; Insufficient depth — chest not low enough.; Hip sag detected — maintain straight plank line.,46.6,17.5,0.0,100.0,100.0,63.8,0.0,100.0,0.0
856,Pushups,147.02,75.9,94.12,74.08,75.9,171.9,up,Bad,Good,94.4,7,Hips sagging or piking; Knees bent — not in full plank; Insufficient depth — chest not low enough.; Hip sag detected — maintain straight plank line.,46.6,17.5,0.0,100.0,100.0,63.8,0.0,100.0,0.0
857,Pushups,145.2,75.88,92.68,74.93,75.88,171.7,up,Bad,Good,94.5,7,Hips sagging or piking; Knees bent — not in full plank; Insufficient depth — chest not low enough.; Hip sag detected — maintain straight plank line.,46.6,17.5,0.0,100.0,100.0,63.9,0.0,100.0,0.0
858,Pushups,143.56,75.81,90.79,74.3,75.81,171.9,up,Bad,Good,94.6,7,Hips sagging or piking; Knees bent — not in full plank; Insufficient depth — chest not low enough.; Hip sag detected — maintain straight plank line.,46.6,17.5,0.0,100.0,100.0,63.9,0.0,100.0,0.0
859,Pushups,143.57,76.49,87.49,71.69,76.49,172.3,up,Bad,Good,94.8,7,Hips sagging or piking; Knees bent — not in full plank; Insufficient depth — chest not low enough.; Hip sag detected — maintain straight plank line.,46.6,17.5,0.0,100.0,100.0,63.8,0.0,100.0,0.0
860,Pushups,145.93,77.21,81.97,69.92,77.21,172.9,up,Bad,Good,94.9,7,Hips sagging or piking; Knees bent — not in full plank; Insufficient depth — chest not low enough.; Hip sag detected — maintain straight plank line.,46.6,17.5,0.0,100.0,100.0,63.8,0.0,100.0,0.0
861,Pushups,145.34,77.51,72.63,60.21,77.51,173.6,up,Bad,Good,94.9,7,Hips sagging or piking; Knees bent — not in full plank; Insufficient depth — chest not low enough.; Hip sag detected — maintain straight plank line.,47.1,19.1,0.0,100.0,100.0,63.9,0.0,100.0,0.0
862,Pushups,147.2,78.14,70.41,60.87,78.14,174.5,up,Bad,Good,94.9,7,Hips sagging or piking; Knees bent — not in full plank; Insufficient depth — chest not low enough.; Hip sag detected — maintain straight plank line.,47.6,20.8,0.0,100.0,100.0,63.9,0.0,100.0,0.0
863,Pushups,145.9,78.51,70.15,61.67,78.51,175.2,up,Bad,Good,94.8,7,Hips sagging or piking; Knees bent — not in full plank; Insufficient depth — chest not low enough.; Hip sag detected — maintain straight plank line.,47.7,21.0,0.0,100.0,100.0,63.9,0.0,100.0,0.0
864,Pushups,145.21,78.77,88.07,76.26,78.77,175.6,up,Bad,Good,94.9,7,Hips sagging or piking; Knees bent — not in full plank; Insufficient depth — chest not low enough.; Hip sag detected — maintain straight plank line.,47.7,21.0,0.0,100.0,100.0,63.9,0.0,100.0,0.0
865,Pushups,145.72,79.38,110.83,92.17,79.38,176.0,up,Bad,Good,95.2,7,Hips sagging or piking; Knees bent — not in full plank; Insufficient depth — chest not low enough.; Hip sag detected — maintain straight plank line.,51.1,32.5,0.0,100.0,100.0,63.8,0.0,100.0,0.0
866,Pushups,145.65,80.42,124.82,106.73,80.42,176.1,up,Bad,Good,95.5,7,Hips sagging or piking; Knees bent — not in full plank; Insufficient depth — chest not low enough.; Hip sag detected — maintain straight plank line.,54.5,43.7,0.0,100.0,100.0,63.8,0.0,100.0,0.0
867,Pushups,147.72,81.64,135.36,124.22,81.64,176.1,up,Bad,Good,95.7,7,Hips sagging or piking; Knees bent — not in full plank; Insufficient depth — chest not low enough.; Hip sag detected — maintain straight plank line.,57.4,53.5,0.0,100.0,100.0,63.9,0.0,100.0,0.0
868,Pushups,145.0,83.35,145.39,143.78,83.35,175.9,up,Bad,Good,95.9,7,Hips sagging or piking; Knees bent — not in full plank; Insufficient depth — chest not low enough.; Hip sag detected — maintain straight plank line.,62.2,69.2,0.0,100.0,100.0,64.0,0.0,100.0,0.0
869,Pushups,149.01,84.41,153.67,160.89,84.41,175.5,up,Bad,Good,96.0,7,Hips sagging or piking; Insufficient depth — chest not low enough.; Hip sag detected — maintain straight plank line.,67.3,82.8,0.0,100.0,100.0,74.9,0.0,100.0,0.0
870,Pushups,149.43,85.27,153.57,164.02,85.27,175.3,up,Bad,Good,96.0,7,Hips sagging or piking; Insufficient depth — chest not low enough.; Hip sag detected — maintain straight plank line.,68.1,85.4,0.0,100.0,100.0,74.7,0.0,100.0,0.0
871,Pushups,153.3,85.86,153.33,167.48,85.86,175.1,up,Bad,Good,96.5,7,Hips sagging or piking; Insufficient depth — chest not low enough.; Hip sag detected — maintain straight plank line.,68.9,88.1,0.0,100.0,100.0,74.7,0.0,100.0,0.0
872,Pushups,153.98,86.97,155.11,173.47,86.97,174.7,up,Bad,Good,96.8,7,Insufficient depth — chest not low enough.; Hip sag detected — maintain straight plank line.,71.4,92.9,0.0,100.0,100.0,85.7,0.0,100.0,0.0
873,Pushups,157.19,87.24,155.77,177.7,87.24,174.7,up,Bad,Good,97.0,7,Insufficient depth — chest not low enough.; Hip sag detected — maintain straight plank line.,72.5,96.3,0.0,100.0,100.0,85.7,0.0,100.0,0.0
874,Pushups,158.65,87.03,156.93,179.55,87.03,175.0,up,Bad,Good,97.1,7,Insufficient depth — chest not low enough.; Hip sag detected — maintain straight plank line.,72.9,97.8,0.0,100.0,100.0,85.7,0.0,100.0,0.0
875,Pushups,157.36,86.87,157.58,178.87,86.87,175.0,up,Bad,Good,97.3,7,Insufficient depth — chest not low enough.; Hip sag detected — maintain straight plank line.,72.9,97.8,0.0,100.0,100.0,85.8,0.0,100.0,0.0
876,Pushups,157.53,86.77,156.7,178.97,86.77,174.8,up,Bad,Good,97.7,7,Insufficient depth — chest not low enough.; Hip sag detected — maintain straight plank line.,72.9,97.8,0.0,100.0,100.0,85.7,0.0,100.0,0.0
877,Pushups,158.78,86.76,156.77,179.45,86.76,174.6,up,Bad,Good,98.2,7,Insufficient depth — chest not low enough.; Hip sag detected — maintain straight plank line.,72.9,97.8,0.0,100.0,100.0,85.7,0.0,100.0,0.0
878,Pushups,158.15,87.02,156.08,179.35,87.02,174.2,up,Bad,Good,98.8,7,Insufficient depth — chest not low enough.; Hip sag detected — maintain straight plank line.,72.9,97.8,0.0,100.0,100.0,85.8,0.0,100.0,0.0
879,Pushups,158.28,87.66,155.4,179.15,87.66,173.6,up,Bad,Good,98.8,7,Insufficient depth — chest not low enough.; Hip sag detected — maintain straight plank line.,72.9,97.8,0.0,100.0,100.0,85.8,0.0,100.0,0.0
880,Pushups,157.99,87.83,155.6,178.6,87.83,173.2,up,Bad,Good,98.9,7,Insufficient depth — chest not low enough.; Hip sag detected — maintain straight plank line.,72.9,97.8,0.0,100.0,100.0,85.8,0.0,100.0,0.0
881,Pushups,157.84,87.93,155.18,178.46,87.93,172.9,up,Bad,Good,98.9,7,Insufficient depth — chest not low enough.; Hip sag detected — maintain straight plank line.,72.9,97.8,0.0,100.0,100.0,85.8,0.0,100.0,0.0
882,Pushups,157.34,87.95,155.05,178.66,87.95,172.8,up,Bad,Good,98.9,7,Insufficient depth — chest not low enough.; Hip sag detected — maintain straight plank line.,72.9,97.8,0.0,100.0,100.0,85.8,0.0,100.0,0.0
883,Pushups,156.36,88.07,154.8,178.79,88.07,172.5,up,Bad,Good,99.0,7,Hips sagging or piking; Insufficient depth — chest not low enough.; Hip sag detected — maintain straight plank line.,71.8,97.8,0.0,100.0,100.0,74.8,0.0,100.0,0.0
884,Pushups,155.71,88.02,154.78,178.82,88.02,172.1,up,Bad,Good,99.0,7,Hips sagging or piking; Insufficient depth — chest not low enough.; Hip sag detected — maintain straight plank line.,71.8,97.8,0.0,100.0,100.0,74.8,0.0,100.0,0.0
885,Pushups,155.97,88.47,154.34,178.97,88.47,171.6,up,Bad,Good,99.0,7,Hips sagging or piking; Insufficient depth — chest not low enough.; Hip sag detected — maintain straight plank line.,71.8,97.8,0.0,100.0,100.0,74.8,0.0,100.0,0.0
886,Pushups,156.2,89.29,152.85,178.13,89.29,171.4,up,Bad,Good,99.0,7,Hips sagging or piking; Insufficient depth — chest not low enough.; Hip sag detected — maintain straight plank line.,71.8,97.8,0.0,100.0,100.0,74.7,0.0,100.0,0.0
887,Pushups,156.39,89.21,153.24,178.34,89.21,171.0,up,Bad,Good,99.0,7,Hips sagging or piking; Insufficient depth — chest not low enough.; Hip sag detected — maintain straight plank line.,71.8,97.8,0.0,100.0,100.0,74.7,0.0,100.0,0.0
888,Pushups,151.88,88.96,153.59,178.61,88.96,170.5,up,Bad,Good,99.0,7,Hips sagging or piking; Insufficient depth — chest not low enough.; Hip sag detected — maintain straight plank line.,71.8,97.8,0.0,100.0,100.0,74.7,0.0,100.0,0.0
889,Pushups,148.3,88.62,153.98,176.79,88.62,170.1,up,Bad,Good,98.9,7,Hips sagging or piking; Insufficient depth — chest not low enough.; Hip sag detected — maintain straight plank line.,71.8,97.8,0.0,100.0,100.0,74.6,0.0,100.0,0.0
890,Pushups,146.92,87.55,155.2,175.7,87.55,169.7,up,Bad,Good,98.9,7,Insufficient depth — chest not low enough.; Hip sag detected — maintain straight plank line.,72.9,97.8,0.0,100.0,100.0,85.5,0.0,100.0,0.0
891,Pushups,148.22,86.23,157.03,176.76,,169.4,up,Bad,Good,98.8,7,Insufficient depth — chest not low enough.; Hip sag detected — maintain straight plank line.,73.6,97.8,0.0,100.0,100.0,92.3,0.0,100.0,0.0
892,Pushups,149.35,85.19,158.52,176.69,,169.2,up,Bad,Good,98.6,7,Insufficient depth — chest not low enough.; Hip sag detected — maintain straight plank line.,73.6,97.8,0.0,100.0,100.0,92.3,0.0,100.0,0.0
893,Pushups,149.68,84.36,160.12,177.38,,169.4,up,Bad,Good,98.5,7,Insufficient depth — chest not low enough.; Hip sag detected — maintain straight plank line.,73.6,97.8,0.0,100.0,100.0,92.3,0.0,100.0,0.0
894,Pushups,150.75,83.55,160.58,177.31,,169.6,up,Bad,Good,98.4,7,Insufficient depth — chest not low enough.; Hip sag detected — maintain straight plank line.,73.6,97.8,0.0,100.0,100.0,92.3,0.0,100.0,0.0
895,Pushups,151.0,82.71,161.36,177.37,,170.3,up,Bad,Good,98.4,7,Insufficient depth — chest not low enough.; Hip sag detected — maintain straight plank line.,73.6,97.8,0.0,100.0,100.0,92.3,0.0,100.0,0.0
896,Pushups,150.61,82.09,163.17,174.9,,171.4,up,Bad,Good,98.3,7,Insufficient depth — chest not low enough.; Hip sag detected — maintain straight plank line.,73.6,97.8,0.0,100.0,100.0,92.3,0.0,100.0,0.0
897,Pushups,152.55,81.14,164.26,175.41,,172.3,up,Bad,Good,98.3,7,Insufficient depth — chest not low enough.; Hip sag detected — maintain straight plank line.,73.6,97.8,0.0,100.0,100.0,92.3,0.0,100.0,0.0
898,Pushups,154.27,80.81,164.63,175.09,,172.9,up,Bad,Good,98.3,7,Insufficient depth — chest not low enough.; Hip sag detected — maintain straight plank line.,73.6,97.8,0.0,100.0,100.0,92.3,0.0,100.0,0.0
899,Pushups,153.03,80.81,164.99,174.4,,173.5,up,Bad,Good,98.4,7,Insufficient depth — chest not low enough.; Hip sag detected — maintain straight plank line.,73.6,97.8,0.0,100.0,100.0,92.3,0.0,100.0,0.0
900,Pushups,151.83,80.31,166.03,174.98,,173.8,up,Bad,Good,98.4,7,Insufficient depth — chest not low enough.; Hip sag detected — maintain straight plank line.,73.6,97.8,0.0,100.0,100.0,92.3,0.0,100.0,0.0
901,Pushups,151.18,79.81,167.12,173.2,,173.6,up,Bad,Good,98.5,7,Insufficient depth — chest not low enough.; Hip sag detected — maintain straight plank line.,73.6,97.8,0.0,100.0,100.0,92.3,0.0,100.0,0.0
902,Pushups,149.17,79.46,167.04,173.12,,173.4,up,Bad,Good,98.5,7,Insufficient depth — chest not low enough.; Hip sag detected — maintain straight plank line.,73.6,97.8,0.0,100.0,100.0,92.3,0.0,100.0,0.0
903,Pushups,148.32,79.2,167.14,171.78,,173.0,up,Bad,Good,98.5,7,Insufficient depth — chest not low enough.; Hip sag detected — maintain straight plank line.,73.6,97.8,0.0,100.0,100.0,92.3,0.0,100.0,0.0
904,Pushups,140.69,79.03,167.32,169.41,,171.6,up,Bad,Good,98.4,7,Insufficient depth — chest not low enough.; Hip sag detected — maintain straight plank line.,73.6,97.8,0.0,100.0,100.0,92.3,0.0,100.0,0.0
905,Pushups,132.72,79.2,167.71,167.23,,168.8,up,Bad,Good,98.4,7,Insufficient depth — chest not low enough.; Hip sag detected — maintain straight plank line.,73.6,97.8,0.0,100.0,100.0,92.3,0.0,100.0,0.0
906,Pushups,123.56,79.46,168.59,164.75,,163.7,up,Bad,Good,98.2,7,Insufficient depth — chest not low enough.; Hip sag detected — maintain straight plank line.,73.6,97.8,0.0,100.0,100.0,92.3,0.0,100.0,0.0
907,Pushups,114.04,79.47,172.52,166.23,,156.8,up,Bad,Good,98.1,7,Hip sag detected — maintain straight plank line.,73.8,97.8,0.0,100.0,100.0,95.0,0.0,100.0,0.0
908,Pushups,105.57,79.13,172.8,168.66,,148.5,up,Bad,Good,98.1,7,Hip sag detected — maintain straight plank line.,73.8,97.8,0.0,100.0,100.0,95.0,0.0,100.0,0.0
909,Pushups,96.75,78.01,174.76,168.21,,139.1,up,Bad,Good,98.0,7,Hip sag detected — maintain straight plank line.,73.8,97.8,0.0,100.0,100.0,95.0,0.0,100.0,0.0
910,Pushups,93.62,78.72,174.94,168.28,,128.8,up,Bad,Good,97.9,7,Hip sag detected — maintain straight plank line.,73.8,97.8,0.0,100.0,100.0,95.0,0.0,100.0,0.0
911,Pushups,96.28,78.95,175.53,164.46,,118.6,down,Bad,Good,97.7,8,Hip sag detected — maintain straight plank line.,73.8,97.8,0.0,100.0,100.0,95.0,0.0,100.0,0.0
912,Pushups,93.35,80.05,174.95,166.14,,108.6,down,Bad,Good,97.7,8,Hip sag detected — maintain straight plank line.,73.8,97.8,0.0,100.0,100.0,95.0,0.0,100.0,0.0
913,Pushups,91.96,80.23,176.3,167.52,,98.8,down,Bad,Good,97.6,8,Hip sag detected — maintain straight plank line.,73.8,97.8,0.0,100.0,100.0,95.0,0.0,100.0,0.0
914,Pushups,86.73,80.94,176.55,167.88,,89.0,down,Bad,Good,97.2,8,Hip sag detected — maintain straight plank line.,73.8,97.8,0.0,100.0,100.0,95.0,0.0,100.0,0.0
915,Pushups,82.21,81.37,177.08,167.6,,80.3,down,Bad,Good,96.6,8,Hip sag detected — maintain straight plank line.,73.8,97.8,0.0,100.0,100.0,95.0,0.0,100.0,0.0
916,Pushups,79.63,82.02,177.08,167.5,,71.9,down,Bad,Good,95.9,8,Hip sag detected — maintain straight plank line.,73.8,97.8,0.0,100.0,100.0,95.0,0.0,100.0,0.0
917,Pushups,77.78,82.22,177.4,168.02,,63.6,down,Bad,Good,95.2,8,Hip sag detected — maintain straight plank line.,73.8,97.8,0.0,100.0,100.0,95.0,0.0,100.0,0.0
918,Pushups,76.67,83.21,176.69,168.22,,56.0,down,Bad,Good,94.6,8,Hip sag detected — maintain straight plank line.,73.8,97.8,0.0,100.0,100.0,95.0,0.0,100.0,0.0
919,Pushups,76.62,83.68,176.24,167.97,,50.4,down,Bad,Good,94.0,8,Hip sag detected — maintain straight plank line.,73.8,97.8,0.0,100.0,100.0,95.0,0.0,100.0,0.0
920,Pushups,78.99,84.36,175.52,168.19,,45.3,down,Bad,Good,93.4,8,Hip sag detected — maintain straight plank line.,73.8,97.8,0.0,100.0,100.0,95.0,0.0,100.0,0.0
921,Pushups,85.14,84.53,175.57,168.85,,41.7,down,Bad,Good,93.0,8,Hip sag detected — maintain straight plank line.,73.8,97.8,0.0,100.0,100.0,95.0,0.0,100.0,0.0
922,Pushups,87.38,84.37,175.92,168.59,,39.4,down,Bad,Good,93.0,8,Hip sag detected — maintain straight plank line.,73.8,97.8,0.0,100.0,100.0,95.0,0.0,100.0,0.0
923,Pushups,85.83,83.81,176.55,168.4,,37.7,down,Bad,Good,93.1,8,Hip sag detected — maintain straight plank line.,73.8,97.8,0.0,100.0,100.0,95.0,0.0,100.0,0.0
924,Pushups,88.42,83.57,176.81,168.61,,36.5,down,Bad,Good,93.3,8,Hip sag detected — maintain straight plank line.,73.8,97.8,0.0,100.0,100.0,95.0,0.0,100.0,0.0
925,Pushups,88.36,83.48,176.94,168.68,,36.0,down,Bad,Good,93.6,8,Hip sag detected — maintain straight plank line.,73.8,97.8,0.0,100.0,100.0,95.0,0.0,100.0,0.0
926,Pushups,88.13,83.05,177.51,168.43,,36.2,down,Bad,Good,93.8,8,Hip sag detected — maintain straight plank line.,73.8,97.8,0.0,100.0,100.0,95.0,0.0,100.0,0.0
927,Pushups,89.43,82.3,177.75,167.02,,38.8,down,Bad,Good,94.1,8,Hip sag detected — maintain straight plank line.,73.8,97.8,0.0,100.0,100.0,95.0,0.0,100.0,0.0
928,Pushups,91.66,81.15,178.95,166.63,,45.8,down,Bad,Good,94.7,8,Hip sag detected — maintain straight plank line.,73.8,97.8,0.0,100.0,100.0,95.0,0.0,100.0,0.0
929,Pushups,96.67,79.11,179.03,163.46,,57.8,down,Bad,Good,94.9,8,Hip sag detected — maintain straight plank line.,73.8,97.8,0.0,100.0,100.0,95.0,0.0,100.0,0.0
930,Pushups,103.53,78.97,174.57,161.54,,74.1,down,Bad,Good,95.5,8,Hip sag detected — maintain straight plank line.,73.8,97.8,0.0,100.0,100.0,95.0,0.0,100.0,0.0
931,Pushups,115.44,76.91,173.48,163.15,,94.8,down,Bad,Good,96.0,8,Hip sag detected — maintain straight plank line.,73.8,97.8,0.0,100.0,100.0,95.0,0.0,100.0,0.0
932,Pushups,126.91,75.53,168.84,159.73,75.53,116.3,up,Bad,Good,96.3,8,Insufficient depth — chest not low enough.; Hip sag detected — maintain straight plank line.,72.9,97.8,0.0,100.0,100.0,85.2,0.0,100.0,0.0
933,Pushups,134.65,73.66,169.2,156.83,73.66,135.4,up,Bad,Good,96.9,8,Insufficient depth — chest not low enough.; Hip sag detected — maintain straight plank line.,72.9,97.8,0.0,100.0,100.0,85.2,0.0,100.0,0.0
934,Pushups,141.13,72.73,165.68,153.63,72.73,150.1,up,Bad,Good,97.5,8,Knees bent — not in full plank; Insufficient depth — chest not low enough.; Hip sag detected — maintain straight plank line.,71.8,97.8,0.0,100.0,100.0,74.4,0.0,100.0,0.0
935,Pushups,144.28,71.95,165.65,153.84,71.95,160.8,up,Bad,Good,98.0,8,Knees bent — not in full plank; Insufficient depth — chest not low enough.; Hip sag detected — maintain straight plank line.,71.8,97.8,0.0,100.0,100.0,74.7,0.0,100.0,0.0
936,Pushups,146.21,71.45,167.41,155.48,71.45,167.1,up,Bad,Good,98.2,8,Insufficient depth — chest not low enough.; Hip sag detected — maintain straight plank line.,72.9,97.8,0.0,100.0,100.0,85.6,0.0,100.0,0.0
937,Pushups,149.33,71.31,167.5,156.38,71.31,170.5,up,Bad,Good,98.5,8,Insufficient depth — chest not low enough.; Hip sag detected — maintain straight plank line.,72.9,97.8,0.0,100.0,100.0,85.6,0.0,100.0,0.0
938,Pushups,149.9,71.36,167.92,158.07,71.36,172.1,up,Bad,Good,98.5,8,Insufficient depth — chest not low enough.; Hip sag detected — maintain straight plank line.,72.9,97.8,0.0,100.0,100.0,85.6,0.0,100.0,0.0
939,Pushups,151.24,70.97,169.08,158.51,70.97,172.8,up,Bad,Good,98.6,8,Insufficient depth — chest not low enough.; Hip sag detected — maintain straight plank line.,72.9,97.8,0.0,100.0,100.0,85.7,0.0,100.0,0.0
940,Pushups,152.19,70.96,169.84,160.28,70.96,173.2,up,Bad,Good,98.8,8,Insufficient depth — chest not low enough.; Hip sag detected — maintain straight plank line.,72.9,97.8,0.0,100.0,100.0,85.7,0.0,100.0,0.0
941,Pushups,152.64,71.0,169.75,160.16,71.0,173.0,up,Bad,Good,98.7,8,Insufficient depth — chest not low enough.; Hip sag detected — maintain straight plank line.,72.9,97.8,0.0,100.0,100.0,85.8,0.0,100.0,0.0
942,Pushups,153.06,70.92,169.75,160.48,70.92,172.9,up,Bad,Good,98.6,8,Insufficient depth — chest not low enough.; Hip sag detected — maintain straight plank line.,72.9,97.8,0.0,100.0,100.0,85.8,0.0,100.0,0.0
943,Pushups,152.48,70.88,170.14,161.02,70.88,172.8,up,Bad,Good,98.5,8,Insufficient depth — chest not low enough.; Hip sag detected — maintain straight plank line.,72.9,97.8,0.0,100.0,100.0,85.9,0.0,100.0,0.0
944,Pushups,152.38,70.85,170.44,160.06,70.85,172.7,up,Bad,Good,98.5,8,Insufficient depth — chest not low enough.; Hip sag detected — maintain straight plank line.,72.9,97.8,0.0,100.0,100.0,85.9,0.0,100.0,0.0
945,Pushups,152.38,70.77,170.98,160.35,70.77,172.6,up,Bad,Good,98.4,8,Insufficient depth — chest not low enough.; Hip sag detected — maintain straight plank line.,72.9,97.8,0.0,100.0,100.0,86.0,0.0,100.0,0.0
946,Pushups,152.88,70.76,171.03,160.44,70.76,172.4,up,Bad,Good,98.3,8,Insufficient depth — chest not low enough.; Hip sag detected — maintain straight plank line.,72.9,97.8,0.0,100.0,100.0,86.0,0.0,100.0,0.0
947,Pushups,153.3,70.7,171.77,161.68,70.7,172.1,up,Bad,Good,98.3,8,Insufficient depth — chest not low enough.; Hip sag detected — maintain straight plank line.,72.9,97.8,0.0,100.0,100.0,86.0,0.0,100.0,0.0
948,Pushups,153.56,70.59,172.16,161.28,70.59,171.9,up,Bad,Good,98.3,8,Insufficient depth — chest not low enough.; Hip sag detected — maintain straight plank line.,72.9,97.8,0.0,100.0,100.0,85.9,0.0,100.0,0.0
949,Pushups,153.76,70.71,172.48,161.72,70.71,171.7,up,Bad,Good,98.3,8,Insufficient depth — chest not low enough.; Hip sag detected — maintain straight plank line.,72.9,97.8,0.0,100.0,100.0,85.9,0.0,100.0,0.0
950,Pushups,151.79,71.02,172.4,162.26,,171.3,up,Bad,Good,98.2,8,Insufficient depth — chest not low enough.; Hip sag detected — maintain straight plank line.,73.6,97.8,0.0,100.0,100.0,92.3,0.0,100.0,0.0
951,Pushups,146.87,71.45,172.95,162.62,,170.3,up,Bad,Good,98.2,8,Insufficient depth — chest not low enough.; Hip sag detected — maintain straight plank line.,73.6,97.8,0.0,100.0,100.0,92.3,0.0,100.0,0.0
952,Pushups,141.83,72.22,174.42,164.18,,168.0,up,Bad,Good,98.2,8,Insufficient depth — chest not low enough.; Hip sag detected — maintain straight plank line.,73.6,97.8,0.0,100.0,100.0,92.3,0.0,100.0,0.0
953,Pushups,130.2,71.6,174.83,163.25,71.6,164.3,up,Bad,Good,98.2,8,Insufficient depth — chest not low enough.; Hip sag detected — maintain straight plank line.,72.9,97.8,0.0,100.0,100.0,85.1,0.0,100.0,0.0
954,Pushups,124.46,72.26,176.01,163.97,72.26,159.4,up,Bad,Good,98.2,8,Insufficient depth — chest not low enough.; Hip sag detected — maintain straight plank line.,72.8,97.8,0.0,100.0,100.0,85.0,0.0,100.0,0.0
955,Pushups,115.28,73.13,177.14,164.67,73.13,153.1,up,Bad,Good,98.1,8,Hip sag detected — maintain straight plank line.,73.1,97.8,0.0,100.0,100.0,87.6,0.0,100.0,0.0
956,Pushups,111.38,73.85,178.23,164.8,73.85,144.7,up,Bad,Good,98.0,8,Hip sag detected — maintain straight plank line.,73.1,97.8,0.0,100.0,100.0,87.7,0.0,100.0,0.0
957,Pushups,107.21,75.62,177.91,165.11,75.62,134.3,up,Bad,Good,97.9,8,Hip sag detected — maintain straight plank line.,73.2,97.8,0.0,100.0,100.0,88.1,0.0,100.0,0.0
958,Pushups,101.45,75.95,178.36,162.02,75.95,123.0,down,Bad,Good,97.7,9,Hip sag detected — maintain straight plank line.,73.2,97.8,0.0,100.0,100.0,88.3,0.0,100.0,0.0
959,Pushups,98.15,77.05,178.84,162.37,77.05,111.0,down,Bad,Good,97.6,9,Hip sag detected — maintain straight plank line.,73.2,97.8,0.0,100.0,100.0,88.6,0.0,100.0,0.0
960,Pushups,92.43,78.32,178.68,162.59,78.32,98.0,down,Bad,Good,97.5,9,Hip sag detected — maintain straight plank line.,73.2,97.8,0.0,100.0,100.0,88.5,0.0,100.0,0.0
961,Pushups,89.66,79.74,178.03,165.0,79.74,85.8,down,Bad,Good,97.1,9,Hip sag detected — maintain straight plank line.,73.2,97.8,0.0,100.0,100.0,88.7,0.0,100.0,0.0
962,Pushups,87.64,79.81,178.61,165.45,79.81,75.6,down,Bad,Good,96.7,9,Hip sag detected — maintain straight plank line.,73.0,97.1,0.0,100.0,100.0,88.8,0.0,100.0,0.0
963,Pushups,85.7,79.71,178.8,165.69,79.71,67.0,down,Bad,Good,96.5,9,Hip sag detected — maintain straight plank line.,72.7,96.1,0.0,100.0,100.0,88.7,0.0,100.0,0.0
964,Pushups,90.59,79.98,178.83,166.03,79.98,60.5,down,Bad,Good,96.4,9,Hip sag detected — maintain straight plank line.,72.5,95.5,0.0,100.0,100.0,88.8,0.0,100.0,0.0
965,Pushups,91.79,80.52,178.71,164.64,80.52,58.3,down,Bad,Good,96.2,9,Hip sag detected — maintain straight plank line.,72.5,95.5,0.0,100.0,100.0,88.6,0.0,100.0,0.0
966,Pushups,99.3,84.54,171.76,156.69,84.54,59.3,down,Bad,Good,96.3,9,Hip sag detected — maintain straight plank line.,72.5,95.5,0.0,100.0,100.0,88.5,0.0,100.0,0.0
967,Pushups,99.6,89.23,157.03,152.42,89.23,66.2,down,Bad,Good,96.3,9,Knees bent — not in full plank; Hip sag detected — maintain straight plank line.,71.4,95.5,0.0,100.0,100.0,77.6,0.0,100.0,0.0
968,Pushups,113.9,94.66,152.07,161.31,94.66,81.2,down,Bad,Good,96.3,9,Hips sagging or piking; Hip sag detected — maintain straight plank line.,71.4,95.5,0.0,100.0,100.0,77.5,0.0,100.0,0.0
969,Pushups,120.71,98.44,139.26,165.38,98.44,97.7,down,Bad,Good,96.5,9,Shoulders flaring or collapsing; Hips sagging or piking; Elbow flare — keep elbows closer to torso.; Insufficient depth — chest not low enough.; Hip sag detected — maintain straight plank line.,69.8,95.5,0.0,100.0,100.0,61.0,0.0,100.0,0.0
970,Pushups,127.98,100.95,135.65,169.1,100.95,114.4,down,Bad,Good,96.9,9,Shoulders flaring or collapsing; Hips sagging or piking; Elbow flare — keep elbows closer to torso.; Insufficient depth — chest not low enough.; Hip sag detected — maintain straight plank line.,69.7,95.5,0.0,100.0,100.0,60.7,0.0,100.0,0.0
971,Pushups,134.1,104.01,130.7,172.39,104.01,131.7,up,Bad,Good,97.4,9,Shoulders flaring or collapsing; Hips sagging or piking; Elbow flare — keep elbows closer to torso.; Insufficient depth — chest not low enough.; Hip sag detected — maintain straight plank line.,69.7,95.5,0.0,100.0,100.0,60.5,0.0,100.0,0.0
972,Pushups,140.8,107.96,116.92,162.23,107.96,145.5,up,Bad,Good,97.0,9,Shoulders flaring or collapsing; Hips sagging or piking; Elbow flare — keep elbows closer to torso.; Insufficient depth — chest not low enough.; Hip sag detected — maintain straight plank line.,69.7,95.5,0.0,100.0,100.0,60.1,0.0,100.0,0.0
973,Pushups,140.86,109.31,115.75,162.97,109.31,153.0,up,Bad,Good,96.6,9,Shoulders flaring or collapsing; Hips sagging or piking; Elbow flare — keep elbows closer to torso.; Insufficient depth — chest not low enough.; Hip sag detected — maintain straight plank line.,69.7,95.5,0.0,100.0,100.0,60.2,0.0,100.0,0.0
974,Pushups,144.08,110.1,113.35,161.31,110.1,159.5,up,Bad,Good,96.0,9,Shoulders flaring or collapsing; Hips sagging or piking; Elbow flare — keep elbows closer to torso.; Insufficient depth — chest not low enough.; Hip sag detected — maintain straight plank line.,69.7,95.5,0.0,100.0,100.0,60.6,0.0,100.0,0.0
975,Pushups,147.16,110.98,111.03,159.93,110.98,164.5,up,Bad,Good,95.7,9,Shoulders flaring or collapsing; Hips sagging or piking; Elbow flare — keep elbows closer to torso.; Insufficient depth — chest not low enough.; Hip sag detected — maintain straight plank line.,69.7,95.5,0.0,100.0,100.0,60.7,0.0,100.0,0.0
976,Pushups,150.96,110.51,111.46,161.26,110.51,168.1,up,Bad,Good,95.3,9,Shoulders flaring or collapsing; Hips sagging or piking; Elbow flare — keep elbows closer to torso.; Insufficient depth — chest not low enough.; Hip sag detected — maintain straight plank line.,69.7,95.5,0.0,100.0,100.0,60.8,0.0,100.0,0.0
977,Pushups,154.19,111.13,110.06,161.0,111.13,170.9,up,Bad,Good,95.1,9,Shoulders flaring or collapsing; Hips sagging or piking; Elbow flare — keep elbows closer to torso.; Insufficient depth — chest not low enough.; Hip sag detected — maintain straight plank line.,69.7,95.5,0.0,100.0,100.0,60.8,0.0,100.0,0.0
978,Pushups,156.32,112.42,106.25,159.82,112.42,173.0,up,Bad,Good,94.7,9,Shoulders flaring or collapsing; Hips sagging or piking; Elbow flare — keep elbows closer to torso.; Insufficient depth — chest not low enough.; Hip sag detected — maintain straight plank line.,69.8,95.5,0.0,100.0,100.0,61.1,0.0,100.0,0.0
979,Pushups,152.76,112.27,106.47,160.26,112.27,173.9,up,Bad,Good,94.1,9,Shoulders flaring or collapsing; Hips sagging or piking; Elbow flare — keep elbows closer to torso.; Insufficient depth — chest not low enough.; Hip sag detected — maintain straight plank line.,69.8,95.5,0.0,100.0,100.0,61.2,0.0,100.0,0.0
980,Pushups,154.94,112.26,107.93,162.35,112.26,174.2,up,Bad,Good,94.4,9,Shoulders flaring or collapsing; Hips sagging or piking; Elbow flare — keep elbows closer to torso.; Insufficient depth — chest not low enough.; Hip sag detected — maintain straight plank line.,69.8,95.5,0.0,100.0,100.0,61.2,0.0,100.0,0.0
981,Pushups,153.85,112.24,107.02,163.93,112.24,173.8,up,Bad,Good,94.6,9,Shoulders flaring or collapsing; Hips sagging or piking; Elbow flare — keep elbows closer to torso.; Insufficient depth — chest not low enough.; Hip sag detected — maintain straight plank line.,69.6,94.9,0.0,100.0,100.0,61.2,0.0,100.0,0.0
982,Pushups,154.06,112.35,107.99,164.66,112.35,172.8,up,Bad,Good,94.9,9,Shoulders flaring or collapsing; Hips sagging or piking; Elbow flare — keep elbows closer to torso.; Insufficient depth — chest not low enough.; Hip sag detected — maintain straight plank line.,69.4,94.3,0.0,100.0,100.0,61.3,0.0,100.0,0.0
983,Pushups,154.07,112.1,107.87,163.44,112.1,171.7,up,Bad,Good,95.0,9,Shoulders flaring or collapsing; Hips sagging or piking; Elbow flare — keep elbows closer to torso.; Insufficient depth — chest not low enough.; Hip sag detected — maintain straight plank line.,65.9,82.6,0.0,100.0,100.0,61.3,0.0,100.0,0.0
984,Pushups,153.23,112.35,107.97,162.53,112.35,170.9,up,Bad,Good,95.1,9,Shoulders flaring or collapsing; Hips sagging or piking; Elbow flare — keep elbows closer to torso.; Insufficient depth — chest not low enough.; Hip sag detected — maintain straight plank line.,62.1,69.9,0.0,100.0,100.0,61.3,0.0,100.0,0.0
985,Pushups,151.42,113.02,107.08,162.5,113.02,169.7,up,Bad,Good,95.1,9,Shoulders flaring or collapsing; Hips sagging or piking; Elbow flare — keep elbows closer to torso.; Insufficient depth — chest not low enough.; Hip sag detected — maintain straight plank line.,60.8,65.7,0.0,100.0,100.0,61.3,0.0,100.0,0.0
986,Pushups,147.19,114.3,104.21,160.85,114.3,168.0,up,Bad,Good,95.1,9,Shoulders flaring or collapsing; Hips sagging or piking; Elbow flare — keep elbows closer to torso.; Insufficient depth — chest not low enough.; Hip sag detected — maintain straight plank line.,60.8,65.7,0.0,100.0,100.0,61.3,0.0,100.0,0.0
987,Pushups,147.63,115.13,106.85,163.23,115.13,165.7,up,Bad,Good,95.1,9,Shoulders flaring or collapsing; Hips sagging or piking; Elbow flare — keep elbows closer to torso.; Insufficient depth — chest not low enough.; Hip sag detected — maintain straight plank line.,60.8,65.7,0.0,100.0,100.0,61.3,0.0,100.0,0.0
988,Pushups,127.12,115.71,108.04,164.39,115.71,161.7,up,Bad,Good,95.1,9,Shoulders flaring or collapsing; Hips sagging or piking; Elbow flare — keep elbows closer to torso.; Insufficient depth — chest not low enough.; Hip sag detected — maintain straight plank line.,60.8,65.7,0.0,100.0,100.0,61.1,0.0,100.0,0.0
989,Pushups,109.06,115.17,111.51,163.79,115.17,154.3,up,Bad,Good,95.3,9,Shoulders flaring or collapsing; Hips sagging or piking; Elbow flare — keep elbows closer to torso.; Hip sag detected — maintain straight plank line.,61.0,65.7,0.0,100.0,100.0,63.4,0.0,100.0,0.0
990,Pushups,96.3,114.89,111.32,161.6,114.89,145.8,up,Bad,Good,95.1,9,Shoulders flaring or collapsing; Hips sagging or piking; Elbow flare — keep elbows closer to torso.; Hip sag detected — maintain straight plank line.,61.0,65.7,0.0,100.0,100.0,63.0,0.0,100.0,0.0
991,Pushups,92.22,113.62,112.86,158.9,113.62,137.3,up,Bad,Good,95.1,9,Shoulders flaring or collapsing; Hips sagging or piking; Elbow flare — keep elbows closer to torso.; Hip sag detected — maintain straight plank line.,61.0,65.7,0.0,100.0,100.0,62.8,0.0,100.0,0.0
992,Pushups,100.64,112.56,116.38,158.93,112.56,129.5,up,Bad,Good,95.3,9,Shoulders flaring or collapsing; Hips sagging or piking; Elbow flare — keep elbows closer to torso.; Hip sag detected — maintain straight plank line.,61.0,65.7,0.0,100.0,100.0,62.8,0.0,100.0,0.0
993,Pushups,103.83,111.51,128.66,170.39,111.51,125.6,up,Bad,Good,95.7,9,Shoulders flaring or collapsing; Hips sagging or piking; Elbow flare — keep elbows closer to torso.; Hip sag detected — maintain straight plank line.,61.0,65.7,0.0,100.0,100.0,62.8,0.0,100.0,0.0
994,Pushups,100.09,110.48,135.57,173.29,110.48,123.5,up,Bad,Good,96.3,9,Shoulders flaring or collapsing; Hips sagging or piking; Elbow flare — keep elbows closer to torso.; Hip sag detected — maintain straight plank line.,61.0,65.7,0.0,100.0,100.0,62.8,0.0,100.0,0.0
995,Pushups,103.36,109.54,137.98,172.09,109.54,123.5,up,Bad,Good,96.9,9,Shoulders flaring or collapsing; Hips sagging or piking; Elbow flare — keep elbows closer to torso.; Hip sag detected — maintain straight plank line.,61.0,65.7,0.0,100.0,100.0,62.9,0.0,100.0,0.0
996,Pushups,100.39,107.87,138.58,175.05,107.87,125.1,up,Bad,Good,97.4,9,Shoulders flaring or collapsing; Hips sagging or piking; Elbow flare — keep elbows closer to torso.; Hip sag detected — maintain straight plank line.,61.1,65.7,0.0,100.0,100.0,63.5,0.0,100.0,0.0
997,Pushups,99.4,107.36,137.92,175.06,107.36,125.6,up,Bad,Good,97.8,9,Shoulders flaring or collapsing; Hips sagging or piking; Elbow flare — keep elbows closer to torso.; Hip sag detected — maintain straight plank line.,61.0,65.3,0.0,100.0,100.0,63.6,0.0,100.0,0.0
998,Pushups,103.51,105.95,134.64,171.97,105.95,124.9,up,Bad,Good,98.6,9,Shoulders flaring or collapsing; Hips sagging or piking; Elbow flare — keep elbows closer to torso.; Hip sag detected — maintain straight plank line.,60.9,65.3,0.0,100.0,100.0,63.4,0.0,100.0,0.0
999,Pushups,109.96,104.89,135.63,173.41,104.89,129.7,up,Bad,Good,99.1,9,Shoulders flaring or collapsing; Hips sagging or piking; Elbow flare — keep elbows closer to torso.; Hip sag detected — maintain straight plank line.,60.9,65.1,0.0,100.0,100.0,63.5,0.0,100.0,0.0
1000,Pushups,124.11,103.13,135.92,170.94,103.13,135.7,up,Bad,Good,99.3,9,Shoulders flaring or collapsing; Hips sagging or piking; Elbow flare — keep elbows closer to torso.; Insufficient depth — chest not low enough.; Hip sag detected — maintain straight plank line.,60.6,65.0,0.0,100.0,100.0,60.9,0.0,100.0,0.0
1001,Pushups,137.05,101.51,134.02,164.02,101.51,142.5,up,Bad,Good,98.9,9,Shoulders flaring or collapsing; Hips sagging or piking; Elbow flare — keep elbows closer to torso.; Insufficient depth — chest not low enough.; Hip sag detected — maintain straight plank line.,60.5,64.6,0.0,100.0,100.0,60.8,0.0,100.0,0.0
1002,Pushups,138.79,101.82,131.33,163.39,101.82,151.0,up,Bad,Good,98.1,9,Shoulders flaring or collapsing; Hips sagging or piking; Elbow flare — keep elbows closer to torso.; Insufficient depth — chest not low enough.; Hip sag detected — maintain straight plank line.,60.2,63.8,0.0,100.0,100.0,60.9,0.0,100.0,0.0
1003,Pushups,147.12,100.86,132.46,166.16,100.86,159.0,up,Bad,Good,97.5,9,Shoulders flaring or collapsing; Hips sagging or piking; Elbow flare — keep elbows closer to torso.; Insufficient depth — chest not low enough.; Hip sag detected — maintain straight plank line.,60.2,63.8,0.0,100.0,100.0,61.0,0.0,100.0,0.0
1004,Pushups,152.22,99.86,134.04,168.46,99.86,163.5,up,Bad,Good,97.4,9,Shoulders flaring or collapsing; Hips sagging or piking; Elbow flare — keep elbows closer to torso.; Insufficient depth — chest not low enough.; Hip sag detected — maintain straight plank line.,60.2,63.8,0.0,100.0,100.0,61.0,0.0,100.0,0.0
1005,Pushups,155.4,99.49,133.2,172.57,99.49,166.8,up,Bad,Good,97.3,9,Shoulders flaring or collapsing; Hips sagging or piking; Elbow flare — keep elbows closer to torso.; Insufficient depth — chest not low enough.; Hip sag detected — maintain straight plank line.,60.2,63.8,0.0,100.0,100.0,61.0,0.0,100.0,0.0
1006,Pushups,155.53,99.33,133.48,173.56,99.33,168.9,up,Bad,Good,97.3,9,Shoulders flaring or collapsing; Hips sagging or piking; Elbow flare — keep elbows closer to torso.; Insufficient depth — chest not low enough.; Hip sag detected — maintain straight plank line.,60.2,63.8,0.0,100.0,100.0,61.1,0.0,100.0,0.0
1007,Pushups,155.42,99.08,134.95,174.12,99.08,171.0,up,Bad,Good,97.4,9,Shoulders flaring or collapsing; Hips sagging or piking; Elbow flare — keep elbows closer to torso.; Insufficient depth — chest not low enough.; Hip sag detected — maintain straight plank line.,60.2,63.8,0.0,100.0,100.0,61.0,0.0,100.0,0.0
1008,Pushups,150.94,99.38,133.09,171.01,,172.4,up,Bad,Good,97.4,9,Shoulders flaring or collapsing; Hips sagging or piking; Elbow flare — keep elbows closer to torso.; Insufficient depth — chest not low enough.; Hip sag detected — maintain straight plank line.,60.9,63.8,0.0,100.0,100.0,67.7,0.0,100.0,0.0
1009,Pushups,151.1,100.34,131.44,169.41,,173.2,up,Bad,Good,97.9,9,Shoulders flaring or collapsing; Hips sagging or piking; Elbow flare — keep elbows closer to torso.; Insufficient depth — chest not low enough.; Hip sag detected — maintain straight plank line.,60.9,63.8,0.0,100.0,100.0,67.7,0.0,100.0,0.0
1010,Pushups,135.16,103.33,134.0,173.58,,169.7,up,Bad,Good,98.6,9,Shoulders flaring or collapsing; Hips sagging or piking; Elbow flare — keep elbows closer to torso.; Insufficient depth — chest not low enough.; Hip sag detected — maintain straight plank line.,60.9,63.8,0.0,100.0,100.0,67.7,0.0,100.0,0.0
1011,Pushups,115.84,104.41,133.64,170.4,,162.1,up,Bad,Good,99.2,9,Shoulders flaring or collapsing; Hips sagging or piking; Elbow flare — keep elbows closer to torso.; Hip sag detected — maintain straight plank line.,61.2,63.8,0.0,100.0,100.0,70.3,0.0,100.0,0.0
1012,Pushups,102.85,105.19,133.99,168.89,105.19,152.1,up,Bad,Good,99.1,9,Shoulders flaring or collapsing; Hips sagging or piking; Elbow flare — keep elbows closer to torso.; Hip sag detected — maintain straight plank line.,60.4,63.8,0.0,100.0,100.0,62.9,0.0,100.0,0.0
1013,Pushups,104.63,106.03,134.58,170.69,106.03,141.2,up,Bad,Good,99.1,9,Shoulders flaring or collapsing; Hips sagging or piking; Elbow flare — keep elbows closer to torso.; Hip sag detected — maintain straight plank line.,60.4,63.8,0.0,100.0,100.0,62.9,0.0,100.0,0.0
1014,Pushups,105.88,105.79,138.51,174.09,,131.8,up,Bad,Good,99.0,9,Shoulders flaring or collapsing; Hips sagging or piking; Elbow flare — keep elbows closer to torso.; Hip sag detected — maintain straight plank line.,61.2,63.8,0.0,100.0,100.0,70.3,0.0,100.0,0.0
1015,Pushups,96.25,105.22,139.38,172.54,105.22,125.2,up,Bad,Good,98.9,9,Shoulders flaring or collapsing; Hips sagging or piking; Elbow flare — keep elbows closer to torso.; Hip sag detected — maintain straight plank line.,60.4,63.8,0.0,100.0,100.0,63.0,0.0,100.0,0.0
1016,Pushups,101.28,104.88,142.55,174.88,104.88,123.1,up,Bad,Good,98.9,9,Shoulders flaring or collapsing; Hips sagging or piking; Elbow flare — keep elbows closer to torso.; Hip sag detected — maintain straight plank line.,60.4,63.8,0.0,100.0,100.0,63.0,0.0,100.0,0.0
1017,Pushups,104.75,104.16,142.41,174.57,,124.3,up,Bad,Good,98.8,9,Shoulders flaring or collapsing; Hips sagging or piking; Elbow flare — keep elbows closer to torso.; Hip sag detected — maintain straight plank line.,61.2,63.8,0.0,100.0,100.0,70.3,0.0,100.0,0.0
1018,Pushups,106.16,103.52,141.0,174.77,,128.3,up,Bad,Good,98.7,9,Shoulders flaring or collapsing; Hips sagging or piking; Elbow flare — keep elbows closer to torso.; Hip sag detected — maintain straight plank line.,61.2,63.8,0.0,100.0,100.0,70.3,0.0,100.0,0.0
1019,Pushups,112.92,101.04,137.65,169.65,,133.0,up,Bad,Good,98.6,9,Shoulders flaring or collapsing; Hips sagging or piking; Elbow flare — keep elbows closer to torso.; Hip sag detected — maintain straight plank line.,61.2,63.8,0.0,100.0,100.0,70.3,0.0,100.0,0.0
1020,Pushups,128.42,97.1,139.68,168.34,,140.8,up,Bad,Good,98.8,9,Shoulders flaring or collapsing; Hips sagging or piking; Elbow flare — keep elbows closer to torso.; Insufficient depth — chest not low enough.; Hip sag detected — maintain straight plank line.,60.9,63.8,0.0,100.0,100.0,67.7,0.0,100.0,0.0
1021,Pushups,142.22,92.4,141.75,165.59,,149.2,up,Bad,Good,98.3,9,Hips sagging or piking; Insufficient depth — chest not low enough.; Hip sag detected — maintain straight plank line.,62.3,63.8,0.0,100.0,100.0,81.3,0.0,100.0,0.0
1022,Pushups,147.87,88.36,147.21,167.77,,156.9,up,Bad,Good,98.2,9,Hips sagging or piking; Insufficient depth — chest not low enough.; Hip sag detected — maintain straight plank line.,62.3,63.8,0.0,100.0,100.0,81.3,0.0,100.0,0.0
1023,Pushups,153.5,84.96,151.94,172.56,,163.7,up,Bad,Good,98.2,9,Hips sagging or piking; Insufficient depth — chest not low enough.; Hip sag detected — maintain straight plank line.,62.3,63.8,0.0,100.0,100.0,81.3,0.0,100.0,0.0
1024,Pushups,158.07,84.34,154.5,173.26,,168.6,up,Bad,Good,98.2,9,Hips sagging or piking; Insufficient depth — chest not low enough.; Hip sag detected — maintain straight plank line.,62.7,65.2,0.0,100.0,100.0,81.3,0.0,100.0,0.0
1025,Pushups,158.69,82.19,157.34,173.03,,171.2,up,Bad,Good,98.2,9,Insufficient depth — chest not low enough.; Hip sag detected — maintain straight plank line.,63.9,65.7,0.0,100.0,100.0,92.3,0.0,100.0,0.0
1026,Pushups,159.28,82.61,156.96,171.98,,172.6,up,Bad,Good,98.2,9,Insufficient depth — chest not low enough.; Hip sag detected — maintain straight plank line.,64.1,66.1,0.0,100.0,100.0,92.3,0.0,100.0,0.0
1027,Pushups,157.43,81.68,158.82,171.66,,173.5,up,Bad,Good,98.2,9,Insufficient depth — chest not low enough.; Hip sag detected — maintain straight plank line.,64.1,66.1,0.0,100.0,100.0,92.3,0.0,100.0,0.0
1028,Pushups,157.12,80.17,162.75,173.67,,173.5,up,Bad,Good,98.1,9,Insufficient depth — chest not low enough.; Hip sag detected — maintain straight plank line.,64.1,66.1,0.0,100.0,100.0,92.3,0.0,100.0,0.0
1029,Pushups,154.35,79.51,164.92,174.01,,173.5,up,Bad,Good,98.5,9,Insufficient depth — chest not low enough.; Hip sag detected — maintain straight plank line.,64.1,66.1,0.0,100.0,100.0,92.3,0.0,100.0,0.0
1030,Pushups,152.28,78.28,166.75,172.15,,173.4,up,Bad,Good,98.6,9,Insufficient depth — chest not low enough.; Hip sag detected — maintain straight plank line.,64.1,66.1,0.0,100.0,100.0,92.3,0.0,100.0,0.0
1031,Pushups,150.62,77.25,169.88,170.86,,172.9,up,Bad,Good,98.5,9,Insufficient depth — chest not low enough.; Hip sag detected — maintain straight plank line.,64.1,66.1,0.0,100.0,100.0,92.3,0.0,100.0,0.0
1032,Pushups,146.65,76.06,172.26,170.69,,172.0,up,Bad,Good,98.6,9,Insufficient depth — chest not low enough.; Hip sag detected — maintain straight plank line.,64.1,66.1,0.0,100.0,100.0,92.3,0.0,100.0,0.0
1033,Pushups,135.83,74.92,171.47,168.8,,170.4,up,Bad,Good,98.4,9,Insufficient depth — chest not low enough.; Hip sag detected — maintain straight plank line.,64.1,66.1,0.0,100.0,100.0,92.3,0.0,100.0,0.0
1034,Pushups,125.12,73.17,171.32,165.81,,167.3,up,Bad,Good,98.4,9,Insufficient depth — chest not low enough.; Hip sag detected — maintain straight plank line.,64.1,66.1,0.0,100.0,100.0,92.3,0.0,100.0,0.0
1035,Pushups,119.58,71.18,171.69,163.56,,162.9,up,Bad,Good,98.4,9,Hip sag detected — maintain straight plank line.,64.3,66.1,0.0,100.0,100.0,95.0,0.0,100.0,0.0
1036,Pushups,117.08,70.51,171.66,165.77,,157.6,up,Bad,Good,98.4,9,Hip sag detected — maintain straight plank line.,64.3,66.1,0.0,100.0,100.0,95.0,0.0,100.0,0.0
1037,Pushups,113.39,70.31,172.67,163.73,,151.7,up,Bad,Good,98.4,9,Hip sag detected — maintain straight plank line.,64.3,66.1,0.0,100.0,100.0,95.0,0.0,100.0,0.0
1038,Pushups,111.33,70.2,174.33,162.61,,144.6,up,Bad,Good,98.5,9,Hip sag detected — maintain straight plank line.,64.3,66.1,0.0,100.0,100.0,95.0,0.0,100.0,0.0
1039,Pushups,111.47,70.8,173.17,163.84,,136.1,up,Bad,Good,98.5,9,Hip sag detected — maintain straight plank line.,63.8,64.2,0.0,100.0,100.0,95.0,0.0,100.0,0.0
1040,Pushups,106.56,73.04,175.9,161.82,73.04,126.0,down,Bad,Good,98.5,10,Hip sag detected — maintain straight plank line.,61.8,59.9,0.0,100.0,100.0,88.5,0.0,100.0,0.0
1041,Pushups,99.63,75.3,177.93,162.42,75.3,114.5,down,Bad,Good,98.4,10,Hip sag detected — maintain straight plank line.,61.9,59.9,0.0,100.0,100.0,88.8,0.0,100.0,0.0
1042,Pushups,93.07,76.33,178.55,164.06,76.33,101.7,down,Bad,Good,98.2,10,Hip sag detected — maintain straight plank line.,61.9,59.9,0.0,100.0,100.0,88.8,0.0,100.0,0.0
1043,Pushups,92.26,77.19,178.75,164.84,77.19,88.8,down,Bad,Good,97.9,10,Hip sag detected — maintain straight plank line.,61.8,59.9,0.0,100.0,100.0,88.7,0.0,100.0,0.0
1044,Pushups,91.95,77.3,178.05,164.42,77.3,78.1,down,Bad,Good,97.5,10,Hip sag detected — maintain straight plank line.,61.8,59.9,0.0,100.0,100.0,88.7,0.0,100.0,0.0
1045,Pushups,92.54,77.63,177.44,165.18,77.63,70.0,down,Bad,Good,97.3,10,Hip sag detected — maintain straight plank line.,61.9,59.9,0.0,100.0,100.0,88.8,0.0,100.0,0.0
1046,Pushups,92.44,77.75,177.52,166.1,77.75,63.7,down,Bad,Good,97.0,10,Hip sag detected — maintain straight plank line.,61.9,59.9,0.0,100.0,100.0,88.8,0.0,100.0,0.0
1047,Pushups,92.09,77.71,177.34,166.38,77.71,59.9,down,Bad,Good,96.8,10,Hip sag detected — maintain straight plank line.,61.9,59.9,0.0,100.0,100.0,88.8,0.0,100.0,0.0
1048,Pushups,90.17,77.73,177.39,165.64,77.73,57.9,down,Bad,Good,96.6,10,Hip sag detected — maintain straight plank line.,61.9,59.9,0.0,100.0,100.0,88.8,0.0,100.0,0.0
1049,Pushups,90.28,76.78,176.06,165.13,76.78,57.5,down,Bad,Good,96.4,10,Hip sag detected — maintain straight plank line.,61.8,59.7,0.0,100.0,100.0,88.8,0.0,100.0,0.0
1050,Pushups,94.59,75.16,174.36,163.77,75.16,58.9,down,Bad,Good,96.7,10,Hip sag detected — maintain straight plank line.,61.8,59.7,0.0,100.0,100.0,88.7,0.0,100.0,0.0
1051,Pushups,96.94,72.3,171.72,163.3,72.3,64.4,down,Bad,Good,97.0,10,Hip sag detected — maintain straight plank line.,61.8,59.7,0.0,100.0,100.0,88.6,0.0,100.0,0.0
1052,Pushups,101.67,68.23,167.58,163.25,68.23,74.7,down,Bad,Good,97.5,10,Hip sag detected — maintain straight plank line.,61.8,59.7,0.0,100.0,100.0,88.6,0.0,100.0,0.0
1053,Pushups,107.96,63.9,164.08,162.32,63.9,88.3,down,Bad,Good,97.8,10,Hip sag detected — maintain straight plank line.,61.8,59.7,0.0,100.0,100.0,88.5,0.0,100.0,0.0
1054,Pushups,110.36,60.85,163.12,161.4,60.85,102.7,down,Bad,Good,98.1,10,Hip sag detected — maintain straight plank line.,61.8,59.7,0.0,100.0,100.0,88.5,0.0,100.0,0.0
1055,Pushups,121.96,57.68,160.97,162.17,57.68,117.4,down,Bad,Good,98.4,10,Insufficient depth — chest not low enough.; Hip sag detected — maintain straight plank line.,61.5,59.7,0.0,100.0,100.0,85.9,0.0,100.0,0.0
1056,Pushups,131.13,53.65,161.21,159.83,53.65,130.4,down,Bad,Good,98.7,10,Insufficient depth — chest not low enough.; Hip sag detected — maintain straight plank line.,61.5,59.7,0.0,100.0,100.0,85.9,0.0,100.0,0.0
1057,Pushups,138.84,48.5,157.92,158.03,48.5,139.3,down,Bad,Good,99.2,10,Insufficient depth — chest not low enough.; Hip sag detected — maintain straight plank line.,61.5,59.7,0.0,100.0,100.0,86.0,0.0,100.0,0.0
1058,Pushups,145.62,44.48,153.84,157.55,44.48,146.0,up,Bad,Good,99.5,10,Hips sagging or piking; Insufficient depth — chest not low enough.; Hip sag detected — maintain straight plank line.,60.4,59.7,0.0,100.0,100.0,75.1,0.0,100.0,0.0
1059,Pushups,149.69,41.33,150.5,158.58,41.33,151.7,up,Bad,Good,99.7,10,Hips sagging or piking; Insufficient depth — chest not low enough.; Hip sag detected — maintain straight plank line.,60.4,59.7,0.0,100.0,100.0,75.0,0.0,100.0,0.0
1060,Pushups,152.14,39.69,144.17,166.46,39.69,156.2,up,Bad,Good,99.7,10,Hips sagging or piking; Insufficient depth — chest not low enough.; Hip sag detected — maintain straight plank line.,60.4,59.7,0.0,100.0,100.0,75.1,0.0,100.0,0.0
1061,Pushups,155.69,37.91,140.88,168.49,37.91,159.4,up,Bad,Good,99.8,10,Hips sagging or piking; Insufficient depth — chest not low enough.; Hip sag detected — maintain straight plank line.,60.4,59.7,0.0,100.0,100.0,75.3,0.0,100.0,0.0
1062,Pushups,156.79,36.07,139.48,168.94,36.07,161.8,up,Bad,Good,99.8,10,Hips sagging or piking; Insufficient depth — chest not low enough.; Hip sag detected — maintain straight plank line.,60.4,59.7,0.0,100.0,100.0,75.4,0.0,100.0,0.0
1063,Pushups,155.98,35.96,136.79,172.7,35.96,163.7,up,Bad,Good,99.8,10,Hips sagging or piking; Insufficient depth — chest not low enough.; Hip sag detected — maintain straight plank line.,60.4,59.7,0.0,100.0,100.0,75.3,0.0,100.0,0.0
1064,Pushups,156.05,35.22,136.27,171.65,35.22,164.9,up,Bad,Good,99.8,10,Hips sagging or piking; Insufficient depth — chest not low enough.; Hip sag detected — maintain straight plank line.,60.5,59.7,0.0,100.0,100.0,75.5,0.0,100.0,0.0
1065,Pushups,154.46,36.25,137.0,171.9,36.25,166.2,up,Bad,Good,99.7,10,Hips sagging or piking; Insufficient depth — chest not low enough.; Hip sag detected — maintain straight plank line.,60.4,59.7,0.0,100.0,100.0,75.3,0.0,100.0,0.0
1066,Pushups,154.87,36.13,136.66,172.54,36.13,167.2,up,Bad,Good,99.6,10,Hips sagging or piking; Insufficient depth — chest not low enough.; Hip sag detected — maintain straight plank line.,60.4,59.7,0.0,100.0,100.0,75.3,0.0,100.0,0.0
1067,Pushups,155.94,35.35,136.65,172.72,35.35,168.1,up,Bad,Good,99.6,10,Hips sagging or piking; Insufficient depth — chest not low enough.; Hip sag detected — maintain straight plank line.,60.5,59.7,0.0,100.0,100.0,75.5,0.0,100.0,0.0
1068,Pushups,155.53,35.79,136.76,172.55,35.79,168.5,up,Bad,Good,99.5,10,Hips sagging or piking; Insufficient depth — chest not low enough.; Hip sag detected — maintain straight plank line.,60.5,59.7,0.0,100.0,100.0,75.5,0.0,100.0,0.0
1069,Pushups,155.28,36.23,137.59,172.32,36.23,168.9,up,Bad,Good,99.5,10,Hips sagging or piking; Insufficient depth — chest not low enough.; Hip sag detected — maintain straight plank line.,60.5,59.7,0.0,100.0,100.0,75.5,0.0,100.0,0.0
1070,Pushups,157.75,38.17,139.13,169.94,38.17,169.5,up,Bad,Good,99.4,10,Hips sagging or piking; Insufficient depth — chest not low enough.; Hip sag detected — maintain straight plank line.,60.4,59.7,0.0,100.0,100.0,75.2,0.0,100.0,0.0
1071,Pushups,159.69,38.62,139.96,170.28,38.62,170.4,up,Bad,Good,99.4,10,Hips sagging or piking; Insufficient depth — chest not low enough.; Hip sag detected — maintain straight plank line.,60.4,59.7,0.0,100.0,100.0,75.2,0.0,100.0,0.0
1072,Pushups,162.18,39.11,140.23,173.46,39.11,171.2,up,Bad,Good,99.4,10,Hips sagging or piking; Insufficient depth — chest not low enough.; Hip sag detected — maintain straight plank line.,60.9,61.2,0.0,100.0,100.0,75.2,0.0,100.0,0.0
1073,Pushups,161.47,42.4,140.68,174.85,42.4,172.1,up,Bad,Good,99.4,10,Hips sagging or piking; Insufficient depth — chest not low enough.; Hip sag detected — maintain straight plank line.,60.9,61.2,0.0,100.0,100.0,75.0,0.0,100.0,0.0
1074,Pushups,160.78,45.01,139.75,168.75,45.01,172.9,up,Bad,Good,99.3,10,Hips sagging or piking; Insufficient depth — chest not low enough.; Hip sag detected — maintain straight plank line.,60.9,61.2,0.0,100.0,100.0,75.0,0.0,100.0,0.0
1075,Pushups,156.3,45.2,142.13,175.41,45.2,172.5,up,Bad,Good,99.3,10,Hips sagging or piking; Insufficient depth — chest not low enough.; Hip sag detected — maintain straight plank line.,60.9,61.2,0.0,100.0,100.0,75.0,0.0,100.0,0.0
1076,Pushups,153.24,47.32,150.8,170.14,47.32,170.4,up,Bad,Good,99.3,10,Hips sagging or piking; Insufficient depth — chest not low enough.; Hip sag detected — maintain straight plank line.,60.9,61.2,0.0,100.0,100.0,75.0,0.0,100.0,0.0
1077,Pushups,147.03,48.92,152.41,169.21,48.92,167.3,up,Bad,Good,99.4,10,Hips sagging or piking; Insufficient depth — chest not low enough.; Hip sag detected — maintain straight plank line.,60.9,61.2,0.0,100.0,100.0,75.0,0.0,100.0,0.0
1078,Pushups,141.92,51.27,153.88,165.8,51.27,163.0,up,Bad,Good,99.5,10,Hips sagging or piking; Insufficient depth — chest not low enough.; Hip sag detected — maintain straight plank line.,60.8,61.2,0.0,100.0,100.0,74.8,0.0,100.0,0.0
1079,Pushups,140.46,53.45,153.92,162.52,53.45,157.8,up,Bad,Good,99.6,10,Hips sagging or piking; Insufficient depth — chest not low enough.; Hip sag detected — maintain straight plank line.,60.8,61.2,0.0,100.0,100.0,74.6,0.0,100.0,0.0
1080,Pushups,138.52,54.61,152.29,162.89,54.61,152.1,up,Bad,Good,99.7,10,Hips sagging or piking; Insufficient depth — chest not low enough.; Hip sag detected — maintain straight plank line.,60.8,61.2,0.0,100.0,100.0,74.6,0.0,100.0,0.0
1081,Pushups,131.12,55.37,152.86,164.1,55.37,146.5,up,Bad,Good,99.7,10,Hips sagging or piking; Insufficient depth — chest not low enough.; Hip sag detected — maintain straight plank line.,60.8,61.2,0.0,100.0,100.0,74.7,0.0,100.0,0.0
1082,Pushups,130.75,55.1,152.96,165.67,55.1,141.8,up,Bad,Good,99.7,10,Hips sagging or piking; Insufficient depth — chest not low enough.; Hip sag detected — maintain straight plank line.,60.8,61.2,0.0,100.0,100.0,74.7,0.0,100.0,0.0
1083,Pushups,129.42,55.56,154.63,164.26,55.56,139.0,up,Bad,Good,99.6,10,Hips sagging or piking; Insufficient depth — chest not low enough.; Hip sag detected — maintain straight plank line.,60.4,59.7,0.0,100.0,100.0,74.7,0.0,100.0,0.0
1084,Pushups,132.58,55.14,155.13,163.51,55.14,137.7,up,Bad,Good,99.6,10,Insufficient depth — chest not low enough.; Hip sag detected — maintain straight plank line.,61.4,59.6,0.0,100.0,100.0,85.7,0.0,100.0,0.0
1085,Pushups,133.24,54.65,155.96,163.87,54.65,138.7,up,Bad,Good,99.6,10,Insufficient depth — chest not low enough.; Hip sag detected — maintain straight plank line.,61.4,59.6,0.0,100.0,100.0,85.7,0.0,100.0,0.0
1086,Pushups,142.48,52.99,158.91,164.12,52.99,143.0,up,Bad,Good,99.6,10,Insufficient depth — chest not low enough.; Hip sag detected — maintain straight plank line.,61.5,59.6,0.0,100.0,100.0,85.8,0.0,100.0,0.0
1087,Pushups,155.42,52.52,160.87,162.92,52.52,149.1,up,Bad,Good,99.6,10,Insufficient depth — chest not low enough.; Hip sag detected — maintain straight plank line.,61.4,59.6,0.0,100.0,100.0,85.7,0.0,100.0,0.0
1088,Pushups,158.54,52.02,160.28,164.11,52.02,155.2,up,Bad,Good,99.6,10,Insufficient depth — chest not low enough.; Hip sag detected — maintain straight plank line.,61.4,59.6,0.0,100.0,100.0,85.6,0.0,100.0,0.0
1089,Pushups,159.78,52.62,160.48,165.17,52.62,160.7,up,Bad,Good,99.7,10,Insufficient depth — chest not low enough.; Hip sag detected — maintain straight plank line.,61.4,59.6,0.0,100.0,100.0,85.6,0.0,100.0,0.0
1090,Pushups,161.98,52.6,161.04,166.46,52.6,165.0,up,Bad,Good,99.8,10,Insufficient depth — chest not low enough.; Hip sag detected — maintain straight plank line.,61.4,59.6,0.0,100.0,100.0,85.7,0.0,100.0,0.0
1091,Pushups,160.96,53.86,163.08,166.84,53.86,167.5,up,Bad,Good,99.9,10,Insufficient depth — chest not low enough.; Hip sag detected — maintain straight plank line.,61.5,59.6,0.0,100.0,100.0,85.8,0.0,100.0,0.0
1092,Pushups,165.76,58.61,171.15,165.6,58.61,168.5,up,Bad,Good,99.9,10,Insufficient depth — chest not low enough.; Hip sag detected — maintain straight plank line.,61.7,60.5,0.0,100.0,100.0,85.6,0.0,100.0,0.0
1093,Pushups,164.64,63.91,176.14,168.58,63.91,169.3,up,Bad,Good,100.0,10,Insufficient depth — chest not low enough.; Hip sag detected — maintain straight plank line.,61.7,60.5,0.0,100.0,100.0,85.6,0.0,100.0,0.0
1094,Pushups,161.66,69.46,173.3,170.25,69.46,170.4,up,Bad,Good,100.0,10,Insufficient depth — chest not low enough.; Hip sag detected — maintain straight plank line.,61.8,60.5,0.0,100.0,100.0,86.0,0.0,100.0,0.0
1095,Pushups,159.36,74.11,170.56,175.15,74.11,171.5,up,Bad,Good,99.9,10,Insufficient depth — chest not low enough.; Hip sag detected — maintain straight plank line.,61.8,60.5,0.0,100.0,100.0,86.1,0.0,100.0,0.0
1096,Pushups,159.43,77.16,167.7,174.72,77.16,172.8,up,Bad,Good,99.7,10,Insufficient depth — chest not low enough.; Hip sag detected — maintain straight plank line.,61.8,60.5,0.0,100.0,100.0,86.0,0.0,100.0,0.0
1097,Pushups,156.84,80.39,165.77,177.06,80.39,174.3,up,Bad,Good,99.5,10,Insufficient depth — chest not low enough.; Hip sag detected — maintain straight plank line.,61.8,60.5,0.0,100.0,100.0,86.2,0.0,100.0,0.0
1098,Pushups,153.32,81.12,164.63,175.44,81.12,174.9,up,Bad,Good,99.4,10,Insufficient depth — chest not low enough.; Hip sag detected — maintain straight plank line.,61.8,60.5,0.0,100.0,100.0,86.2,0.0,100.0,0.0
1099,Pushups,151.94,81.18,165.62,173.74,81.18,175.2,up,Bad,Good,99.2,10,Insufficient depth — chest not low enough.; Hip sag detected — maintain straight plank line.,61.8,60.5,0.0,100.0,100.0,86.2,0.0,100.0,0.0
1100,Pushups,150.63,81.71,164.52,172.16,81.71,174.7,up,Bad,Good,99.0,10,Insufficient depth — chest not low enough.; Hip sag detected — maintain straight plank line.,61.7,60.5,0.0,100.0,100.0,85.9,0.0,100.0,0.0
1101,Pushups,148.79,81.5,165.8,173.59,81.5,173.7,up,Bad,Good,98.8,10,Insufficient depth — chest not low enough.; Hip sag detected — maintain straight plank line.,61.7,60.5,0.0,100.0,100.0,85.8,0.0,100.0,0.0
1102,Pushups,138.83,81.1,165.81,166.92,81.1,171.0,up,Bad,Good,98.5,10,Insufficient depth — chest not low enough.; Hip sag detected — maintain straight plank line.,61.7,60.5,0.0,100.0,100.0,85.6,0.0,100.0,0.0
1103,Pushups,125.66,82.4,169.62,164.13,82.4,166.2,up,Bad,Good,98.3,10,Insufficient depth — chest not low enough.; Hip sag detected — maintain straight plank line.,61.7,60.5,0.0,100.0,100.0,85.4,0.0,100.0,0.0
1104,Pushups,112.32,82.76,165.75,160.94,82.76,159.0,up,Bad,Good,98.0,10,Hip sag detected — maintain straight plank line.,61.9,60.5,0.0,100.0,100.0,87.7,0.0,100.0,0.0
1105,Pushups,104.54,81.91,167.45,160.66,81.91,148.8,up,Bad,Good,97.9,10,Hip sag detected — maintain straight plank line.,61.9,60.5,0.0,100.0,100.0,87.7,0.0,100.0,0.0
1106,Pushups,98.31,82.37,169.64,158.98,82.37,132.7,down,Bad,Good,97.8,11,Hip sag detected — maintain straight plank line.,61.9,60.5,0.0,100.0,100.0,87.9,0.0,100.0,0.0
1107,Pushups,94.65,82.65,173.51,164.19,82.65,113.3,down,Bad,Good,97.6,11,Hip sag detected — maintain straight plank line.,62.0,60.5,0.0,100.0,100.0,88.4,0.0,100.0,0.0
1108,Pushups,81.03,82.86,175.01,165.22,82.86,93.4,down,Bad,Good,97.2,11,Hip sag detected — maintain straight plank line.,64.2,67.8,0.0,100.0,100.0,88.7,0.0,100.0,0.0
1109,Pushups,79.37,82.47,177.92,168.46,82.47,73.7,down,Bad,Good,96.3,11,Hip sag detected — maintain straight plank line.,64.6,69.1,0.0,100.0,100.0,88.8,0.0,100.0,0.0
1110,Pushups,81.04,82.81,178.11,168.78,82.81,57.2,down,Bad,Good,95.5,11,Hip sag detected — maintain straight plank line.,64.6,69.1,0.0,100.0,100.0,88.6,0.0,100.0,0.0
1111,Pushups,81.15,82.57,178.67,167.79,82.57,46.5,down,Bad,Good,95.0,11,Hip sag detected — maintain straight plank line.,64.6,69.1,0.0,100.0,100.0,88.6,0.0,100.0,0.0
1112,Pushups,79.59,81.94,178.43,167.66,81.94,40.1,down,Bad,Good,94.4,11,Hip sag detected — maintain straight plank line.,64.6,69.1,0.0,100.0,100.0,88.5,0.0,100.0,0.0
1113,Pushups,72.46,81.64,178.53,166.85,81.64,36.8,down,Bad,Good,93.7,11,Hip sag detected — maintain straight plank line.,66.2,74.6,0.0,100.0,100.0,88.5,0.0,100.0,0.0
1114,Pushups,62.35,81.66,178.4,167.41,81.66,35.5,down,Bad,Good,93.2,11,Hip sag detected — maintain straight plank line.,68.7,82.7,0.0,100.0,100.0,88.5,0.0,100.0,0.0
1115,Pushups,62.73,81.63,178.42,167.37,81.63,34.4,down,Bad,Good,92.7,11,Hip sag detected — maintain straight plank line.,68.7,82.7,0.0,100.0,100.0,88.5,0.0,100.0,0.0
1116,Pushups,71.57,81.57,178.24,167.39,81.57,33.9,down,Bad,Good,92.1,11,Hip sag detected — maintain straight plank line.,68.7,82.7,0.0,100.0,100.0,88.5,0.0,100.0,0.0
1117,Pushups,76.68,81.49,178.23,166.24,81.49,33.1,down,Bad,Good,92.4,11,Hip sag detected — maintain straight plank line.,68.7,82.7,0.0,100.0,100.0,88.6,0.0,100.0,0.0
1118,Pushups,81.16,81.38,178.5,165.79,81.38,32.3,down,Bad,Good,92.9,11,Hip sag detected — maintain straight plank line.,68.7,82.7,0.0,100.0,100.0,88.5,0.0,100.0,0.0
1119,Pushups,96.64,81.62,178.82,163.57,81.62,34.3,down,Bad,Good,93.4,11,Hip sag detected — maintain straight plank line.,68.7,82.7,0.0,100.0,100.0,88.5,0.0,100.0,0.0
1120,Pushups,91.57,83.64,177.14,162.41,83.64,30.0,down,Bad,Good,94.1,11,Hip sag detected — maintain straight plank line.,68.7,82.7,0.0,100.0,100.0,88.8,0.0,100.0,0.0
1121,Pushups,84.15,84.31,176.8,161.62,84.31,24.5,down,Bad,Good,94.5,11,Hip sag detected — maintain straight plank line.,68.7,82.7,0.0,100.0,100.0,88.7,0.0,100.0,0.0
1122,Pushups,100.68,84.3,176.36,161.52,84.3,21.9,down,Bad,Good,95.0,11,Hip sag detected — maintain straight plank line.,68.7,82.7,0.0,100.0,100.0,88.8,0.0,100.0,0.0
1123,Pushups,101.22,84.15,176.48,160.81,84.15,20.7,down,Bad,Good,95.6,11,Hip sag detected — maintain straight plank line.,68.7,82.7,0.0,100.0,100.0,88.8,0.0,100.0,0.0
1124,Pushups,75.52,84.51,177.02,159.93,84.51,12.6,down,Bad,Good,95.9,11,Hip sag detected — maintain straight plank line.,68.7,82.7,0.0,100.0,100.0,88.8,0.0,100.0,0.0
1125,Pushups,71.2,84.43,177.81,160.97,84.43,13.4,down,Bad,Good,95.8,11,Hip sag detected — maintain straight plank line.,68.7,82.7,0.0,100.0,100.0,88.8,0.0,100.0,0.0
1126,Pushups,75.96,84.67,176.92,160.64,84.67,14.1,down,Bad,Good,95.5,11,Hip sag detected — maintain straight plank line.,68.7,82.7,0.0,100.0,100.0,88.8,0.0,100.0,0.0
1127,Pushups,103.98,84.85,176.45,160.75,84.85,11.0,down,Bad,Good,95.5,11,Hip sag detected — maintain straight plank line.,68.7,82.7,0.0,100.0,100.0,88.9,0.0,100.0,0.0
1128,Pushups,111.0,84.97,175.98,160.26,84.97,7.3,down,Bad,Good,95.6,11,Hip sag detected — maintain straight plank line.,68.7,82.7,0.0,100.0,100.0,88.8,0.0,100.0,0.0
1129,Pushups,106.51,84.58,175.56,159.2,84.58,15.9,down,Bad,Good,95.8,11,Hip sag detected — maintain straight plank line.,68.7,82.7,0.0,100.0,100.0,88.8,0.0,100.0,0.0
1130,Pushups,101.33,83.73,176.11,159.85,83.73,24.3,down,Bad,Good,95.8,11,Hip sag detected — maintain straight plank line.,68.7,82.7,0.0,100.0,100.0,88.7,0.0,100.0,0.0
1131,Pushups,88.91,81.7,178.31,160.65,81.7,34.4,down,Bad,Good,95.7,11,Hip sag detected — maintain straight plank line.,68.7,82.7,0.0,100.0,100.0,88.6,0.0,100.0,0.0
1132,Pushups,93.55,79.27,178.25,160.96,79.27,44.9,down,Bad,Good,96.2,11,Hip sag detected — maintain straight plank line.,68.7,82.7,0.0,100.0,100.0,88.7,0.0,100.0,0.0
1133,Pushups,99.27,75.86,174.05,161.01,75.86,58.0,down,Bad,Good,96.7,11,Hip sag detected — maintain straight plank line.,68.7,82.7,0.0,100.0,100.0,88.8,0.0,100.0,0.0
1134,Pushups,108.41,72.49,171.26,161.8,72.49,68.5,down,Bad,Good,97.4,11,Hip sag detected — maintain straight plank line.,68.7,82.7,0.0,100.0,100.0,88.8,0.0,100.0,0.0
1135,Pushups,115.0,69.68,170.02,161.15,69.68,81.0,down,Bad,Good,97.6,11,Hip sag detected — maintain straight plank line.,68.7,82.7,0.0,100.0,100.0,88.7,0.0,100.0,0.0
1136,Pushups,125.35,65.19,167.42,160.0,65.19,96.2,down,Bad,Good,97.8,11,Insufficient depth — chest not low enough.; Hip sag detected — maintain straight plank line.,68.4,82.7,0.0,100.0,100.0,85.6,0.0,100.0,0.0
1137,Pushups,133.22,64.01,167.55,158.38,64.01,114.3,down,Bad,Good,98.0,11,Insufficient depth — chest not low enough.; Hip sag detected — maintain straight plank line.,68.4,82.7,0.0,100.0,100.0,85.7,0.0,100.0,0.0
1138,Pushups,142.53,61.72,166.64,156.95,61.72,131.6,up,Bad,Good,98.2,11,Insufficient depth — chest not low enough.; Hip sag detected — maintain straight plank line.,68.4,82.7,0.0,100.0,100.0,85.5,0.0,100.0,0.0
1139,Pushups,151.54,59.24,164.04,162.01,59.24,144.2,up,Bad,Good,98.5,11,Insufficient depth — chest not low enough.; Hip sag detected — maintain straight plank line.,68.3,82.7,0.0,100.0,100.0,85.1,0.0,100.0,0.0
1140,Pushups,157.04,58.68,165.77,164.45,58.68,153.1,up,Bad,Good,98.9,11,Insufficient depth — chest not low enough.; Hip sag detected — maintain straight plank line.,68.3,82.7,0.0,100.0,100.0,84.9,0.0,100.0,0.0
1141,Pushups,157.0,60.07,170.33,166.59,60.07,158.9,up,Bad,Good,99.1,11,Insufficient depth — chest not low enough.; Hip sag detected — maintain straight plank line.,68.3,82.7,0.0,100.0,100.0,85.1,0.0,100.0,0.0
1142,Pushups,158.03,61.2,173.22,166.88,61.2,163.0,up,Bad,Good,99.2,11,Insufficient depth — chest not low enough.; Hip sag detected — maintain straight plank line.,68.3,82.7,0.0,100.0,100.0,85.2,0.0,100.0,0.0
1143,Pushups,161.1,63.66,177.04,164.11,63.66,164.9,up,Bad,Good,99.2,11,Insufficient depth — chest not low enough.; Hip sag detected — maintain straight plank line.,68.3,82.7,0.0,100.0,100.0,85.2,0.0,100.0,0.0
1144,Pushups,165.54,65.51,176.93,163.92,65.51,166.4,up,Bad,Good,99.1,11,Insufficient depth — chest not low enough.; Hip sag detected — maintain straight plank line.,68.4,82.7,0.0,100.0,100.0,85.6,0.0,100.0,0.0
1145,Pushups,161.42,70.23,171.95,166.3,70.23,168.5,up,Bad,Good,99.1,11,Insufficient depth — chest not low enough.; Hip sag detected — maintain straight plank line.,68.4,82.7,0.0,100.0,100.0,85.9,0.0,100.0,0.0
1146,Pushups,162.71,76.04,165.98,167.65,76.04,171.3,up,Bad,Good,99.1,11,Insufficient depth — chest not low enough.; Hip sag detected — maintain straight plank line.,68.4,82.7,0.0,100.0,100.0,86.0,0.0,100.0,0.0
1147,Pushups,159.5,80.98,159.27,171.76,80.98,173.6,up,Bad,Good,99.0,11,Insufficient depth — chest not low enough.; Hip sag detected — maintain straight plank line.,68.4,82.7,0.0,100.0,100.0,85.8,0.0,100.0,0.0
1148,Pushups,158.43,85.49,153.92,178.09,85.49,175.9,up,Bad,Good,98.9,11,Hips sagging or piking; Insufficient depth — chest not low enough.; Hip sag detected — maintain straight plank line.,67.3,82.7,0.0,100.0,100.0,74.9,0.0,100.0,0.0
1149,Pushups,160.94,89.28,151.17,176.66,89.28,177.1,up,Bad,Good,98.9,11,Hips sagging or piking; Insufficient depth — chest not low enough.; Hip sag detected — maintain straight plank line.,67.3,82.7,0.0,100.0,100.0,75.1,0.0,100.0,0.0
1150,Pushups,162.87,93.16,145.14,173.67,93.16,178.0,up,Bad,Good,98.9,11,Hips sagging or piking; Insufficient depth — chest not low enough.; Hip sag detected — maintain straight plank line.,67.3,82.7,0.0,100.0,100.0,75.1,0.0,100.0,0.0
1151,Pushups,164.1,97.96,135.81,178.88,97.96,178.2,up,Bad,Good,99.1,11,Shoulders flaring or collapsing; Hips sagging or piking; Elbow flare — keep elbows closer to torso.; Insufficient depth — chest not low enough.; Hip sag detected — maintain straight plank line.,66.0,82.7,0.0,100.0,100.0,61.5,0.0,100.0,0.0
1152,Pushups,155.64,102.3,128.1,178.99,102.3,178.1,up,Bad,Good,99.3,11,Shoulders flaring or collapsing; Hips sagging or piking; Elbow flare — keep elbows closer to torso.; Insufficient depth — chest not low enough.; Hip sag detected — maintain straight plank line.,65.9,82.7,0.0,100.0,100.0,61.2,0.0,100.0,0.0
1153,Pushups,155.86,105.08,122.8,178.3,105.08,176.8,up,Bad,Good,99.4,11,Shoulders flaring or collapsing; Hips sagging or piking; Elbow flare — keep elbows closer to torso.; Insufficient depth — chest not low enough.; Hip sag detected — maintain straight plank line.,65.9,82.7,0.0,100.0,100.0,61.3,0.0,100.0,0.0
1154,Pushups,154.37,108.23,116.25,173.88,108.23,175.5,up,Bad,Good,99.3,11,Shoulders flaring or collapsing; Hips sagging or piking; Elbow flare — keep elbows closer to torso.; Insufficient depth — chest not low enough.; Hip sag detected — maintain straight plank line.,65.9,82.7,0.0,100.0,100.0,61.3,0.0,100.0,0.0
1155,Pushups,155.27,110.75,113.75,175.53,110.75,173.5,up,Bad,Good,99.2,11,Shoulders flaring or collapsing; Hips sagging or piking; Elbow flare — keep elbows closer to torso.; Insufficient depth — chest not low enough.; Hip sag detected — maintain straight plank line.,65.9,82.7,0.0,100.0,100.0,61.3,0.0,100.0,0.0
1156,Pushups,154.79,114.29,108.0,172.67,114.29,171.5,up,Bad,Good,99.0,11,Shoulders flaring or collapsing; Hips sagging or piking; Elbow flare — keep elbows closer to torso.; Insufficient depth — chest not low enough.; Hip sag detected — maintain straight plank line.,66.0,82.7,0.0,100.0,100.0,61.4,0.0,100.0,0.0
1157,Pushups,156.11,115.56,100.68,167.27,115.56,169.4,up,Bad,Good,98.8,11,Shoulders flaring or collapsing; Hips sagging or piking; Elbow flare — keep elbows closer to torso.; Insufficient depth — chest not low enough.; Hip sag detected — maintain straight plank line.,65.9,82.7,0.0,100.0,100.0,61.3,0.0,100.0,0.0
1158,Pushups,155.27,116.94,98.51,170.64,116.94,168.0,up,Bad,Good,98.5,11,Shoulders flaring or collapsing; Hips sagging or piking; Elbow flare — keep elbows closer to torso.; Insufficient depth — chest not low enough.; Hip sag detected — maintain straight plank line.,65.9,82.7,0.0,100.0,100.0,61.3,0.0,100.0,0.0
1159,Pushups,151.3,118.14,96.8,170.37,118.14,167.2,up,Bad,Good,98.1,11,Shoulders flaring or collapsing; Hips sagging or piking; Elbow flare — keep elbows closer to torso.; Insufficient depth — chest not low enough.; Hip sag detected — maintain straight plank line.,65.9,82.7,0.0,100.0,100.0,61.2,0.0,100.0,0.0
1160,Pushups,149.44,118.93,97.18,170.89,118.93,166.1,up,Bad,Good,97.7,11,Shoulders flaring or collapsing; Hips sagging or piking; Elbow flare — keep elbows closer to torso.; Insufficient depth — chest not low enough.; Hip sag detected — maintain straight plank line.,65.9,82.7,0.0,100.0,100.0,61.2,0.0,100.0,0.0
1161,Pushups,148.38,118.75,98.6,172.46,118.75,164.8,up,Bad,Good,97.3,11,Shoulders flaring or collapsing; Hips sagging or piking; Elbow flare — keep elbows closer to torso.; Insufficient depth — chest not low enough.; Hip sag detected — maintain straight plank line.,65.9,82.7,0.0,100.0,100.0,61.2,0.0,100.0,0.0
1162,Pushups,147.2,118.67,98.51,170.36,118.67,164.2,up,Bad,Good,97.0,11,Shoulders flaring or collapsing; Hips sagging or piking; Elbow flare — keep elbows closer to torso.; Insufficient depth — chest not low enough.; Hip sag detected — maintain straight plank line.,65.9,82.7,0.0,100.0,100.0,61.2,0.0,100.0,0.0
1163,Pushups,147.73,118.36,99.4,167.61,118.36,163.6,up,Bad,Good,96.9,11,Shoulders flaring or collapsing; Hips sagging or piking; Elbow flare — keep elbows closer to torso.; Insufficient depth — chest not low enough.; Hip sag detected — maintain straight plank line.,65.9,82.7,0.0,100.0,100.0,61.2,0.0,100.0,0.0
1164,Pushups,147.78,117.91,99.22,166.34,117.91,163.0,up,Bad,Good,96.7,11,Shoulders flaring or collapsing; Hips sagging or piking; Elbow flare — keep elbows closer to torso.; Insufficient depth — chest not low enough.; Hip sag detected — maintain straight plank line.,65.9,82.7,0.0,100.0,100.0,61.2,0.0,100.0,0.0
1165,Pushups,148.39,117.92,98.07,164.94,117.92,162.5,up,Bad,Good,96.3,11,Shoulders flaring or collapsing; Hips sagging or piking; Elbow flare — keep elbows closer to torso.; Insufficient depth — chest not low enough.; Hip sag detected — maintain straight plank line.,65.9,82.7,0.0,100.0,100.0,61.2,0.0,100.0,0.0
1166,Pushups,147.84,117.85,96.02,162.69,117.85,162.2,up,Bad,Good,96.1,11,Shoulders flaring or collapsing; Hips sagging or piking; Elbow flare — keep elbows closer to torso.; Insufficient depth — chest not low enough.; Hip sag detected — maintain straight plank line.,65.9,82.7,0.0,100.0,100.0,61.2,0.0,100.0,0.0
1167,Pushups,148.26,117.79,96.17,162.15,117.79,161.6,up,Bad,Good,95.9,11,Shoulders flaring or collapsing; Hips sagging or piking; Elbow flare — keep elbows closer to torso.; Insufficient depth — chest not low enough.; Hip sag detected — maintain straight plank line.,65.9,82.7,0.0,100.0,100.0,61.2,0.0,100.0,0.0
1168,Pushups,148.47,117.56,96.78,162.64,117.56,160.9,up,Bad,Good,95.7,11,Shoulders flaring or collapsing; Hips sagging or piking; Elbow flare — keep elbows closer to torso.; Insufficient depth — chest not low enough.; Hip sag detected — maintain straight plank line.,65.9,82.7,0.0,100.0,100.0,61.2,0.0,100.0,0.0
1169,Pushups,150.04,117.51,97.05,162.28,117.51,160.4,up,Bad,Good,95.6,11,Shoulders flaring or collapsing; Hips sagging or piking; Elbow flare — keep elbows closer to torso.; Insufficient depth — chest not low enough.; Hip sag detected — maintain straight plank line.,65.9,82.7,0.0,100.0,100.0,61.2,0.0,100.0,0.0
1170,Pushups,150.52,117.34,96.91,160.96,117.34,160.1,up,Bad,Good,95.5,11,Shoulders flaring or collapsing; Hips sagging or piking; Elbow flare — keep elbows closer to torso.; Insufficient depth — chest not low enough.; Hip sag detected — maintain straight plank line.,65.9,82.7,0.0,100.0,100.0,61.2,0.0,100.0,0.0
1171,Pushups,151.32,117.15,97.56,159.62,117.15,159.8,up,Bad,Good,95.3,11,Shoulders flaring or collapsing; Hips sagging or piking; Elbow flare — keep elbows closer to torso.; Insufficient depth — chest not low enough.; Hip sag detected — maintain straight plank line.,65.9,82.7,0.0,100.0,100.0,61.2,0.0,100.0,0.0
1172,Pushups,150.59,116.79,101.09,164.12,116.79,159.0,up,Bad,Good,95.3,11,Shoulders flaring or collapsing; Hips sagging or piking; Elbow flare — keep elbows closer to torso.; Insufficient depth — chest not low enough.; Hip sag detected — maintain straight plank line.,65.9,82.7,0.0,100.0,100.0,61.2,0.0,100.0,0.0
1173,Pushups,148.29,116.49,102.92,165.59,116.49,158.0,up,Bad,Good,95.4,11,Shoulders flaring or collapsing; Hips sagging or piking; Elbow flare — keep elbows closer to torso.; Insufficient depth — chest not low enough.; Hip sag detected — maintain straight plank line.,65.9,82.7,0.0,100.0,100.0,61.2,0.0,100.0,0.0
1174,Pushups,144.8,115.51,106.12,170.26,115.51,156.6,up,Bad,Good,95.5,11,Shoulders flaring or collapsing; Hips sagging or piking; Elbow flare — keep elbows closer to torso.; Insufficient depth — chest not low enough.; Hip sag detected — maintain straight plank line.,65.9,82.7,0.0,100.0,100.0,61.3,0.0,100.0,0.0
1175,Pushups,143.44,114.65,107.48,171.57,114.65,154.6,up,Bad,Good,95.6,11,Shoulders flaring or collapsing; Hips sagging or piking; Elbow flare — keep elbows closer to torso.; Insufficient depth — chest not low enough.; Hip sag detected — maintain straight plank line.,65.9,82.7,0.0,100.0,100.0,61.2,0.0,100.0,0.0
1176,Pushups,145.72,114.0,106.58,167.49,114.0,152.9,up,Bad,Good,95.8,11,Shoulders flaring or collapsing; Hips sagging or piking; Elbow flare — keep elbows closer to torso.; Insufficient depth — chest not low enough.; Hip sag detected — maintain straight plank line.,65.9,82.7,0.0,100.0,100.0,61.3,0.0,100.0,0.0
1177,Pushups,146.79,113.38,106.34,164.39,113.38,151.9,up,Bad,Good,95.7,11,Shoulders flaring or collapsing; Hips sagging or piking; Elbow flare — keep elbows closer to torso.; Insufficient depth — chest not low enough.; Hip sag detected — maintain straight plank line.,65.9,82.7,0.0,100.0,100.0,61.2,0.0,100.0,0.0
1178,Pushups,148.76,113.08,105.34,161.19,113.08,152.0,up,Bad,Good,95.5,11,Shoulders flaring or collapsing; Hips sagging or piking; Elbow flare — keep elbows closer to torso.; Insufficient depth — chest not low enough.; Hip sag detected — maintain straight plank line.,65.9,82.7,0.0,100.0,100.0,61.2,0.0,100.0,0.0
1179,Pushups,150.59,110.92,107.57,157.75,110.92,153.1,up,Bad,Good,95.7,11,Shoulders flaring or collapsing; Hips sagging or piking; Elbow flare — keep elbows closer to torso.; Insufficient depth — chest not low enough.; Hip sag detected — maintain straight plank line.,65.9,82.7,0.0,100.0,100.0,61.2,0.0,100.0,0.0
1180,Pushups,149.93,109.89,110.0,156.82,109.89,155.1,up,Bad,Good,95.6,11,Shoulders flaring or collapsing; Hips sagging or piking; Elbow flare — keep elbows closer to torso.; Insufficient depth — chest not low enough.; Hip sag detected — maintain straight plank line.,65.9,82.7,0.0,100.0,100.0,61.2,0.0,100.0,0.0
1181,Pushups,157.83,109.02,112.46,158.29,109.02,159.8,up,Bad,Good,95.7,11,Shoulders flaring or collapsing; Hips sagging or piking; Elbow flare — keep elbows closer to torso.; Insufficient depth — chest not low enough.; Hip sag detected — maintain straight plank line.,65.9,82.7,0.0,100.0,100.0,61.2,0.0,100.0,0.0
1182,Pushups,155.13,106.88,114.7,159.37,106.88,163.4,up,Bad,Good,95.4,11,Shoulders flaring or collapsing; Hips sagging or piking; Elbow flare — keep elbows closer to torso.; Insufficient depth — chest not low enough.; Hip sag detected — maintain straight plank line.,65.9,82.7,0.0,100.0,100.0,61.2,0.0,100.0,0.0
1183,Pushups,149.7,105.8,118.87,162.2,105.8,165.3,up,Bad,Good,95.1,11,Shoulders flaring or collapsing; Hips sagging or piking; Elbow flare — keep elbows closer to torso.; Insufficient depth — chest not low enough.; Hip sag detected — maintain straight plank line.,65.9,82.7,0.0,100.0,100.0,61.2,0.0,100.0,0.0
1184,Pushups,151.6,106.39,116.07,160.33,106.39,166.1,up,Bad,Good,94.8,11,Shoulders flaring or collapsing; Hips sagging or piking; Elbow flare — keep elbows closer to torso.; Insufficient depth — chest not low enough.; Hip sag detected — maintain straight plank line.,65.9,82.7,0.0,100.0,100.0,61.2,0.0,100.0,0.0
1185,Pushups,150.1,106.49,116.09,161.05,106.49,166.0,up,Bad,Good,94.8,11,Shoulders flaring or collapsing; Hips sagging or piking; Elbow flare — keep elbows closer to torso.; Insufficient depth — chest not low enough.; Hip sag detected — maintain straight plank line.,65.9,82.7,0.0,100.0,100.0,61.2,0.0,100.0,0.0
1186,Pushups,147.95,106.58,113.15,157.6,106.58,163.2,up,Bad,Good,94.7,11,Shoulders flaring or collapsing; Hips sagging or piking; Elbow flare — keep elbows closer to torso.; Insufficient depth — chest not low enough.; Hip sag detected — maintain straight plank line.,65.9,82.7,0.0,100.0,100.0,61.1,0.0,100.0,0.0
1187,Pushups,147.55,106.48,113.61,157.85,106.48,161.1,up,Bad,Good,94.5,11,Shoulders flaring or collapsing; Hips sagging or piking; Elbow flare — keep elbows closer to torso.; Insufficient depth — chest not low enough.; Hip sag detected — maintain straight plank line.,65.9,82.7,0.0,100.0,100.0,61.0,0.0,100.0,0.0
1188,Pushups,145.64,107.37,114.52,161.86,107.37,160.2,up,Bad,Good,94.2,11,Shoulders flaring or collapsing; Hips sagging or piking; Elbow flare — keep elbows closer to torso.; Insufficient depth — chest not low enough.; Hip sag detected — maintain straight plank line.,65.9,82.7,0.0,100.0,100.0,60.8,0.0,100.0,0.0
1189,Pushups,144.71,107.39,116.33,163.81,107.39,159.5,up,Bad,Good,94.0,11,Shoulders flaring or collapsing; Hips sagging or piking; Elbow flare — keep elbows closer to torso.; Insufficient depth — chest not low enough.; Hip sag detected — maintain straight plank line.,65.9,82.7,0.0,100.0,100.0,60.8,0.0,100.0,0.0
1190,Pushups,144.1,107.51,117.34,165.1,107.51,159.3,up,Bad,Good,93.8,11,Shoulders flaring or collapsing; Hips sagging or piking; Elbow flare — keep elbows closer to torso.; Insufficient depth — chest not low enough.; Hip sag detected — maintain straight plank line.,65.9,82.7,0.0,100.0,100.0,60.8,0.0,100.0,0.0
1191,Pushups,144.41,107.82,117.46,165.8,107.82,159.0,up,Bad,Good,93.9,11,Shoulders flaring or collapsing; Hips sagging or piking; Elbow flare — keep elbows closer to torso.; Insufficient depth — chest not low enough.; Hip sag detected — maintain straight plank line.,65.9,82.7,0.0,100.0,100.0,60.8,0.0,100.0,0.0
1192,Pushups,144.46,107.92,117.74,166.25,107.92,159.0,up,Bad,Good,93.8,11,Shoulders flaring or collapsing; Hips sagging or piking; Elbow flare — keep elbows closer to torso.; Insufficient depth — chest not low enough.; Hip sag detected — maintain straight plank line.,65.9,82.7,0.0,100.0,100.0,60.8,0.0,100.0,0.0
1193,Pushups,144.73,108.02,118.67,167.76,108.02,159.1,up,Bad,Good,94.2,11,Shoulders flaring or collapsing; Hips sagging or piking; Elbow flare — keep elbows closer to torso.; Insufficient depth — chest not low enough.; Hip sag detected — maintain straight plank line.,65.9,82.7,0.0,100.0,100.0,60.8,0.0,100.0,0.0
1194,Pushups,144.14,108.23,118.6,167.73,108.23,159.5,up,Bad,Good,94.6,11,Shoulders flaring or collapsing; Hips sagging or piking; Elbow flare — keep elbows closer to torso.; Insufficient depth — chest not low enough.; Hip sag detected — maintain straight plank line.,65.9,82.7,0.0,100.0,100.0,60.7,0.0,100.0,0.0
1195,Pushups,144.61,108.2,118.59,167.65,108.2,160.1,up,Bad,Good,94.9,11,Shoulders flaring or collapsing; Hips sagging or piking; Elbow flare — keep elbows closer to torso.; Insufficient depth — chest not low enough.; Hip sag detected — maintain straight plank line.,65.9,82.7,0.0,100.0,100.0,60.8,0.0,100.0,0.0
1196,Pushups,145.06,107.47,118.94,167.87,107.47,162.0,up,Bad,Good,95.4,11,Shoulders flaring or collapsing; Hips sagging or piking; Elbow flare — keep elbows closer to torso.; Insufficient depth — chest not low enough.; Hip sag detected — maintain straight plank line.,65.9,82.7,0.0,100.0,100.0,60.9,0.0,100.0,0.0
1197,Pushups,147.27,103.98,123.87,169.64,103.98,165.1,up,Bad,Good,96.1,11,Shoulders flaring or collapsing; Hips sagging or piking; Elbow flare — keep elbows closer to torso.; Insufficient depth — chest not low enough.; Hip sag detected — maintain straight plank line.,65.9,82.7,0.0,100.0,100.0,60.9,0.0,100.0,0.0
1198,Pushups,149.9,100.03,129.07,170.53,100.03,167.5,up,Bad,Good,96.9,11,Shoulders flaring or collapsing; Hips sagging or piking; Elbow flare — keep elbows closer to torso.; Insufficient depth — chest not low enough.; Hip sag detected — maintain straight plank line.,65.9,82.7,0.0,100.0,100.0,61.0,0.0,100.0,0.0
1199,Pushups,152.27,95.59,136.64,172.49,95.59,169.9,up,Bad,Good,97.6,11,Shoulders flaring or collapsing; Hips sagging or piking; Elbow flare — keep elbows closer to torso.; Insufficient depth — chest not low enough.; Hip sag detected — maintain straight plank line.,65.9,82.7,0.0,100.0,100.0,61.1,0.0,100.0,0.0
1200,Pushups,150.69,92.3,143.01,170.31,,171.1,up,Bad,Good,98.1,11,Hips sagging or piking; Insufficient depth — chest not low enough.; Hip sag detected — maintain straight plank line.,67.9,82.7,0.0,100.0,100.0,81.3,0.0,100.0,0.0
1201,Pushups,147.84,89.09,148.41,172.42,,171.2,up,Bad,Good,98.2,11,Hips sagging or piking; Insufficient depth — chest not low enough.; Hip sag detected — maintain straight plank line.,67.9,82.7,0.0,100.0,100.0,81.3,0.0,100.0,0.0
1202,Pushups,146.49,85.5,152.65,169.77,,169.9,up,Bad,Good,98.3,11,Hips sagging or piking; Insufficient depth — chest not low enough.; Hip sag detected — maintain straight plank line.,67.9,82.7,0.0,100.0,100.0,81.3,0.0,100.0,0.0
1203,Pushups,145.27,82.44,157.34,165.08,,169.4,up,Bad,Good,98.0,11,Insufficient depth — chest not low enough.; Hip sag detected — maintain straight plank line.,69.0,82.7,0.0,100.0,100.0,92.3,0.0,100.0,0.0
1204,Pushups,147.97,80.21,163.05,168.44,,169.3,up,Bad,Good,98.0,11,Insufficient depth — chest not low enough.; Hip sag detected — maintain straight plank line.,69.0,82.7,0.0,100.0,100.0,92.3,0.0,100.0,0.0
1205,Pushups,151.94,79.59,163.0,169.57,,170.1,up,Bad,Good,98.0,11,Insufficient depth — chest not low enough.; Hip sag detected — maintain straight plank line.,69.0,82.7,0.0,100.0,100.0,92.3,0.0,100.0,0.0
1206,Pushups,153.91,78.81,165.55,169.74,,171.1,up,Bad,Good,98.0,11,Insufficient depth — chest not low enough.; Hip sag detected — maintain straight plank line.,69.0,82.7,0.0,100.0,100.0,92.3,0.0,100.0,0.0
1207,Pushups,155.1,78.18,165.05,168.14,,172.2,up,Bad,Good,97.8,11,Insufficient depth — chest not low enough.; Hip sag detected — maintain straight plank line.,69.0,82.7,0.0,100.0,100.0,92.3,0.0,100.0,0.0
1208,Pushups,155.23,77.84,166.15,168.26,,173.4,up,Bad,Good,97.9,11,Insufficient depth — chest not low enough.; Hip sag detected — maintain straight plank line.,69.0,82.7,0.0,100.0,100.0,92.3,0.0,100.0,0.0
1209,Pushups,154.89,77.87,166.2,167.24,,174.3,up,Bad,Good,97.9,11,Insufficient depth — chest not low enough.; Hip sag detected — maintain straight plank line.,69.0,82.7,0.0,100.0,100.0,92.3,0.0,100.0,0.0
1210,Pushups,154.85,78.04,166.09,167.03,,175.0,up,Bad,Good,97.9,11,Insufficient depth — chest not low enough.; Hip sag detected — maintain straight plank line.,69.0,82.7,0.0,100.0,100.0,92.3,0.0,100.0,0.0
1211,Pushups,155.13,78.03,166.22,167.37,,175.5,up,Bad,Good,98.4,11,Insufficient depth — chest not low enough.; Hip sag detected — maintain straight plank line.,69.0,82.7,0.0,100.0,100.0,92.3,0.0,100.0,0.0
1212,Pushups,154.86,78.52,165.84,167.17,,175.7,up,Bad,Good,98.4,11,Insufficient depth — chest not low enough.; Hip sag detected — maintain straight plank line.,69.0,82.6,0.0,100.0,100.0,92.3,0.0,100.0,0.0
1213,Pushups,153.62,78.84,165.09,166.87,,175.9,up,Bad,Good,98.4,11,Insufficient depth — chest not low enough.; Hip sag detected — maintain straight plank line.,69.0,82.6,0.0,100.0,100.0,92.3,0.0,100.0,0.0
1214,Pushups,154.09,79.18,164.42,166.99,,176.0,up,Bad,Good,98.4,11,Insufficient depth — chest not low enough.; Hip sag detected — maintain straight plank line.,69.0,82.6,0.0,100.0,100.0,92.3,0.0,100.0,0.0
1215,Pushups,154.14,79.42,161.9,164.24,,176.3,up,Bad,Good,98.0,11,Insufficient depth — chest not low enough.; Hip sag detected — maintain straight plank line.,69.0,82.6,0.0,100.0,100.0,92.3,0.0,100.0,0.0
1216,Pushups,156.09,79.77,161.24,164.04,,176.5,up,Bad,Good,97.6,11,Insufficient depth — chest not low enough.; Hip sag detected — maintain straight plank line.,69.0,82.6,0.0,100.0,100.0,92.3,0.0,100.0,0.0
1217,Pushups,156.27,80.46,160.99,164.92,80.46,176.9,up,Bad,Good,97.2,11,Insufficient depth — chest not low enough.; Hip sag detected — maintain straight plank line.,68.4,82.6,0.0,100.0,100.0,85.8,0.0,100.0,0.0
1218,Pushups,156.41,81.63,160.57,169.96,81.63,177.2,up,Bad,Good,97.2,11,Insufficient depth — chest not low enough.; Hip sag detected — maintain straight plank line.,68.3,82.6,0.0,100.0,100.0,85.7,0.0,100.0,0.0
1219,Pushups,156.98,81.98,159.4,170.45,81.98,177.2,up,Bad,Good,97.2,11,Insufficient depth — chest not low enough.; Hip sag detected — maintain straight plank line.,68.3,82.6,0.0,100.0,100.0,85.6,0.0,100.0,0.0
1220,Pushups,159.09,82.91,158.36,171.37,82.91,176.1,up,Bad,Good,97.2,11,Insufficient depth — chest not low enough.; Hip sag detected — maintain straight plank line.,68.3,82.6,0.0,100.0,100.0,85.4,0.0,100.0,0.0
1221,Pushups,163.21,84.14,154.51,172.25,84.14,173.7,up,Bad,Good,97.3,11,Hips sagging or piking; Insufficient depth — chest not low enough.; Hip sag detected — maintain straight plank line.,67.2,82.6,0.0,100.0,100.0,74.6,0.0,100.0,0.0
1222,Pushups,162.6,84.81,154.56,172.54,84.81,171.8,up,Bad,Good,97.4,11,Hips sagging or piking; Insufficient depth — chest not low enough.; Hip sag detected — maintain straight plank line.,67.2,82.6,0.0,100.0,100.0,74.6,0.0,100.0,0.0
1223,Pushups,161.66,85.85,154.01,173.61,85.85,170.3,up,Bad,Good,97.8,11,Hips sagging or piking; Insufficient depth — chest not low enough.; Hip sag detected — maintain straight plank line.,67.2,82.6,0.0,100.0,100.0,74.5,0.0,100.0,0.0
1224,Pushups,160.21,86.88,152.52,175.44,86.88,168.8,up,Bad,Good,98.3,11,Hips sagging or piking; Insufficient depth — chest not low enough.; Hip sag detected — maintain straight plank line.,67.2,82.6,0.0,100.0,100.0,74.5,0.0,100.0,0.0
1225,Pushups,160.44,87.56,150.59,175.16,87.56,168.5,up,Bad,Good,98.9,11,Hips sagging or piking; Insufficient depth — chest not low enough.; Hip sag detected — maintain straight plank line.,67.2,82.6,0.0,100.0,100.0,74.6,0.0,100.0,0.0
1226,Pushups,158.27,88.22,148.72,174.29,88.22,169.4,up,Bad,Good,99.0,11,Hips sagging or piking; Insufficient depth — chest not low enough.; Hip sag detected — maintain straight plank line.,67.2,82.6,0.0,100.0,100.0,74.6,0.0,100.0,0.0
1227,Pushups,157.31,88.36,147.82,172.24,88.36,169.6,up,Bad,Good,99.1,11,Hips sagging or piking; Insufficient depth — chest not low enough.; Hip sag detected — maintain straight plank line.,67.2,82.6,0.0,100.0,100.0,74.6,0.0,100.0,0.0
1228,Pushups,156.96,88.5,146.19,169.64,88.5,169.4,up,Bad,Good,99.1,11,Hips sagging or piking; Insufficient depth — chest not low enough.; Hip sag detected — maintain straight plank line.,67.3,82.6,0.0,100.0,100.0,74.8,0.0,100.0,0.0
1229,Pushups,157.58,88.33,146.72,171.72,88.33,169.3,up,Bad,Good,99.1,11,Hips sagging or piking; Insufficient depth — chest not low enough.; Hip sag detected — maintain straight plank line.,67.3,82.6,0.0,100.0,100.0,74.8,0.0,100.0,0.0
1230,Pushups,158.0,88.37,146.42,171.04,88.37,169.0,up,Bad,Good,99.0,11,Hips sagging or piking; Insufficient depth — chest not low enough.; Hip sag detected — maintain straight plank line.,67.2,82.6,0.0,100.0,100.0,74.7,0.0,100.0,0.0
1231,Pushups,157.8,88.83,146.22,170.67,88.83,168.7,up,Bad,Good,98.9,11,Hips sagging or piking; Insufficient depth — chest not low enough.; Hip sag detected — maintain straight plank line.,67.2,82.6,0.0,100.0,100.0,74.5,0.0,100.0,0.0
1232,Pushups,157.55,89.17,146.48,171.13,89.17,168.5,up,Bad,Good,98.9,11,Hips sagging or piking; Insufficient depth — chest not low enough.; Hip sag detected — maintain straight plank line.,67.2,82.6,0.0,100.0,100.0,74.4,0.0,100.0,0.0
1233,Pushups,157.6,89.07,146.79,171.13,89.07,168.4,up,Bad,Good,98.8,11,Hips sagging or piking; Insufficient depth — chest not low enough.; Hip sag detected — maintain straight plank line.,67.2,82.6,0.0,100.0,100.0,74.4,0.0,100.0,0.0
1234,Pushups,157.51,89.24,146.88,171.07,89.24,168.4,up,Bad,Good,98.6,11,Hips sagging or piking; Insufficient depth — chest not low enough.; Hip sag detected — maintain straight plank line.,67.1,82.2,0.0,100.0,100.0,74.4,0.0,100.0,0.0
1235,Pushups,157.86,89.85,146.26,171.77,89.85,168.3,up,Bad,Good,98.6,11,Hips sagging or piking; Insufficient depth — chest not low enough.; Hip sag detected — maintain straight plank line.,65.1,75.5,0.0,100.0,100.0,74.5,0.0,100.0,0.0
1236,Pushups,158.63,90.73,144.97,170.45,90.73,168.3,up,Bad,Good,98.6,11,Hips sagging or piking; Insufficient depth — chest not low enough.; Hip sag detected — maintain straight plank line.,65.1,75.5,0.0,100.0,100.0,74.7,0.0,100.0,0.0
1237,Pushups,158.68,91.91,143.98,169.95,,168.3,up,Bad,Good,98.6,11,Hips sagging or piking; Insufficient depth — chest not low enough.; Hip sag detected — maintain straight plank line.,65.8,75.5,0.0,100.0,100.0,81.3,0.0,100.0,0.0
1238,Pushups,157.3,92.55,140.96,167.03,,168.2,up,Bad,Good,98.5,11,Hips sagging or piking; Insufficient depth — chest not low enough.; Hip sag detected — maintain straight plank line.,65.8,75.5,0.0,100.0,100.0,81.3,0.0,100.0,0.0
1239,Pushups,157.26,93.24,138.34,163.34,93.24,168.1,up,Bad,Good,98.0,11,Hips sagging or piking; Insufficient depth — chest not low enough.; Hip sag detected — maintain straight plank line.,65.1,75.5,0.0,100.0,100.0,74.7,0.0,100.0,0.0
1240,Pushups,156.31,93.53,135.78,161.51,93.53,168.2,up,Bad,Good,97.5,11,Hips sagging or piking; Insufficient depth — chest not low enough.; Hip sag detected — maintain straight plank line.,65.1,75.5,0.0,100.0,100.0,74.5,0.0,100.0,0.0
1241,Pushups,156.18,93.2,136.52,161.01,93.2,168.0,up,Bad,Good,97.0,11,Hips sagging or piking; Insufficient depth — chest not low enough.; Hip sag detected — maintain straight plank line.,65.1,75.5,0.0,100.0,100.0,74.5,0.0,100.0,0.0
1242,Pushups,149.14,92.56,137.67,163.17,92.56,168.8,up,Bad,Good,96.5,11,Hips sagging or piking; Insufficient depth — chest not low enough.; Hip sag detected — maintain straight plank line.,65.1,75.5,0.0,100.0,100.0,74.4,0.0,100.0,0.0
1243,Pushups,147.85,92.68,137.97,163.42,92.68,169.5,up,Bad,Good,95.9,11,Hips sagging or piking; Insufficient depth — chest not low enough.; Hip sag detected — maintain straight plank line.,65.1,75.5,0.0,100.0,100.0,74.4,0.0,100.0,0.0
1244,Pushups,148.02,93.04,139.18,164.7,,170.0,up,Bad,Good,95.4,11,Hips sagging or piking; Insufficient depth — chest not low enough.; Hip sag detected — maintain straight plank line.,65.8,75.5,0.0,100.0,100.0,81.3,0.0,100.0,0.0
1245,Pushups,148.63,92.72,140.52,165.32,,171.2,up,Bad,Good,95.0,11,Hips sagging or piking; Insufficient depth — chest not low enough.; Hip sag detected — maintain straight plank line.,64.6,71.7,0.0,100.0,100.0,81.3,0.0,100.0,0.0
1246,Pushups,150.64,91.88,144.09,169.15,,172.3,up,Bad,Good,95.0,11,Hips sagging or piking; Insufficient depth — chest not low enough.; Hip sag detected — maintain straight plank line.,62.9,65.8,0.0,100.0,100.0,81.3,0.0,100.0,0.0
1247,Pushups,151.46,90.16,146.21,169.83,,172.4,up,Bad,Good,95.5,11,Hips sagging or piking; Insufficient depth — chest not low enough.; Hip sag detected — maintain straight plank line.,62.9,65.8,0.0,100.0,100.0,81.3,0.0,100.0,0.0
1248,Pushups,150.59,87.7,149.03,168.67,,172.3,up,Bad,Good,95.9,11,Hips sagging or piking; Insufficient depth — chest not low enough.; Hip sag detected — maintain straight plank line.,62.9,65.8,0.0,100.0,100.0,81.3,0.0,100.0,0.0
1249,Pushups,152.14,86.91,148.99,164.77,,172.4,up,Bad,Good,96.0,11,Hips sagging or piking; Insufficient depth — chest not low enough.; Hip sag detected — maintain straight plank line.,62.9,65.8,0.0,100.0,100.0,81.3,0.0,100.0,0.0
1250,Pushups,151.59,84.73,149.88,158.93,,171.7,up,Bad,Good,96.0,11,Hips sagging or piking; Insufficient depth — chest not low enough.; Hip sag detected — maintain straight plank line.,62.9,65.8,0.0,100.0,100.0,81.3,0.0,100.0,0.0
1251,Pushups,152.35,83.04,154.58,161.07,,171.4,up,Bad,Good,96.0,11,Hips sagging or piking; Insufficient depth — chest not low enough.; Hip sag detected — maintain straight plank line.,62.9,65.8,0.0,100.0,100.0,81.3,0.0,100.0,0.0
1252,Pushups,153.16,81.32,160.26,167.17,,171.4,up,Bad,Good,96.4,11,Insufficient depth — chest not low enough.; Hip sag detected — maintain straight plank line.,63.7,64.8,0.0,100.0,100.0,92.3,0.0,100.0,0.0
1253,Pushups,153.97,79.79,163.66,169.82,,171.8,up,Bad,Good,96.8,11,Insufficient depth — chest not low enough.; Hip sag detected — maintain straight plank line.,63.7,64.8,0.0,100.0,100.0,92.3,0.0,100.0,0.0
1254,Pushups,156.57,78.89,164.93,169.32,,172.2,up,Bad,Good,96.9,11,Insufficient depth — chest not low enough.; Hip sag detected — maintain straight plank line.,63.7,64.8,0.0,100.0,100.0,92.3,0.0,100.0,0.0
1255,Pushups,155.98,77.7,167.77,170.25,,172.4,up,Bad,Good,96.9,11,Insufficient depth — chest not low enough.; Hip sag detected — maintain straight plank line.,63.7,64.8,0.0,100.0,100.0,92.3,0.0,100.0,0.0
1256,Pushups,154.89,76.9,169.55,168.57,,172.7,up,Bad,Good,97.0,11,Insufficient depth — chest not low enough.; Hip sag detected — maintain straight plank line.,63.7,64.8,0.0,100.0,100.0,92.3,0.0,100.0,0.0
1257,Pushups,155.11,76.97,170.26,169.75,,173.0,up,Bad,Good,97.5,11,Insufficient depth — chest not low enough.; Hip sag detected — maintain straight plank line.,63.7,64.8,0.0,100.0,100.0,92.3,0.0,100.0,0.0
1258,Pushups,153.38,76.73,169.95,169.67,,173.4,up,Bad,Good,98.0,11,Insufficient depth — chest not low enough.; Hip sag detected — maintain straight plank line.,63.7,64.8,0.0,100.0,100.0,92.3,0.0,100.0,0.0
1259,Pushups,153.58,76.85,169.91,169.24,,173.8,up,Bad,Good,98.4,11,Insufficient depth — chest not low enough.; Hip sag detected — maintain straight plank line.,63.7,64.8,0.0,100.0,100.0,92.3,0.0,100.0,0.0
1260,Pushups,153.46,77.0,168.98,169.25,,174.2,up,Bad,Good,98.5,11,Insufficient depth — chest not low enough.; Hip sag detected — maintain straight plank line.,63.7,64.8,0.0,100.0,100.0,92.3,0.0,100.0,0.0
1261,Pushups,153.19,77.15,168.67,169.38,,174.5,up,Bad,Good,98.5,11,Insufficient depth — chest not low enough.; Hip sag detected — maintain straight plank line.,63.7,64.8,0.0,100.0,100.0,92.3,0.0,100.0,0.0
1262,Pushups,153.2,77.1,168.09,169.19,,174.5,up,Bad,Good,98.5,11,Insufficient depth — chest not low enough.; Hip sag detected — maintain straight plank line.,63.7,64.8,0.0,100.0,100.0,92.3,0.0,100.0,0.0
1263,Pushups,149.94,77.66,168.19,168.59,,174.0,up,Bad,Good,98.5,11,Insufficient depth — chest not low enough.; Hip sag detected — maintain straight plank line.,63.6,64.7,0.0,100.0,100.0,92.3,0.0,100.0,0.0
1264,Pushups,139.45,77.64,168.36,166.57,,172.5,up,Bad,Good,98.5,11,Insufficient depth — chest not low enough.; Hip sag detected — maintain straight plank line.,62.4,60.7,0.0,100.0,100.0,92.3,0.0,100.0,0.0
1265,Pushups,128.49,77.3,169.56,165.22,,168.9,up,Bad,Good,98.3,11,Insufficient depth — chest not low enough.; Hip sag detected — maintain straight plank line.,62.0,59.4,0.0,100.0,100.0,92.3,0.0,100.0,0.0
1266,Pushups,118.8,77.63,170.23,163.77,,163.4,up,Bad,Good,98.1,11,Hip sag detected — maintain straight plank line.,62.3,59.4,0.0,100.0,100.0,95.0,0.0,100.0,0.0
1267,Pushups,105.25,76.47,174.35,166.21,,155.3,up,Bad,Good,98.1,11,Hip sag detected — maintain straight plank line.,63.3,62.7,0.0,100.0,100.0,95.0,0.0,100.0,0.0
1268,Pushups,98.45,76.46,174.74,168.31,,144.4,up,Bad,Good,98.1,11,Hip sag detected — maintain straight plank line.,63.4,63.0,0.0,100.0,100.0,95.0,0.0,100.0,0.0
1269,Pushups,98.81,76.19,175.71,167.01,,129.4,down,Bad,Good,98.2,12,Hip sag detected — maintain straight plank line.,63.6,63.8,0.0,100.0,100.0,95.0,0.0,100.0,0.0
1270,Pushups,99.69,77.61,177.29,165.61,,112.3,down,Bad,Good,98.1,12,Hip sag detected — maintain straight plank line.,64.0,65.0,0.0,100.0,100.0,95.0,0.0,100.0,0.0
1271,Pushups,92.8,79.04,177.83,165.3,,94.0,down,Bad,Good,97.7,12,Hip sag detected — maintain straight plank line.,64.1,65.4,0.0,100.0,100.0,95.0,0.0,100.0,0.0
1272,Pushups,86.03,79.91,177.93,164.94,,76.4,down,Bad,Good,97.4,12,Hip sag detected — maintain straight plank line.,64.2,65.5,0.0,100.0,100.0,95.0,0.0,100.0,0.0
1273,Pushups,84.31,81.84,178.56,168.25,,60.9,down,Bad,Good,97.0,12,Hip sag detected — maintain straight plank line.,64.3,66.0,0.0,100.0,100.0,95.0,0.0,100.0,0.0
1274,Pushups,80.83,80.76,178.26,166.92,,51.1,down,Bad,Good,96.4,12,Hip sag detected — maintain straight plank line.,64.3,66.0,0.0,100.0,100.0,95.0,0.0,100.0,0.0
1275,Pushups,89.62,79.74,177.07,167.12,,48.0,down,Bad,Good,96.2,12,Hip sag detected — maintain straight plank line.,64.3,66.0,0.0,100.0,100.0,95.0,0.0,100.0,0.0
1276,Pushups,94.51,78.27,175.7,167.18,78.27,48.2,down,Bad,Good,96.1,12,Hip sag detected — maintain straight plank line.,63.7,66.0,0.0,100.0,100.0,88.8,0.0,100.0,0.0
1277,Pushups,101.79,76.52,176.28,165.31,,59.1,down,Bad,Good,95.9,12,Hip sag detected — maintain straight plank line.,64.3,66.0,0.0,100.0,100.0,95.0,0.0,100.0,0.0
1278,Pushups,106.37,75.54,177.79,164.0,,77.9,down,Bad,Good,95.9,12,Hip sag detected — maintain straight plank line.,64.3,66.0,0.0,100.0,100.0,95.0,0.0,100.0,0.0
1279,Pushups,121.17,74.24,178.71,163.74,,100.3,down,Bad,Good,96.1,12,Insufficient depth — chest not low enough.; Hip sag detected — maintain straight plank line.,64.1,66.2,0.0,100.0,100.0,92.3,0.0,100.0,0.0
1280,Pushups,132.18,72.7,176.91,165.46,72.7,121.5,up,Bad,Good,96.4,12,Insufficient depth — chest not low enough.; Hip sag detected — maintain straight plank line.,63.4,66.2,0.0,100.0,100.0,85.3,0.0,100.0,0.0
1281,Pushups,140.07,72.18,173.33,161.32,72.18,143.3,up,Bad,Good,96.9,12,Insufficient depth — chest not low enough.; Hip sag detected — maintain straight plank line.,63.4,66.2,0.0,100.0,100.0,85.3,0.0,100.0,0.0
1282,Pushups,144.59,71.5,167.98,154.1,71.5,156.9,up,Bad,Good,97.8,12,Knees bent — not in full plank; Insufficient depth — chest not low enough.; Hip sag detected — maintain straight plank line.,62.3,66.2,0.0,100.0,100.0,74.4,0.0,100.0,0.0
1283,Pushups,156.2,71.82,163.35,150.86,71.82,164.2,up,Bad,Good,98.1,12,Knees bent — not in full plank; Insufficient depth — chest not low enough.; Hip sag detected — maintain straight plank line.,62.3,66.2,0.0,100.0,100.0,74.6,0.0,100.0,0.0
1284,Pushups,156.69,71.77,164.28,154.8,71.77,167.7,up,Bad,Good,98.1,12,Knees bent — not in full plank; Insufficient depth — chest not low enough.; Hip sag detected — maintain straight plank line.,62.3,66.2,0.0,100.0,100.0,74.6,0.0,100.0,0.0
1285,Pushups,156.4,71.99,167.6,159.57,71.99,169.8,up,Bad,Good,98.3,12,Insufficient depth — chest not low enough.; Hip sag detected — maintain straight plank line.,63.4,66.2,0.0,100.0,100.0,85.7,0.0,100.0,0.0
1286,Pushups,153.16,72.22,167.41,160.8,72.22,171.1,up,Bad,Good,98.5,12,Insufficient depth — chest not low enough.; Hip sag detected — maintain straight plank line.,63.4,66.0,0.0,100.0,100.0,85.7,0.0,100.0,0.0
1287,Pushups,153.52,72.81,165.41,158.31,72.81,172.0,up,Bad,Good,98.7,12,Insufficient depth — chest not low enough.; Hip sag detected — maintain straight plank line.,63.3,65.9,0.0,100.0,100.0,85.6,0.0,100.0,0.0
1288,Pushups,157.65,74.31,163.81,160.48,74.31,172.9,up,Bad,Good,98.8,12,Insufficient depth — chest not low enough.; Hip sag detected — maintain straight plank line.,63.3,65.9,0.0,100.0,100.0,85.4,0.0,100.0,0.0
1289,Pushups,158.09,75.48,161.72,162.19,75.48,173.5,up,Bad,Good,98.7,12,Insufficient depth — chest not low enough.; Hip sag detected — maintain straight plank line.,63.3,65.9,0.0,100.0,100.0,85.4,0.0,100.0,0.0
1290,Pushups,158.99,76.38,161.74,161.38,76.38,174.3,up,Bad,Good,98.6,12,Insufficient depth — chest not low enough.; Hip sag detected — maintain straight plank line.,63.3,65.9,0.0,100.0,100.0,85.4,0.0,100.0,0.0
1291,Pushups,161.24,76.63,160.87,160.68,76.63,175.2,up,Bad,Good,98.4,12,Insufficient depth — chest not low enough.; Hip sag detected — maintain straight plank line.,63.3,65.9,0.0,100.0,100.0,85.3,0.0,100.0,0.0
1292,Pushups,160.51,76.56,160.31,160.62,76.56,175.9,up,Bad,Good,98.3,12,Insufficient depth — chest not low enough.; Hip sag detected — maintain straight plank line.,63.3,65.9,0.0,100.0,100.0,85.3,0.0,100.0,0.0
1293,Pushups,160.2,76.4,159.99,160.57,76.4,176.2,up,Bad,Good,98.2,12,Insufficient depth — chest not low enough.; Hip sag detected — maintain straight plank line.,63.3,65.9,0.0,100.0,100.0,85.4,0.0,100.0,0.0
1294,Pushups,160.41,74.95,162.25,161.67,74.95,176.0,up,Bad,Good,98.1,12,Insufficient depth — chest not low enough.; Hip sag detected — maintain straight plank line.,63.3,65.9,0.0,100.0,100.0,85.4,0.0,100.0,0.0
1295,Pushups,154.52,71.61,167.59,167.23,71.61,175.4,up,Bad,Good,98.1,12,Insufficient depth — chest not low enough.; Hip sag detected — maintain straight plank line.,63.3,65.9,0.0,100.0,100.0,85.0,0.0,100.0,0.0
1296,Pushups,150.01,68.07,167.41,165.91,68.07,174.5,up,Bad,Good,98.3,12,Insufficient depth — chest not low enough.; Hip sag detected — maintain straight plank line.,63.2,65.9,0.0,100.0,100.0,84.6,0.0,100.0,0.0
1297,Pushups,146.34,66.21,166.36,164.89,66.21,173.4,up,Bad,Good,98.4,12,Insufficient depth — chest not low enough.; Hip sag detected — maintain straight plank line.,63.2,65.9,0.0,100.0,100.0,84.6,0.0,100.0,0.0
1298,Pushups,141.71,63.09,164.27,160.77,63.09,172.1,up,Bad,Good,98.5,12,Insufficient depth — chest not low enough.; Hip sag detected — maintain straight plank line.,63.2,65.9,0.0,100.0,100.0,84.6,0.0,100.0,0.0
1299,Pushups,139.36,62.05,158.26,161.29,62.05,171.4,up,Bad,Good,98.7,12,Insufficient depth — chest not low enough.; Hip sag detected — maintain straight plank line.,63.2,65.9,0.0,100.0,100.0,84.7,0.0,100.0,0.0
1300,Pushups,134.87,58.75,159.47,166.07,58.75,170.2,up,Bad,Good,98.8,12,Insufficient depth — chest not low enough.; Hip sag detected — maintain straight plank line.,63.3,65.9,0.0,100.0,100.0,85.0,0.0,100.0,0.0
1301,Pushups,140.06,55.73,152.48,155.1,55.73,168.8,up,Bad,Good,99.1,12,Hips sagging or piking; Insufficient depth — chest not low enough.; Hip sag detected — maintain straight plank line.,62.1,65.9,0.0,100.0,100.0,73.6,0.0,100.0,0.0
1302,Pushups,142.8,54.05,150.54,156.17,54.05,168.1,up,Bad,Good,99.4,12,Hips sagging or piking; Insufficient depth — chest not low enough.; Hip sag detected — maintain straight plank line.,62.1,65.9,0.0,100.0,100.0,73.6,0.0,100.0,0.0
1303,Pushups,142.18,52.46,147.79,154.95,52.46,168.3,up,Bad,Good,99.5,12,Hips sagging or piking; Knees bent — not in full plank; Insufficient depth — chest not low enough.; Hip sag detected — maintain straight plank line.,61.0,65.9,0.0,100.0,100.0,62.6,0.0,100.0,0.0
1304,Pushups,143.61,50.78,146.38,156.95,50.78,168.6,up,Bad,Good,99.5,12,Hips sagging or piking; Insufficient depth — chest not low enough.; Hip sag detected — maintain straight plank line.,62.1,65.9,0.0,100.0,100.0,73.6,0.0,100.0,0.0
1305,Pushups,139.0,49.22,142.02,158.12,49.22,170.1,up,Bad,Good,99.7,12,Hips sagging or piking; Insufficient depth — chest not low enough.; Hip sag detected — maintain straight plank line.,62.1,65.9,0.0,100.0,100.0,73.6,0.0,100.0,0.0
1306,Pushups,138.81,47.9,141.06,158.26,47.9,171.3,up,Bad,Good,99.8,12,Hips sagging or piking; Insufficient depth — chest not low enough.; Hip sag detected — maintain straight plank line.,62.1,65.9,0.0,100.0,100.0,73.6,0.0,100.0,0.0
1307,Pushups,135.24,45.36,135.19,159.2,45.36,171.2,up,Bad,Good,99.8,12,Hips sagging or piking; Insufficient depth — chest not low enough.; Hip sag detected — maintain straight plank line.,62.1,65.9,0.0,100.0,100.0,73.8,0.0,100.0,0.0
1308,Pushups,130.93,43.72,131.38,161.28,43.72,168.0,up,Bad,Good,99.8,12,Hips sagging or piking; Insufficient depth — chest not low enough.; Hip sag detected — maintain straight plank line.,62.1,65.9,0.0,100.0,100.0,73.8,0.0,100.0,0.0
1309,Pushups,133.81,43.25,129.51,159.4,43.25,163.2,up,Bad,Good,99.6,12,Hips sagging or piking; Insufficient depth — chest not low enough.; Hip sag detected — maintain straight plank line.,62.2,65.9,0.0,100.0,100.0,73.9,0.0,100.0,0.0
1310,Pushups,127.85,42.3,128.2,157.37,42.3,157.3,up,Bad,Good,99.6,12,Hips sagging or piking; Insufficient depth — chest not low enough.; Hip sag detected — maintain straight plank line.,62.2,65.9,0.0,100.0,100.0,73.9,0.0,100.0,0.0
1311,Pushups,126.92,40.39,125.7,156.35,40.39,151.5,up,Bad,Good,99.4,12,Hips sagging or piking; Insufficient depth — chest not low enough.; Hip sag detected — maintain straight plank line.,62.2,65.9,0.0,100.0,100.0,74.0,0.0,100.0,0.0
1312,Pushups,133.04,36.14,118.77,159.47,36.14,148.0,up,Bad,Good,99.3,12,Hips sagging or piking; Insufficient depth — chest not low enough.; Hip sag detected — maintain straight plank line.,62.2,65.9,0.0,100.0,100.0,74.2,0.0,100.0,0.0
1313,Pushups,144.98,31.24,111.22,161.52,31.24,148.6,up,Bad,Good,99.1,12,Hips sagging or piking; Insufficient depth — chest not low enough.; Hip sag detected — maintain straight plank line.,62.2,65.9,0.0,100.0,100.0,74.4,0.0,100.0,0.0
1314,Pushups,142.21,30.04,105.4,153.88,30.04,151.2,up,Bad,Good,98.9,12,Hips sagging or piking; Knees bent — not in full plank; Insufficient depth — chest not low enough.; Hip sag detected — maintain straight plank line.,61.1,65.9,0.0,100.0,100.0,63.4,0.0,100.0,0.0
1315,Pushups,142.99,27.48,98.94,150.6,27.48,154.4,up,Bad,Good,98.5,12,Hips sagging or piking; Knees bent — not in full plank; Insufficient depth — chest not low enough.; Hip sag detected — maintain straight plank line.,61.1,65.9,0.0,100.0,100.0,63.7,0.0,100.0,0.0
1316,Pushups,143.84,23.91,94.3,152.12,23.91,158.7,up,Bad,Good,98.0,12,Shoulders flaring or collapsing; Hips sagging or piking; Knees bent — not in full plank; Insufficient depth — chest not low enough.; Hip sag detected — maintain straight plank line.,60.5,67.5,0.0,100.0,100.0,52.8,0.0,100.0,0.0
1317,Pushups,143.06,22.59,89.12,150.33,22.59,160.9,up,Bad,Good,97.6,12,Shoulders flaring or collapsing; Hips sagging or piking; Knees bent — not in full plank; Insufficient depth — chest not low enough.; Hip sag detected — maintain straight plank line.,61.8,71.7,0.0,100.0,100.0,52.9,0.0,100.0,0.0
1318,Pushups,128.94,21.58,87.23,149.76,21.58,159.3,up,Bad,Good,97.1,12,Shoulders flaring or collapsing; Hips sagging or piking; Knees bent — not in full plank; Insufficient depth — chest not low enough.; Hip sag detected — maintain straight plank line.,62.3,73.2,0.0,100.0,100.0,53.0,0.0,100.0,0.0
1319,Pushups,113.56,20.04,87.89,153.93,20.04,153.0,up,Bad,Good,96.9,12,Shoulders flaring or collapsing; Hips sagging or piking; Knees bent — not in full plank; Hip sag detected — maintain straight plank line.,62.5,73.2,0.0,100.0,100.0,55.8,0.0,100.0,0.0
1320,Pushups,105.01,17.82,90.18,157.38,17.82,135.0,down,Bad,Good,96.8,13,Shoulders flaring or collapsing; Hips sagging or piking; Hip sag detected — maintain straight plank line.,63.7,73.2,0.0,100.0,100.0,66.9,0.0,100.0,0.0
1321,Pushups,130.28,16.11,89.17,159.78,16.11,125.7,down,Bad,Good,96.5,13,Shoulders flaring or collapsing; Hips sagging or piking; Insufficient depth — chest not low enough.; Hip sag detected — maintain straight plank line.,63.4,73.2,0.0,100.0,100.0,64.5,0.0,100.0,0.0
1322,Pushups,134.97,16.76,92.13,160.8,16.76,129.2,up,Bad,Good,96.1,13,Shoulders flaring or collapsing; Hips sagging or piking; Insufficient depth — chest not low enough.; Hip sag detected — maintain straight plank line.,63.4,73.2,0.0,100.0,100.0,64.5,0.0,100.0,0.0
1323,Pushups,78.98,15.3,88.67,161.06,15.3,106.5,down,Bad,Good,96.4,14,Shoulders flaring or collapsing; Hips sagging or piking; Hip sag detected — maintain straight plank line.,63.7,73.2,0.0,100.0,100.0,67.4,0.0,100.0,0.0
1324,Pushups,82.98,15.71,88.14,160.33,15.71,89.1,down,Bad,Good,96.6,14,Shoulders flaring or collapsing; Hips sagging or piking; Hip sag detected — maintain straight plank line.,63.7,73.2,0.0,100.0,100.0,67.4,0.0,100.0,0.0
1325,Pushups,84.07,18.24,88.45,158.79,18.24,84.7,down,Bad,Good,96.9,14,Shoulders flaring or collapsing; Hips sagging or piking; Hip sag detected — maintain straight plank line.,63.7,73.2,0.0,100.0,100.0,67.4,0.0,100.0,0.0
1326,Pushups,82.1,19.87,89.58,158.31,19.87,71.3,down,Bad,Good,97.2,14,Shoulders flaring or collapsing; Hips sagging or piking; Hip sag detected — maintain straight plank line.,63.7,73.2,0.0,100.0,100.0,67.3,0.0,100.0,0.0
1327,Pushups,80.93,19.64,89.72,158.13,19.64,45.1,down,Bad,Good,97.3,14,Shoulders flaring or collapsing; Hips sagging or piking; Hip sag detected — maintain straight plank line.,63.7,73.2,0.0,100.0,100.0,67.3,0.0,100.0,0.0
1328,Pushups,80.1,19.89,89.82,158.06,19.89,46.7,down,Bad,Good,97.2,14,Shoulders flaring or collapsing; Hips sagging or piking; Hip sag detected — maintain straight plank line.,63.7,73.2,0.0,100.0,100.0,67.3,0.0,100.0,0.0
1329,Pushups,79.52,19.23,89.27,157.53,19.23,46.7,down,Bad,Good,97.3,14,Shoulders flaring or collapsing; Hips sagging or piking; Hip sag detected — maintain straight plank line.,63.7,73.2,0.0,100.0,100.0,67.4,0.0,100.0,0.0
1330,Pushups,80.06,19.46,89.31,157.7,19.46,45.3,down,Bad,Good,97.6,14,Shoulders flaring or collapsing; Hips sagging or piking; Hip sag detected — maintain straight plank line.,63.7,73.2,0.0,100.0,100.0,67.4,0.0,100.0,0.0
1331,Pushups,79.21,18.98,88.55,156.44,18.98,43.8,down,Bad,Good,97.5,14,Shoulders flaring or collapsing; Hips sagging or piking; Hip sag detected — maintain straight plank line.,63.7,73.2,0.0,100.0,100.0,67.4,0.0,100.0,0.0
1332,Pushups,77.66,18.63,88.29,156.38,18.63,42.8,down,Bad,Good,97.5,14,Shoulders flaring or collapsing; Hips sagging or piking; Hip sag detected — maintain straight plank line.,63.7,73.2,0.0,100.0,100.0,67.4,0.0,100.0,0.0
1333,Pushups,77.94,18.55,88.08,155.9,18.55,42.1,down,Bad,Good,97.4,14,Shoulders flaring or collapsing; Hips sagging or piking; Hip sag detected — maintain straight plank line.,63.7,73.2,0.0,100.0,100.0,67.4,0.0,100.0,0.0
1334,Pushups,77.8,20.1,89.6,154.85,20.1,41.7,down,Bad,Good,97.2,14,Shoulders flaring or collapsing; Hips sagging or piking; Knees bent — not in full plank; Hip sag detected — maintain straight plank line.,62.6,73.2,0.0,100.0,100.0,56.4,0.0,100.0,0.0
1335,Pushups,83.26,22.28,92.95,154.9,22.28,42.9,down,Bad,Good,97.1,14,Shoulders flaring or collapsing; Hips sagging or piking; Knees bent — not in full plank; Hip sag detected — maintain straight plank line.,62.6,73.2,0.0,100.0,100.0,56.2,0.0,100.0,0.0
1336,Pushups,87.6,23.16,97.57,157.42,23.16,48.1,down,Bad,Good,97.1,14,Shoulders flaring or collapsing; Hips sagging or piking; Hip sag detected — maintain straight plank line.,63.7,73.2,0.0,100.0,100.0,67.0,0.0,100.0,0.0
1337,Pushups,93.21,24.49,96.96,151.18,24.49,55.4,down,Bad,Good,97.1,14,Shoulders flaring or collapsing; Hips sagging or piking; Knees bent — not in full plank; Hip sag detected — maintain straight plank line.,62.5,73.2,0.0,100.0,100.0,55.7,0.0,100.0,0.0
1338,Pushups,120.15,29.15,100.72,142.15,29.15,66.4,down,Bad,Good,96.9,14,Hips sagging or piking; Knees bent — not in full plank; Insufficient depth — chest not low enough.; Hip sag detected — maintain straight plank line.,63.3,73.2,0.0,100.0,100.0,63.7,0.0,100.0,0.0
1339,Pushups,144.82,34.97,104.49,134.46,34.97,85.6,down,Bad,Good,97.0,14,Hips sagging or piking; Knees bent — not in full plank; Insufficient depth — chest not low enough.; Hip sag detected — maintain straight plank line.,63.3,73.2,0.0,100.0,100.0,63.2,0.0,100.0,0.0
1340,Pushups,150.97,40.65,111.51,133.94,40.65,105.0,down,Bad,Good,97.1,14,Hips sagging or piking; Knees bent — not in full plank; Insufficient depth — chest not low enough.; Hip sag detected — maintain straight plank line.,63.3,73.2,0.0,100.0,100.0,63.0,0.0,100.0,0.0
1341,Pushups,154.66,47.11,132.52,138.64,47.11,125.3,up,Bad,Good,97.1,14,Hips sagging or piking; Knees bent — not in full plank; Insufficient depth — chest not low enough.; Hip sag detected — maintain straight plank line.,63.2,73.2,0.0,100.0,100.0,62.7,0.0,100.0,0.0
1342,Pushups,109.38,51.61,134.37,156.76,51.61,127.8,down,Bad,Good,97.6,15,Hips sagging or piking; Hip sag detected — maintain straight plank line.,64.6,73.2,0.0,100.0,100.0,76.2,0.0,100.0,0.0
1343,Pushups,108.37,55.06,145.36,160.5,55.06,127.7,down,Bad,Good,97.9,15,Hips sagging or piking; Hip sag detected — maintain straight plank line.,64.6,73.2,0.0,100.0,100.0,76.2,0.0,100.0,0.0
1344,Pushups,107.82,59.17,156.09,161.26,59.17,117.5,down,Bad,Good,98.2,15,Hip sag detected — maintain straight plank line.,65.7,73.2,0.0,100.0,100.0,87.2,0.0,100.0,0.0
1345,Pushups,108.91,62.56,160.56,171.1,62.56,106.6,down,Bad,Good,98.5,15,Hip sag detected — maintain straight plank line.,65.7,73.2,0.0,100.0,100.0,87.2,0.0,100.0,0.0
1346,Pushups,125.45,67.35,161.53,172.43,67.35,94.5,down,Bad,Good,99.0,15,Insufficient depth — chest not low enough.; Hip sag detected — maintain straight plank line.,65.4,73.2,0.0,100.0,100.0,84.6,0.0,100.0,0.0
1347,Pushups,127.85,71.92,150.75,166.53,71.92,100.0,down,Bad,Good,99.1,15,Hips sagging or piking; Insufficient depth — chest not low enough.; Hip sag detected — maintain straight plank line.,64.3,73.2,0.0,100.0,100.0,73.6,0.0,100.0,0.0
1348,Pushups,138.07,74.71,149.34,170.35,74.71,109.6,down,Bad,Good,99.3,15,Hips sagging or piking; Insufficient depth — chest not low enough.; Hip sag detected — maintain straight plank line.,64.3,73.2,0.0,100.0,100.0,73.6,0.0,100.0,0.0
1349,Pushups,130.61,77.39,144.61,170.05,77.39,117.9,down,Bad,Good,99.5,15,Hips sagging or piking; Insufficient depth — chest not low enough.; Hip sag detected — maintain straight plank line.,64.3,73.2,0.0,100.0,100.0,73.6,0.0,100.0,0.0
1350,Pushups,154.35,82.37,100.86,138.85,82.37,131.2,up,Bad,Good,99.1,15,Hips sagging or piking; Knees bent — not in full plank; Insufficient depth — chest not low enough.; Hip sag detected — maintain straight plank line.,63.3,73.2,0.0,100.0,100.0,63.0,0.0,100.0,0.0
1351,Pushups,172.44,86.52,125.73,162.29,86.52,144.6,up,Bad,Good,98.4,15,Hips sagging or piking; Insufficient depth — chest not low enough.; Hip sag detected — maintain straight plank line.,65.1,75.8,0.0,100.0,100.0,73.8,0.0,100.0,0.0
1352,Pushups,163.57,91.93,103.18,146.88,91.93,154.5,up,Bad,Good,98.1,15,Hips sagging or piking; Knees bent — not in full plank; Insufficient depth — chest not low enough.; Hip sag detected — maintain straight plank line.,64.1,75.8,0.0,100.0,100.0,63.2,0.0,100.0,0.0
1353,Pushups,128.56,93.88,114.57,153.78,93.88,148.9,up,Bad,Good,97.6,15,Hips sagging or piking; Knees bent — not in full plank; Insufficient depth — chest not low enough.; Hip sag detected — maintain straight plank line.,64.0,75.8,0.0,100.0,100.0,62.6,0.0,100.0,0.0
1354,Pushups,153.81,95.1,101.36,151.02,95.1,157.1,up,Bad,Good,97.2,15,Shoulders flaring or collapsing; Hips sagging or piking; Knees bent — not in full plank; Elbow flare — keep elbows closer to torso.; Insufficient depth — chest not low enough.; Hip sag detected — maintain straight plank line.,62.7,75.8,0.0,100.0,100.0,49.3,0.0,100.0,0.0
1355,Pushups,150.86,97.39,79.22,159.36,97.39,159.0,up,Bad,Good,96.7,15,Shoulders flaring or collapsing; Hips sagging or piking; Elbow flare — keep elbows closer to torso.; Insufficient depth — chest not low enough.; Hip sag detected — maintain straight plank line.,64.9,79.6,0.0,100.0,100.0,60.4,0.0,100.0,0.0
1356,Pushups,153.24,99.5,74.83,167.63,99.5,158.6,up,Bad,Good,96.4,15,Shoulders flaring or collapsing; Hips sagging or piking; Elbow flare — keep elbows closer to torso.; Insufficient depth — chest not low enough.; Hip sag detected — maintain straight plank line.,66.0,83.1,0.0,100.0,100.0,60.4,0.0,100.0,0.0
1357,Pushups,153.56,100.12,88.96,166.65,100.12,159.1,up,Bad,Good,95.9,15,Shoulders flaring or collapsing; Hips sagging or piking; Elbow flare — keep elbows closer to torso.; Insufficient depth — chest not low enough.; Hip sag detected — maintain straight plank line.,66.0,83.1,0.0,100.0,100.0,60.6,0.0,100.0,0.0
1358,Pushups,157.83,102.38,87.25,168.97,102.38,169.8,up,Bad,Good,95.8,15,Shoulders flaring or collapsing; Hips sagging or piking; Elbow flare — keep elbows closer to torso.; Insufficient depth — chest not low enough.; Hip sag detected — maintain straight plank line.,66.0,83.1,0.0,100.0,100.0,61.0,0.0,100.0,0.0
1359,Pushups,161.73,102.41,82.16,170.14,102.41,171.2,up,Bad,Good,96.2,15,Shoulders flaring or collapsing; Hips sagging or piking; Elbow flare — keep elbows closer to torso.; Insufficient depth — chest not low enough.; Hip sag detected — maintain straight plank line.,66.0,83.1,0.0,100.0,100.0,61.2,0.0,100.0,0.0
1360,Pushups,161.41,101.62,71.69,167.75,101.62,171.3,up,Bad,Good,96.2,15,Shoulders flaring or collapsing; Hips sagging or piking; Elbow flare — keep elbows closer to torso.; Insufficient depth — chest not low enough.; Hip sag detected — maintain straight plank line.,66.8,85.6,0.0,100.0,100.0,61.0,0.0,100.0,0.0
1361,Pushups,154.76,101.02,81.47,171.61,101.02,169.5,up,Bad,Good,96.2,15,Shoulders flaring or collapsing; Hips sagging or piking; Elbow flare — keep elbows closer to torso.; Insufficient depth — chest not low enough.; Hip sag detected — maintain straight plank line.,66.8,85.6,0.0,100.0,100.0,61.0,0.0,100.0,0.0
1362,Pushups,149.01,100.98,85.15,171.35,100.98,167.3,up,Bad,Good,96.2,15,Shoulders flaring or collapsing; Hips sagging or piking; Elbow flare — keep elbows closer to torso.; Insufficient depth — chest not low enough.; Hip sag detected — maintain straight plank line.,66.8,85.6,0.0,100.0,100.0,61.1,0.0,100.0,0.0
1363,Pushups,148.62,99.95,91.97,154.95,99.95,165.7,up,Bad,Good,96.4,15,Shoulders flaring or collapsing; Hips sagging or piking; Knees bent — not in full plank; Elbow flare — keep elbows closer to torso.; Insufficient depth — chest not low enough.; Hip sag detected — maintain straight plank line.,65.7,85.6,0.0,100.0,100.0,49.9,0.0,100.0,0.0
1364,Pushups,167.91,101.47,157.88,148.29,101.47,164.0,up,Bad,Good,96.2,15,Shoulders flaring or collapsing; Knees bent — not in full plank; Elbow flare — keep elbows closer to torso.; Insufficient depth — chest not low enough.; Hip sag detected — maintain straight plank line.,66.7,85.6,0.0,100.0,100.0,59.9,0.0,100.0,0.0
1368,Pushups,161.77,107.28,158.33,150.98,107.28,165.0,up,Bad,Good,96.1,15,Shoulders flaring or collapsing; Knees bent — not in full plank; Elbow flare — keep elbows closer to torso.; Insufficient depth — chest not low enough.; Hip sag detected — maintain straight plank line.,66.8,85.6,0.0,100.0,100.0,61.5,0.0,100.0,0.0
1370,Pushups,148.23,134.16,25.01,155.39,134.16,162.3,up,Bad,Good,90.7,15,Shoulders flaring or collapsing; Hips sagging or piking; Elbow flare — keep elbows closer to torso.; Insufficient depth — chest not low enough.; Hip sag detected — maintain straight plank line.,71.1,100.0,0.0,100.0,100.0,61.0,0.0,100.0,0.0
1371,Pushups,168.03,129.46,34.88,138.46,129.46,161.0,up,Bad,Good,89.6,15,Shoulders flaring or collapsing; Hips sagging or piking; Knees bent — not in full plank; Elbow flare — keep elbows closer to torso.; Insufficient depth — chest not low enough.; Hip sag detected — maintain straight plank line.,70.0,100.0,0.0,100.0,100.0,50.4,0.0,100.0,0.0
1372,Pushups,142.85,130.44,36.92,154.09,130.44,158.3,up,Bad,Good,88.6,15,Shoulders flaring or collapsing; Hips sagging or piking; Knees bent — not in full plank; Elbow flare — keep elbows closer to torso.; Insufficient depth — chest not low enough.; Hip sag detected — maintain straight plank line.,70.0,100.0,0.0,100.0,100.0,50.2,0.0,100.0,0.0
1373,Pushups,159.96,128.9,41.44,151.22,128.9,159.6,up,Bad,Good,87.9,15,Shoulders flaring or collapsing; Hips sagging or piking; Knees bent — not in full plank; Elbow flare — keep elbows closer to torso.; Insufficient depth — chest not low enough.; Hip sag detected — maintain straight plank line.,70.0,100.0,0.0,100.0,100.0,50.1,0.0,100.0,0.0
1374,Pushups,154.05,129.17,36.52,155.8,129.17,158.5,up,Bad,Good,87.1,15,Shoulders flaring or collapsing; Hips sagging or piking; Elbow flare — keep elbows closer to torso.; Insufficient depth — chest not low enough.; Hip sag detected — maintain straight plank line.,71.1,100.0,0.0,100.0,100.0,61.3,0.0,100.0,0.0
1375,Pushups,117.28,130.85,37.12,153.19,130.85,151.4,up,Bad,Good,86.3,15,Shoulders flaring or collapsing; Hips sagging or piking; Knees bent — not in full plank; Elbow flare — keep elbows closer to torso.; Hip sag detected — maintain straight plank line.,70.3,100.0,0.0,100.0,100.0,52.7,0.0,100.0,0.0
1376,Pushups,119.49,129.09,34.64,157.33,129.09,150.4,up,Bad,Good,85.8,15,Shoulders flaring or collapsing; Hips sagging or piking; Elbow flare — keep elbows closer to torso.; Hip sag detected — maintain straight plank line.,71.3,100.0,0.0,100.0,100.0,63.5,0.0,100.0,0.0
1377,Pushups,116.04,128.25,36.92,131.64,128.25,154.6,up,Bad,Good,85.4,15,Shoulders flaring or collapsing; Hips sagging or piking; Knees bent — not in full plank; Elbow flare — keep elbows closer to torso.; Hip sag detected — maintain straight plank line.,70.3,100.0,0.0,100.0,100.0,52.7,0.0,100.0,0.0
1378,Pushups,131.96,128.36,32.41,104.15,128.36,154.3,up,Bad,Good,90.5,15,Shoulders flaring or collapsing; Hips sagging or piking; Knees bent — not in full plank; Elbow flare — keep elbows closer to torso.; Insufficient depth — chest not low enough.; Hip sag detected — maintain straight plank line.,70.0,100.0,0.0,100.0,100.0,50.2,0.0,100.0,0.0
1380,Pushups,152.14,148.12,39.48,141.47,148.12,141.5,up,Bad,Good,90.6,15,Shoulders flaring or collapsing; Hips sagging or piking; Knees bent — not in full plank; Elbow flare — keep elbows closer to torso.; Insufficient depth — chest not low enough.; Hip sag detected — maintain straight plank line.,70.0,100.0,0.0,100.0,100.0,49.5,0.0,100.0,0.0
1381,Pushups,146.91,148.5,50.78,150.44,148.5,145.4,up,Bad,Good,90.7,15,Shoulders flaring or collapsing; Hips sagging or piking; Knees bent — not in full plank; Elbow flare — keep elbows closer to torso.; Insufficient depth — chest not low enough.; Hip sag detected — maintain straight plank line.,70.0,100.0,0.0,100.0,100.0,50.0,0.0,100.0,0.0
1382,Pushups,138.56,150.35,72.67,168.0,150.35,136.3,up,Bad,Good,90.8,15,Shoulders flaring or collapsing; Hips sagging or piking; Elbow flare — keep elbows closer to torso.; Insufficient depth — chest not low enough.; Hip sag detected — maintain straight plank line.,71.1,100.0,0.0,100.0,100.0,61.0,0.0,100.0,0.0
1567,Pushups,142.32,167.37,144.83,164.96,167.37,104.8,down,Bad,Good,90.8,16,Shoulders flaring or collapsing; Hips sagging or piking; Elbow flare — keep elbows closer to torso.; Insufficient depth — chest not low enough.; Hip sag detected — maintain straight plank line.,71.1,100.0,0.0,100.0,100.0,61.3,0.0,100.0,0.0
1569,Pushups,97.73,95.25,24.9,159.04,95.25,99.2,down,Bad,Good,86.9,16,Shoulders flaring or collapsing; Hips sagging or piking; Elbow flare — keep elbows closer to torso.; Hip sag detected — maintain straight plank line.,71.4,100.0,0.0,100.0,100.0,64.0,0.0,100.0,0.0
1570,Pushups,62.54,92.06,96.8,87.51,92.06,94.4,down,Bad,Good,87.7,16,Hips sagging or piking; Knees bent — not in full plank; Hip sag detected — maintain straight plank line.,71.7,100.0,0.0,100.0,100.0,66.7,0.0,100.0,0.0
1571,Pushups,122.11,91.68,78.93,109.29,91.68,96.5,down,Bad,Good,88.0,16,Hips sagging or piking; Knees bent — not in full plank; Insufficient depth — chest not low enough.; Hip sag detected — maintain straight plank line.,71.4,100.0,0.0,100.0,100.0,63.9,0.0,100.0,0.0
1572,Pushups,67.12,89.86,95.75,129.9,89.86,102.8,down,Bad,Good,88.7,16,Hips sagging or piking; Knees bent — not in full plank; Hip sag detected — maintain straight plank line.,71.6,100.0,0.0,100.0,100.0,66.1,0.0,100.0,0.0
1638,Pushups,152.31,11.9,90.24,154.08,11.9,128.7,down,Bad,Good,88.8,16,Shoulders flaring or collapsing; Hips sagging or piking; Knees bent — not in full plank; Insufficient depth — chest not low enough.; Hip sag detected — maintain straight plank line.,70.5,100.0,0.0,100.0,100.0,54.8,0.0,100.0,0.0
1639,Pushups,146.37,12.03,87.97,85.85,,112.1,down,Bad,Good,89.5,16,Shoulders flaring or collapsing; Hips sagging or piking; Knees bent — not in full plank; Insufficient depth — chest not low enough.; Hip sag detected — maintain straight plank line.,70.9,100.0,0.0,100.0,100.0,59.3,0.0,100.0,0.0
1640,Pushups,134.39,13.87,16.17,85.78,,118.2,down,Bad,Good,85.3,16,Shoulders flaring or collapsing; Hips sagging or piking; Knees bent — not in full plank; Insufficient depth — chest not low enough.; Hip sag detected — maintain straight plank line.,70.9,100.0,0.0,100.0,100.0,59.3,0.0,100.0,0.0
1641,Pushups,132.26,92.31,42.75,63.37,,96.4,down,Bad,Good,86.2,16,Hips sagging or piking; Knees bent — not in full plank; Insufficient depth — chest not low enough.; Hip sag detected — maintain straight plank line.,72.0,100.0,0.0,100.0,100.0,70.3,0.0,100.0,0.0
1642,Pushups,130.89,87.51,37.76,67.5,,75.6,down,Bad,Good,90.9,16,Hips sagging or piking; Knees bent — not in full plank; Insufficient depth — chest not low enough.; Hip sag detected — maintain straight plank line.,72.0,100.0,0.0,100.0,100.0,70.3,0.0,100.0,0.0
1643,Pushups,143.81,97.55,40.22,147.05,,73.8,down,Bad,Good,90.6,16,Shoulders flaring or collapsing; Hips sagging or piking; Knees bent — not in full plank; Elbow flare — keep elbows closer to torso.; Insufficient depth — chest not low enough.; Hip sag detected — maintain straight plank line.,70.7,100.0,0.0,100.0,100.0,56.7,0.0,100.0,0.0
1644,Pushups,152.98,106.54,35.24,112.37,,88.6,down,Bad,Good,90.8,16,Shoulders flaring or collapsing; Hips sagging or piking; Knees bent — not in full plank; Elbow flare — keep elbows closer to torso.; Insufficient depth — chest not low enough.; Hip sag detected — maintain straight plank line.,70.7,100.0,0.0,100.0,100.0,56.7,0.0,100.0,0.0
1645,Pushups,152.94,103.61,32.17,64.02,,98.9,up,Bad,Good,90.4,16,Shoulders flaring or collapsing; Hips sagging or piking; Knees bent — not in full plank; Elbow flare — keep elbows closer to torso.; Insufficient depth — chest not low enough.; Hip sag detected — maintain straight plank line.,70.7,100.0,0.0,100.0,100.0,56.7,0.0,100.0,0.0
1646,Pushups,129.24,79.36,20.45,74.38,,99.6,down,Bad,Good,86.2,17,Hips sagging or piking; Knees bent — not in full plank; Insufficient depth — chest not low enough.; Hip sag detected — maintain straight plank line.,72.0,100.0,0.0,100.0,100.0,70.3,0.0,100.0,0.0
1647,Pushups,142.5,91.0,13.17,107.05,,96.6,down,Bad,Good,81.1,17,Hips sagging or piking; Knees bent — not in full plank; Insufficient depth — chest not low enough.; Hip sag detected — maintain straight plank line.,72.0,100.0,0.0,100.0,100.0,70.3,0.0,100.0,0.0
1648,Pushups,148.26,178.74,0.5,121.78,,70.4,down,Bad,Good,80.4,17,Shoulders flaring or collapsing; Hips sagging or piking; Knees bent — not in full plank; Elbow flare — keep elbows closer to torso.; Insufficient depth — chest not low enough.; Hip sag detected — maintain straight plank line.,70.7,100.0,0.0,100.0,100.0,56.7,0.0,100.0,0.0
1649,Pushups,150.82,177.0,1.28,147.73,,69.2,down,Bad,Good,74.8,17,Shoulders flaring or collapsing; Hips sagging or piking; Knees bent — not in full plank; Elbow flare — keep elbows closer to torso.; Insufficient depth — chest not low enough.; Hip sag detected — maintain straight plank line.,70.7,100.0,0.0,100.0,100.0,56.7,0.0,100.0,0.0
1650,Pushups,,,,,,38.8,down,Good,Good,50.0,17,,96.7,100.0,100.0,100.0,100.0,66.7,0.0,100.0,0.0
1651,Pushups,,,,,,35.9,down,Good,Good,50.0,17,,96.7,100.0,100.0,100.0,100.0,66.7,0.0,100.0,0.0
1652,Pushups,,,,,,40.4,down,Good,Good,50.0,17,,96.7,100.0,100.0,100.0,100.0,66.7,0.0,100.0,0.0
1653,Pushups,,,,,,50.3,down,Good,Good,50.0,17,,96.7,100.0,100.0,100.0,100.0,66.7,0.0,100.0,0.0
1654,Pushups,,,,,,33.6,down,Good,Good,50.0,17,,96.7,100.0,100.0,100.0,100.0,66.7,0.0,100.0,0.0
1655,Pushups,,,,,,35.5,down,Good,Good,50.0,17,,96.7,100.0,100.0,100.0,100.0,66.7,0.0,100.0,0.0
1656,Pushups,,,,,,34.3,down,Good,Good,50.0,17,,96.7,100.0,100.0,100.0,100.0,66.7,0.0,100.0,0.0
1657,Pushups,,,,,,35.4,down,Good,Good,50.0,17,,96.7,100.0,100.0,100.0,100.0,66.7,0.0,100.0,0.0
1658,Pushups,,,,,,27.5,down,Good,Good,50.0,17,,96.7,100.0,100.0,100.0,100.0,66.7,0.0,100.0,0.0
1659,Pushups,,,,,,50.4,up,Good,Good,50.0,17,,96.7,100.0,100.0,100.0,100.0,66.7,0.0,100.0,0.0
1660,Pushups,,,,,,82.0,up,Good,Good,50.0,17,,96.7,100.0,100.0,100.0,100.0,66.7,0.0,100.0,0.0
1661,Pushups,,,,,,113.1,up,Good,Good,50.0,17,,96.7,100.0,100.0,100.0,100.0,66.7,0.0,100.0,0.0
1663,Pushups,96.86,67.4,131.22,134.27,,134.8,up,Bad,Good,75.3,17,Hips sagging or piking; Knees bent — not in full plank; Hip sag detected — maintain straight plank line.,72.3,100.0,0.0,100.0,100.0,73.0,0.0,100.0,0.0
1666,Pushups,131.88,171.94,13.56,146.01,,161.6,up,Bad,Good,70.2,17,Shoulders flaring or collapsing; Hips sagging or piking; Knees bent — not in full plank; Elbow flare — keep elbows closer to torso.; Insufficient depth — chest not low enough.; Hip sag detected — maintain straight plank line.,70.7,100.0,0.0,100.0,100.0,56.7,0.0,100.0,0.0
1667,Pushups,114.07,164.08,15.29,145.31,,158.5,up,Bad,Good,65.0,17,Shoulders flaring or collapsing; Hips sagging or piking; Knees bent — not in full plank; Elbow flare — keep elbows closer to torso.; Hip sag detected — maintain straight plank line.,70.9,100.0,0.0,100.0,100.0,59.3,0.0,100.0,0.0
1668,Pushups,112.19,164.03,20.11,152.74,,151.5,up,Bad,Good,59.8,17,Shoulders flaring or collapsing; Hips sagging or piking; Knees bent — not in full plank; Elbow flare — keep elbows closer to torso.; Hip sag detected — maintain straight plank line.,70.9,100.0,0.0,100.0,100.0,59.3,0.0,100.0,0.0
1669,Pushups,114.2,36.96,14.17,149.85,36.96,145.8,up,Bad,Good,60.1,17,Hips sagging or piking; Knees bent — not in full plank; Hip sag detected — maintain straight plank line.,71.6,100.0,0.0,100.0,100.0,66.0,0.0,100.0,0.0
1670,Pushups,124.45,45.54,13.38,151.03,45.54,145.2,up,Bad,Good,60.8,17,Hips sagging or piking; Knees bent — not in full plank; Insufficient depth — chest not low enough.; Hip sag detected — maintain straight plank line.,71.3,100.0,0.0,100.0,100.0,62.8,0.0,100.0,0.0
1671,Pushups,121.09,44.83,21.98,143.95,44.83,145.3,up,Bad,Good,62.2,17,Hips sagging or piking; Knees bent — not in full plank; Insufficient depth — chest not low enough.; Hip sag detected — maintain straight plank line.,71.3,100.0,0.0,100.0,100.0,62.9,0.0,100.0,0.0
1672,Pushups,122.29,39.25,18.86,148.12,39.25,145.0,up,Bad,Good,62.9,17,Hips sagging or piking; Knees bent — not in full plank; Insufficient depth — chest not low enough.; Hip sag detected — maintain straight plank line.,71.3,100.0,0.0,100.0,100.0,63.3,0.0,100.0,0.0
1673,Pushups,130.18,38.23,25.47,155.51,38.23,144.1,up,Bad,Good,59.2,17,Hips sagging or piking; Insufficient depth — chest not low enough.; Hip sag detected — maintain straight plank line.,72.4,100.0,0.0,100.0,100.0,74.4,0.0,100.0,0.0
1674,Pushups,129.27,38.3,25.34,161.24,38.3,142.1,up,Bad,Good,61.2,17,Hips sagging or piking; Insufficient depth — chest not low enough.; Hip sag detected — maintain straight plank line.,72.4,100.0,0.0,100.0,100.0,74.2,0.0,100.0,0.0
1675,Pushups,128.67,37.47,24.26,156.23,37.47,139.2,up,Bad,Good,63.3,17,Hips sagging or piking; Insufficient depth — chest not low enough.; Hip sag detected — maintain straight plank line.,72.4,100.0,0.0,100.0,100.0,74.3,0.0,100.0,0.0
1676,Pushups,116.21,37.86,27.46,162.86,37.86,135.4,up,Bad,Good,66.2,17,Hips sagging or piking; Hip sag detected — maintain straight plank line.,72.7,100.0,0.0,100.0,100.0,77.1,0.0,100.0,0.0
1677,Pushups,114.8,34.23,32.95,166.22,34.23,132.1,up,Bad,Good,71.2,17,Hips sagging or piking; Hip sag detected — maintain straight plank line.,72.7,100.0,0.0,100.0,100.0,77.3,0.0,100.0,0.0
1678,Pushups,118.45,33.65,27.67,145.34,33.65,125.8,up,Bad,Good,73.3,17,Hips sagging or piking; Knees bent — not in full plank; Hip sag detected — maintain straight plank line.,71.6,100.0,0.0,100.0,100.0,66.1,0.0,100.0,0.0
1679,Pushups,114.08,32.77,34.39,150.45,32.77,118.7,down,Bad,Good,77.6,18,Hips sagging or piking; Knees bent — not in full plank; Hip sag detected — maintain straight plank line.,71.6,100.0,0.0,100.0,100.0,66.1,0.0,100.0,0.0
1680,Pushups,112.55,33.97,40.87,161.05,33.97,111.7,down,Bad,Good,82.5,18,Hips sagging or piking; Hip sag detected — maintain straight plank line.,72.7,100.0,0.0,100.0,100.0,77.1,0.0,100.0,0.0
1681,Pushups,117.55,178.74,50.28,178.16,,107.6,down,Bad,Good,85.3,18,Shoulders flaring or collapsing; Hips sagging or piking; Elbow flare — keep elbows closer to torso.; Hip sag detected — maintain straight plank line.,72.0,100.0,0.0,100.0,100.0,70.3,0.0,100.0,0.0
1682,Pushups,140.0,177.14,40.87,162.5,,110.2,down,Bad,Good,87.6,18,Shoulders flaring or collapsing; Hips sagging or piking; Elbow flare — keep elbows closer to torso.; Insufficient depth — chest not low enough.; Hip sag detected — maintain straight plank line.,71.8,100.0,0.0,100.0,100.0,67.7,0.0,100.0,0.0
1683,Pushups,142.43,178.5,34.44,115.96,,114.6,down,Bad,Good,89.8,18,Shoulders flaring or collapsing; Hips sagging or piking; Knees bent — not in full plank; Elbow flare — keep elbows closer to torso.; Insufficient depth — chest not low enough.; Hip sag detected — maintain straight plank line.,70.7,100.0,0.0,100.0,100.0,56.7,0.0,100.0,0.0
1684,Pushups,154.88,177.51,22.11,68.26,,123.3,down,Bad,Good,87.4,18,Shoulders flaring or collapsing; Hips sagging or piking; Knees bent — not in full plank; Elbow flare — keep elbows closer to torso.; Insufficient depth — chest not low enough.; Hip sag detected — maintain straight plank line.,70.7,100.0,0.0,100.0,100.0,56.7,0.0,100.0,0.0
1686,Pushups,131.88,142.97,28.88,39.03,,131.3,down,Bad,Good,84.6,18,Shoulders flaring or collapsing; Hips sagging or piking; Knees bent — not in full plank; Elbow flare — keep elbows closer to torso.; Insufficient depth — chest not low enough.; Hip sag detected — maintain straight plank line.,70.7,100.0,0.0,100.0,100.0,56.7,0.0,100.0,0.0
1687,Pushups,54.23,103.46,118.83,29.35,,119.7,down,Bad,Good,87.0,18,Elbow not reaching 90 or not extending; Shoulders flaring or collapsing; Hips sagging or piking; Knees bent — not in full plank; Elbow flare — keep elbows closer to torso.; Hip sag detected — maintain straight plank line.,69.8,100.0,0.0,100.0,100.0,48.3,0.0,100.0,0.0
1688,Pushups,176.33,123.51,115.94,55.52,,128.0,up,Bad,Good,86.9,18,Elbow not reaching 90 or not extending; Shoulders flaring or collapsing; Hips sagging or piking; Knees bent — not in full plank; Elbow flare — keep elbows closer to torso.; Insufficient depth — chest not low enough.; Hip sag detected — maintain straight plank line.,69.6,100.0,0.0,100.0,100.0,45.7,0.0,100.0,0.0
1691,Pushups,123.33,176.12,13.19,121.9,,127.7,up,Bad,Good,81.4,18,Shoulders flaring or collapsing; Hips sagging or piking; Knees bent — not in full plank; Elbow flare — keep elbows closer to torso.; Insufficient depth — chest not low enough.; Hip sag detected — maintain straight plank line.,70.7,100.0,0.0,100.0,100.0,56.7,0.0,100.0,0.0
1692,Pushups,155.78,174.76,14.78,120.45,,124.8,up,Bad,Good,76.6,18,Shoulders flaring or collapsing; Hips sagging or piking; Knees bent — not in full plank; Elbow flare — keep elbows closer to torso.; Insufficient depth — chest not low enough.; Hip sag detected — maintain straight plank line.,70.7,100.0,0.0,100.0,100.0,56.7,0.0,100.0,0.0
1693,Pushups,131.29,177.72,6.45,97.11,,122.9,up,Bad,Good,72.3,18,Shoulders flaring or collapsing; Hips sagging or piking; Knees bent — not in full plank; Elbow flare — keep elbows closer to torso.; Insufficient depth — chest not low enough.; Hip sag detected — maintain straight plank line.,70.7,100.0,0.0,100.0,100.0,56.7,0.0,100.0,0.0
1694,Pushups,125.16,172.13,6.26,121.96,,139.1,up,Bad,Good,68.0,18,Shoulders flaring or collapsing; Hips sagging or piking; Knees bent — not in full plank; Elbow flare — keep elbows closer to torso.; Insufficient depth — chest not low enough.; Hip sag detected — maintain straight plank line.,70.7,100.0,0.0,100.0,100.0,56.7,0.0,100.0,0.0
1695,Pushups,120.88,31.43,13.42,140.67,,130.1,up,Bad,Good,68.2,18,Hips sagging or piking; Knees bent — not in full plank; Insufficient depth — chest not low enough.; Hip sag detected — maintain straight plank line.,72.0,100.0,0.0,100.0,100.0,70.3,0.0,100.0,0.0
1696,Pushups,120.96,30.62,9.74,147.91,,131.4,up,Bad,Good,66.0,18,Hips sagging or piking; Knees bent — not in full plank; Insufficient depth — chest not low enough.; Hip sag detected — maintain straight plank line.,72.0,100.0,0.0,100.0,100.0,70.3,0.0,100.0,0.0
1697,Pushups,113.4,31.76,12.94,149.64,,131.6,up,Bad,Good,61.3,18,Hips sagging or piking; Knees bent — not in full plank; Hip sag detected — maintain straight plank line.,72.3,100.0,0.0,100.0,100.0,73.0,0.0,100.0,0.0
1698,Pushups,115.5,37.22,9.47,137.79,,132.0,up,Bad,Good,56.6,18,Hips sagging or piking; Knees bent — not in full plank; Hip sag detected — maintain straight plank line.,72.3,100.0,0.0,100.0,100.0,73.0,0.0,100.0,0.0
1699,Pushups,114.68,37.77,10.46,139.47,,132.9,up,Bad,Good,57.2,18,Hips sagging or piking; Knees bent — not in full plank; Hip sag detected — maintain straight plank line.,72.3,100.0,0.0,100.0,100.0,73.0,0.0,100.0,0.0
1700,Pushups,125.31,40.95,20.98,157.79,,133.2,up,Bad,Good,57.9,18,Hips sagging or piking; Insufficient depth — chest not low enough.; Hip sag detected — maintain straight plank line.,73.1,100.0,0.0,100.0,100.0,81.3,0.0,100.0,0.0
1701,Pushups,120.39,45.19,16.73,145.99,,132.4,up,Bad,Good,58.5,18,Hips sagging or piking; Knees bent — not in full plank; Insufficient depth — chest not low enough.; Hip sag detected — maintain straight plank line.,72.0,100.0,0.0,100.0,100.0,70.3,0.0,100.0,0.0
1702,Pushups,117.56,37.95,12.95,151.65,,132.5,up,Bad,Good,59.1,18,Hips sagging or piking; Knees bent — not in full plank; Hip sag detected — maintain straight plank line.,72.3,100.0,0.0,100.0,100.0,73.0,0.0,100.0,0.0
1703,Pushups,83.01,43.12,13.3,150.77,,111.4,down,Bad,Good,59.1,19,Hips sagging or piking; Knees bent — not in full plank; Hip sag detected — maintain straight plank line.,72.3,100.0,0.0,100.0,100.0,73.0,0.0,100.0,0.0
1704,Pushups,92.39,53.53,15.12,138.04,,92.2,down,Bad,Good,58.9,19,Hips sagging or piking; Knees bent — not in full plank; Hip sag detected — maintain straight plank line.,72.3,100.0,0.0,100.0,100.0,73.0,0.0,100.0,0.0
1705,Pushups,133.61,49.22,14.33,138.39,,91.2,down,Bad,Good,58.9,19,Hips sagging or piking; Knees bent — not in full plank; Insufficient depth — chest not low enough.; Hip sag detected — maintain straight plank line.,72.0,100.0,0.0,100.0,100.0,70.3,0.0,100.0,0.0
1706,Pushups,127.09,48.25,22.1,139.44,,91.5,down,Bad,Good,59.0,19,Hips sagging or piking; Knees bent — not in full plank; Insufficient depth — chest not low enough.; Hip sag detected — maintain straight plank line.,72.0,100.0,0.0,100.0,100.0,70.3,0.0,100.0,0.0
1707,Pushups,122.53,44.17,33.12,145.77,,91.9,down,Bad,Good,63.7,19,Hips sagging or piking; Knees bent — not in full plank; Insufficient depth — chest not low enough.; Hip sag detected — maintain straight plank line.,72.0,100.0,0.0,100.0,100.0,70.3,0.0,100.0,0.0
1708,Pushups,124.33,44.89,30.67,151.6,44.89,113.1,down,Bad,Good,67.4,19,Hips sagging or piking; Knees bent — not in full plank; Insufficient depth — chest not low enough.; Hip sag detected — maintain straight plank line.,71.3,100.0,0.0,100.0,100.0,63.0,0.0,100.0,0.0
1709,Pushups,121.34,46.2,33.63,144.04,,131.5,down,Bad,Good,72.1,19,Hips sagging or piking; Knees bent — not in full plank; Insufficient depth — chest not low enough.; Hip sag detected — maintain straight plank line.,72.0,100.0,0.0,100.0,100.0,70.3,0.0,100.0,0.0
1710,Pushups,128.26,44.32,18.96,152.11,,131.8,down,Bad,Good,72.1,19,Hips sagging or piking; Knees bent — not in full plank; Insufficient depth — chest not low enough.; Hip sag detected — maintain straight plank line.,72.0,100.0,0.0,100.0,100.0,70.3,0.0,100.0,0.0
1711,Pushups,113.05,43.22,11.85,154.88,,128.4,down,Bad,Good,72.1,19,Hips sagging or piking; Knees bent — not in full plank; Hip sag detected — maintain straight plank line.,72.3,100.0,0.0,100.0,100.0,73.0,0.0,100.0,0.0
1712,Pushups,120.28,40.05,14.02,152.3,,125.7,down,Bad,Good,72.3,19,Hips sagging or piking; Knees bent — not in full plank; Insufficient depth — chest not low enough.; Hip sag detected — maintain straight plank line.,72.0,100.0,0.0,100.0,100.0,70.3,0.0,100.0,0.0
1713,Pushups,119.23,42.55,21.63,139.07,,122.8,down,Bad,Good,72.8,19,Hips sagging or piking; Knees bent — not in full plank; Hip sag detected — maintain straight plank line.,72.3,100.0,0.0,100.0,100.0,73.0,0.0,100.0,0.0
1714,Pushups,138.93,30.29,15.68,140.72,,122.9,down,Bad,Good,72.4,19,Hips sagging or piking; Knees bent — not in full plank; Insufficient depth — chest not low enough.; Hip sag detected — maintain straight plank line.,72.0,100.0,0.0,100.0,100.0,70.3,0.0,100.0,0.0
1715,Pushups,130.91,46.65,29.74,141.17,,120.9,down,Bad,Good,71.7,19,Hips sagging or piking; Knees bent — not in full plank; Insufficient depth — chest not low enough.; Hip sag detected — maintain straight plank line.,72.0,100.0,0.0,100.0,100.0,70.3,0.0,100.0,0.0
1716,Pushups,125.39,36.82,22.07,161.96,,123.6,down,Bad,Good,68.3,19,Hips sagging or piking; Insufficient depth — chest not low enough.; Hip sag detected — maintain straight plank line.,73.1,100.0,0.0,100.0,100.0,81.3,0.0,100.0,0.0
1717,Pushups,126.77,32.95,26.05,155.92,,125.7,down,Bad,Good,65.3,19,Hips sagging or piking; Insufficient depth — chest not low enough.; Hip sag detected — maintain straight plank line.,73.1,100.0,0.0,100.0,100.0,81.3,0.0,100.0,0.0
1718,Pushups,120.59,31.56,27.27,157.15,,127.2,down,Bad,Good,67.3,19,Hips sagging or piking; Insufficient depth — chest not low enough.; Hip sag detected — maintain straight plank line.,73.1,100.0,0.0,100.0,100.0,81.3,0.0,100.0,0.0
1719,Pushups,124.12,31.31,27.55,155.13,31.31,127.1,down,Bad,Good,69.7,19,Hips sagging or piking; Insufficient depth — chest not low enough.; Hip sag detected — maintain straight plank line.,72.5,100.0,0.0,100.0,100.0,75.0,0.0,100.0,0.0
1720,Pushups,128.87,30.19,26.26,165.11,30.19,128.6,down,Bad,Good,72.1,19,Hips sagging or piking; Insufficient depth — chest not low enough.; Hip sag detected — maintain straight plank line.,72.5,100.0,0.0,100.0,100.0,75.1,0.0,100.0,0.0
1721,Pushups,130.91,33.2,33.54,145.55,33.2,128.9,down,Bad,Good,76.2,19,Hips sagging or piking; Knees bent — not in full plank; Insufficient depth — chest not low enough.; Hip sag detected — maintain straight plank line.,71.4,100.0,0.0,100.0,100.0,63.8,0.0,100.0,0.0
1722,Pushups,132.2,31.84,32.2,154.91,,130.1,down,Bad,Good,81.5,19,Hips sagging or piking; Knees bent — not in full plank; Insufficient depth — chest not low enough.; Hip sag detected — maintain straight plank line.,72.0,100.0,0.0,100.0,100.0,70.3,0.0,100.0,0.0
1723,Pushups,130.38,31.94,43.37,168.85,,131.9,down,Bad,Good,82.5,19,Hips sagging or piking; Insufficient depth — chest not low enough.; Hip sag detected — maintain straight plank line.,73.1,100.0,0.0,100.0,100.0,81.3,0.0,100.0,0.0
1724,Pushups,121.6,29.16,39.16,178.18,,131.4,down,Bad,Good,87.0,19,Hips sagging or piking; Insufficient depth — chest not low enough.; Hip sag detected — maintain straight plank line.,73.1,100.0,0.0,100.0,100.0,81.3,0.0,100.0,0.0
1725,Pushups,122.59,31.61,29.54,145.98,,129.2,down,Bad,Good,89.4,19,Hips sagging or piking; Knees bent — not in full plank; Insufficient depth — chest not low enough.; Hip sag detected — maintain straight plank line.,72.0,100.0,0.0,100.0,100.0,70.3,0.0,100.0,0.0
1726,Pushups,108.29,33.13,29.39,162.45,,129.0,down,Bad,Good,91.3,19,Hips sagging or piking; Hip sag detected — maintain straight plank line.,73.4,100.0,0.0,100.0,100.0,84.0,0.0,100.0,0.0
1727,Pushups,119.4,32.11,33.65,164.34,,128.4,down,Bad,Good,93.9,19,Hips sagging or piking; Hip sag detected — maintain straight plank line.,73.4,100.0,0.0,100.0,100.0,84.0,0.0,100.0,0.0
1728,Pushups,125.93,40.93,46.24,103.22,,124.7,down,Bad,Good,96.0,19,Hips sagging or piking; Knees bent — not in full plank; Insufficient depth — chest not low enough.; Hip sag detected — maintain straight plank line.,72.0,100.0,0.0,100.0,100.0,70.3,0.0,100.0,0.0
1729,Pushups,152.18,38.85,48.37,149.12,,126.9,down,Bad,Good,96.0,19,Hips sagging or piking; Knees bent — not in full plank; Insufficient depth — chest not low enough.; Hip sag detected — maintain straight plank line.,72.0,100.0,0.0,100.0,100.0,70.3,0.0,100.0,0.0
1730,Pushups,153.65,36.66,45.81,159.08,,130.2,down,Bad,Good,96.2,19,Hips sagging or piking; Insufficient depth — chest not low enough.; Hip sag detected — maintain straight plank line.,73.1,100.0,0.0,100.0,100.0,81.3,0.0,100.0,0.0
1731,Pushups,121.57,34.23,28.3,155.23,,130.2,down,Bad,Good,93.8,19,Hips sagging or piking; Insufficient depth — chest not low enough.; Hip sag detected — maintain straight plank line.,73.1,100.0,0.0,100.0,100.0,81.3,0.0,100.0,0.0
1732,Pushups,113.01,29.05,21.9,155.54,,129.9,down,Bad,Good,89.4,19,Hips sagging or piking; Hip sag detected — maintain straight plank line.,73.4,100.0,0.0,100.0,100.0,84.0,0.0,100.0,0.0
1733,Pushups,107.46,159.49,30.39,175.85,,132.8,down,Bad,Good,88.1,19,Shoulders flaring or collapsing; Hips sagging or piking; Elbow flare — keep elbows closer to torso.; Hip sag detected — maintain straight plank line.,72.0,100.0,0.0,100.0,100.0,70.3,0.0,100.0,0.0
1734,Pushups,113.38,163.36,33.45,177.66,,130.9,down,Bad,Good,88.4,19,Shoulders flaring or collapsing; Hips sagging or piking; Elbow flare — keep elbows closer to torso.; Hip sag detected — maintain straight plank line.,72.0,100.0,0.0,100.0,100.0,70.3,0.0,100.0,0.0
1735,Pushups,125.2,178.43,37.75,165.71,,129.6,down,Bad,Good,86.9,19,Shoulders flaring or collapsing; Hips sagging or piking; Elbow flare — keep elbows closer to torso.; Insufficient depth — chest not low enough.; Hip sag detected — maintain straight plank line.,71.8,100.0,0.0,100.0,100.0,67.7,0.0,100.0,0.0
1736,Pushups,134.66,171.69,47.77,169.12,,134.7,up,Bad,Good,86.6,19,Shoulders flaring or collapsing; Hips sagging or piking; Elbow flare — keep elbows closer to torso.; Insufficient depth — chest not low enough.; Hip sag detected — maintain straight plank line.,71.8,100.0,0.0,100.0,100.0,67.7,0.0,100.0,0.0
1737,Pushups,138.34,166.95,46.04,174.92,,138.3,up,Bad,Good,86.1,19,Shoulders flaring or collapsing; Hips sagging or piking; Elbow flare — keep elbows closer to torso.; Insufficient depth — chest not low enough.; Hip sag detected — maintain straight plank line.,71.8,100.0,0.0,100.0,100.0,67.7,0.0,100.0,0.0
1738,Pushups,138.95,168.28,43.39,179.41,,141.7,up,Bad,Good,85.4,19,Shoulders flaring or collapsing; Hips sagging or piking; Elbow flare — keep elbows closer to torso.; Insufficient depth — chest not low enough.; Hip sag detected — maintain straight plank line.,71.8,100.0,0.0,100.0,100.0,67.7,0.0,100.0,0.0
1739,Pushups,167.86,150.88,11.81,174.86,,149.8,up,Bad,Good,83.1,19,Shoulders flaring or collapsing; Hips sagging or piking; Elbow flare — keep elbows closer to torso.; Insufficient depth — chest not low enough.; Hip sag detected — maintain straight plank line.,71.8,100.0,0.0,100.0,100.0,67.7,0.0,100.0,0.0
1740,Pushups,178.89,158.86,17.8,177.76,,159.7,up,Bad,Good,82.6,19,Elbow not reaching 90 or not extending; Shoulders flaring or collapsing; Hips sagging or piking; Elbow flare — keep elbows closer to torso.; Insufficient depth — chest not low enough.; Hip sag detected — maintain straight plank line.,70.7,100.0,0.0,100.0,100.0,56.7,0.0,100.0,0.0
1741,Pushups,155.35,153.47,12.61,162.39,,160.1,up,Bad,Good,79.0,19,Shoulders flaring or collapsing; Hips sagging or piking; Elbow flare — keep elbows closer to torso.; Insufficient depth — chest not low enough.; Hip sag detected — maintain straight plank line.,71.8,100.0,0.0,100.0,100.0,67.7,0.0,100.0,0.0
1742,Pushups,125.34,83.52,106.14,120.25,,163.4,up,Bad,Good,79.6,19,Hips sagging or piking; Knees bent — not in full plank; Insufficient depth — chest not low enough.; Hip sag detected — maintain straight plank line.,72.0,100.0,0.0,100.0,100.0,70.3,0.0,100.0,0.0
1743,Pushups,150.3,146.63,80.1,65.69,,160.6,up,Bad,Good,80.5,19,Shoulders flaring or collapsing; Hips sagging or piking; Knees bent — not in full plank; Elbow flare — keep elbows closer to torso.; Insufficient depth — chest not low enough.; Hip sag detected — maintain straight plank line.,70.7,100.0,0.0,100.0,100.0,56.7,0.0,100.0,0.0
1744,Pushups,166.82,5.44,175.38,70.89,,162.3,up,Bad,Good,80.1,19,Shoulders flaring or collapsing; Knees bent — not in full plank; Insufficient depth — chest not low enough.; Hip sag detected — maintain straight plank line.,72.0,100.0,0.0,100.0,100.0,70.3,0.0,100.0,0.0
1764,Pushups,35.8,56.12,13.69,43.14,,132.2,down,Bad,Good,75.6,20,Elbow not reaching 90 or not extending; Hips sagging or piking; Knees bent — not in full plank; Hip sag detected — maintain straight plank line.,71.2,100.0,0.0,100.0,100.0,62.0,0.0,100.0,0.0
1765,Pushups,124.31,171.39,18.28,70.68,,128.8,down,Bad,Good,70.9,20,Shoulders flaring or collapsing; Hips sagging or piking; Knees bent — not in full plank; Elbow flare — keep elbows closer to torso.; Insufficient depth — chest not low enough.; Hip sag detected — maintain straight plank line.,70.7,100.0,0.0,100.0,100.0,56.7,0.0,100.0,0.0
1766,Pushups,135.03,160.59,16.61,154.21,,119.5,down,Bad,Good,70.0,20,Shoulders flaring or collapsing; Hips sagging or piking; Knees bent — not in full plank; Elbow flare — keep elbows closer to torso.; Insufficient depth — chest not low enough.; Hip sag detected — maintain straight plank line.,70.7,100.0,0.0,100.0,100.0,56.7,0.0,100.0,0.0
1770,Pushups,178.15,169.4,164.99,165.51,,127.0,up,Bad,Good,73.8,20,Elbow not reaching 90 or not extending; Shoulders flaring or collapsing; Elbow flare — keep elbows closer to torso.; Insufficient depth — chest not low enough.; Hip sag detected — maintain straight plank line.,71.8,100.0,0.0,100.0,100.0,67.7,0.0,100.0,0.0
1786,Pushups,134.11,87.02,45.57,79.6,,109.6,down,Bad,Good,79.2,21,Hips sagging or piking; Knees bent — not in full plank; Insufficient depth — chest not low enough.; Hip sag detected — maintain straight plank line.,72.0,100.0,0.0,100.0,100.0,70.3,0.0,100.0,0.0
1791,Pushups,132.15,64.3,54.27,156.91,,122.0,down,Bad,Good,79.4,21,Hips sagging or piking; Insufficient depth — chest not low enough.; Hip sag detected — maintain straight plank line.,73.1,100.0,0.0,100.0,100.0,81.3,0.0,100.0,0.0
1792,Pushups,63.26,3.13,5.68,62.95,,99.2,down,Bad,Good,75.0,21,Shoulders flaring or collapsing; Hips sagging or piking; Knees bent — not in full plank; Hip sag detected — maintain straight plank line.,71.2,100.0,0.0,100.0,100.0,62.0,0.0,100.0,0.0
1793,Pushups,33.26,43.39,28.9,19.96,,80.8,down,Bad,Good,74.4,21,Elbow not reaching 90 or not extending; Hips sagging or piking; Knees bent — not in full plank; Hip sag detected — maintain straight plank line.,71.2,100.0,0.0,100.0,100.0,62.0,0.0,100.0,0.0
1794,Pushups,13.43,71.87,23.9,25.66,,48.0,down,Bad,Good,74.7,21,Elbow not reaching 90 or not extending; Hips sagging or piking; Knees bent — not in full plank; Hip sag detected — maintain straight plank line.,71.2,100.0,0.0,100.0,100.0,62.0,0.0,100.0,0.0
1795,Pushups,45.7,33.01,26.43,34.9,,36.1,down,Bad,Good,77.8,21,Elbow not reaching 90 or not extending; Hips sagging or piking; Knees bent — not in full plank; Hip sag detected — maintain straight plank line.,71.2,100.0,0.0,100.0,100.0,62.0,0.0,100.0,0.0
1796,Pushups,52.83,32.96,29.41,36.95,,24.9,down,Bad,Good,82.2,21,Elbow not reaching 90 or not extending; Hips sagging or piking; Knees bent — not in full plank; Hip sag detected — maintain straight plank line.,71.2,100.0,0.0,100.0,100.0,62.0,0.0,100.0,0.0
1797,Pushups,53.9,32.96,22.25,32.26,,23.6,down,Bad,Good,78.7,21,Elbow not reaching 90 or not extending; Hips sagging or piking; Knees bent — not in full plank; Hip sag detected — maintain straight plank line.,71.2,100.0,0.0,100.0,100.0,62.0,0.0,100.0,0.0
1798,Pushups,99.69,10.39,18.07,26.04,,26.0,down,Bad,Good,73.8,21,Shoulders flaring or collapsing; Hips sagging or piking; Knees bent — not in full plank; Hip sag detected — maintain straight plank line.,71.2,100.0,0.0,100.0,100.0,62.0,0.0,100.0,0.0
1799,Pushups,121.72,30.17,23.01,24.53,,37.4,down,Bad,Good,70.7,21,Hips sagging or piking; Knees bent — not in full plank; Insufficient depth — chest not low enough.; Hip sag detected — maintain straight plank line.,72.0,100.0,0.0,100.0,100.0,70.3,0.0,100.0,0.0
1800,Pushups,138.52,24.63,24.19,15.74,,49.5,down,Bad,Good,73.1,21,Shoulders flaring or collapsing; Hips sagging or piking; Knees bent — not in full plank; Insufficient depth — chest not low enough.; Hip sag detected — maintain straight plank line.,70.9,100.0,0.0,100.0,100.0,59.3,0.0,100.0,0.0
1801,Pushups,177.42,26.35,27.48,31.35,,77.3,up,Bad,Good,71.8,21,Elbow not reaching 90 or not extending; Hips sagging or piking; Knees bent — not in full plank; Insufficient depth — chest not low enough.; Hip sag detected — maintain straight plank line.,70.9,100.0,0.0,100.0,100.0,59.3,0.0,100.0,0.0
1802,Pushups,172.01,3.75,26.5,30.27,,99.6,up,Bad,Good,72.9,21,Shoulders flaring or collapsing; Hips sagging or piking; Knees bent — not in full plank; Insufficient depth — chest not low enough.; Hip sag detected — maintain straight plank line.,70.9,100.0,0.0,100.0,100.0,59.3,0.0,100.0,0.0
1803,Pushups,156.21,11.8,25.64,36.9,,97.2,down,Bad,Good,72.4,22,Shoulders flaring or collapsing; Hips sagging or piking; Knees bent — not in full plank; Insufficient depth — chest not low enough.; Hip sag detected — maintain straight plank line.,70.9,100.0,0.0,100.0,100.0,59.3,0.0,100.0,0.0
1804,Pushups,148.55,13.39,26.23,35.44,,112.5,down,Bad,Good,72.0,22,Shoulders flaring or collapsing; Hips sagging or piking; Knees bent — not in full plank; Insufficient depth — chest not low enough.; Hip sag detected — maintain straight plank line.,70.9,100.0,0.0,100.0,100.0,59.3,0.0,100.0,0.0
1805,Pushups,149.36,2.55,35.71,37.32,,126.8,up,Bad,Good,74.1,22,Shoulders flaring or collapsing; Hips sagging or piking; Knees bent — not in full plank; Insufficient depth — chest not low enough.; Hip sag detected — maintain straight plank line.,70.9,100.0,0.0,100.0,100.0,59.3,0.0,100.0,0.0
1806,Pushups,176.54,28.19,62.46,61.86,,126.1,up,Bad,Good,78.6,22,Elbow not reaching 90 or not extending; Hips sagging or piking; Knees bent — not in full plank; Insufficient depth — chest not low enough.; Hip sag detected — maintain straight plank line.,70.9,100.0,0.0,100.0,100.0,59.3,0.0,100.0,0.0
1807,Pushups,173.77,26.39,70.42,80.31,,134.6,up,Bad,Good,81.4,22,Hips sagging or piking; Knees bent — not in full plank; Insufficient depth — chest not low enough.; Hip sag detected — maintain straight plank line.,72.0,100.0,0.0,100.0,100.0,70.3,0.0,100.0,0.0
1808,Pushups,83.34,26.49,100.62,79.85,,134.2,down,Bad,Good,83.6,23,Hips sagging or piking; Knees bent — not in full plank; Hip sag detected — maintain straight plank line.,72.3,100.0,0.0,100.0,100.0,73.0,0.0,100.0,0.0
1809,Pushups,135.22,37.81,136.02,16.96,,128.5,down,Bad,Good,86.1,23,Hips sagging or piking; Knees bent — not in full plank; Insufficient depth — chest not low enough.; Hip sag detected — maintain straight plank line.,72.0,100.0,0.0,100.0,100.0,70.3,0.0,100.0,0.0
1810,Pushups,72.49,25.32,149.9,86.31,,128.9,up,Bad,Good,90.0,23,Hips sagging or piking; Knees bent — not in full plank; Hip sag detected — maintain straight plank line.,72.3,100.0,0.0,100.0,100.0,73.0,0.0,100.0,0.0
1811,Pushups,160.74,14.81,172.29,158.59,,127.2,up,Bad,Good,92.7,23,Shoulders flaring or collapsing; Insufficient depth — chest not low enough.; Hip sag detected — maintain straight plank line.,73.1,100.0,0.0,100.0,100.0,81.3,0.0,100.0,0.0
1812,Pushups,179.4,3.67,176.33,169.96,,128.3,up,Bad,Good,93.9,23,Elbow not reaching 90 or not extending; Shoulders flaring or collapsing; Insufficient depth — chest not low enough.; Hip sag detected — maintain straight plank line.,72.0,100.0,0.0,100.0,100.0,70.3,0.0,100.0,0.0
1813,Pushups,177.39,19.7,169.89,172.67,,158.5,up,Bad,Good,96.3,23,Elbow not reaching 90 or not extending; Shoulders flaring or collapsing; Insufficient depth — chest not low enough.; Hip sag detected — maintain straight plank line.,72.0,100.0,0.0,100.0,100.0,70.3,0.0,100.0,0.0
1814,Pushups,179.47,28.86,158.3,64.46,,171.7,up,Bad,Good,97.0,23,Elbow not reaching 90 or not extending; Knees bent — not in full plank; Insufficient depth — chest not low enough.; Hip sag detected — maintain straight plank line.,72.0,100.0,0.0,100.0,100.0,70.3,0.0,100.0,0.0
1815,Pushups,175.73,36.89,163.66,32.16,,171.7,up,Bad,Good,97.1,23,Elbow not reaching 90 or not extending; Knees bent — not in full plank; Insufficient depth — chest not low enough.; Hip sag detected — maintain straight plank line.,72.0,100.0,0.0,100.0,100.0,70.3,0.0,100.0,0.0
1816,Pushups,128.6,29.92,169.96,28.85,,171.1,up,Bad,Good,97.4,23,Knees bent — not in full plank; Insufficient depth — chest not low enough.; Hip sag detected — maintain straight plank line.,73.1,100.0,0.0,100.0,100.0,81.3,0.0,100.0,0.0
1817,Pushups,177.0,41.96,171.03,13.14,,136.3,down,Bad,Good,97.5,24,Elbow not reaching 90 or not extending; Knees bent — not in full plank; Insufficient depth — chest not low enough.; Hip sag detected — maintain straight plank line.,72.0,100.0,0.0,100.0,100.0,70.3,0.0,100.0,0.0
1818,Pushups,137.81,41.73,173.85,5.33,,130.6,down,Bad,Good,97.1,24,Knees bent — not in full plank; Insufficient depth — chest not low enough.; Hip sag detected — maintain straight plank line.,73.1,100.0,0.0,100.0,100.0,81.3,0.0,100.0,0.0
1820,Pushups,153.34,170.97,178.86,100.64,,119.5,down,Bad,Good,96.4,24,Shoulders flaring or collapsing; Knees bent — not in full plank; Elbow flare — keep elbows closer to torso.; Insufficient depth — chest not low enough.; Hip sag detected — maintain straight plank line.,71.8,100.0,0.0,100.0,100.0,67.7,0.0,100.0,0.0
1821,Pushups,173.68,80.89,147.18,76.98,,122.4,up,Bad,Good,96.9,24,Hips sagging or piking; Knees bent — not in full plank; Insufficient depth — chest not low enough.; Hip sag detected — maintain straight plank line.,72.0,100.0,0.0,100.0,100.0,70.3,0.0,100.0,0.0
1834,Pushups,55.79,32.02,103.44,161.48,,95.7,down,Bad,Good,96.8,25,Hips sagging or piking; Hip sag detected — maintain straight plank line.,73.4,100.0,0.0,100.0,100.0,84.0,0.0,100.0,0.0
1958,Pushups,129.53,124.68,57.44,54.65,124.68,128.5,up,Bad,Good,96.6,25,Shoulders flaring or collapsing; Hips sagging or piking; Knees bent — not in full plank; Elbow flare — keep elbows closer to torso.; Insufficient depth — chest not low enough.; Hip sag detected — maintain straight plank line.,70.0,100.0,0.0,100.0,100.0,50.2,0.0,100.0,0.0
1960,Pushups,100.6,104.46,54.57,122.22,104.46,113.0,down,Bad,Good,96.4,26,Shoulders flaring or collapsing; Hips sagging or piking; Knees bent — not in full plank; Elbow flare — keep elbows closer to torso.; Hip sag detected — maintain straight plank line.,70.3,100.0,0.0,100.0,100.0,52.6,0.0,100.0,0.0
2058,Pushups,155.53,90.32,104.84,66.66,90.32,121.2,up,Bad,Good,96.3,26,Hips sagging or piking; Knees bent — not in full plank; Insufficient depth — chest not low enough.; Hip sag detected — maintain straight plank line.,71.3,100.0,0.0,100.0,100.0,62.9,0.0,100.0,0.0
2059,Pushups,170.67,90.18,100.48,66.25,90.18,118.8,up,Bad,Good,96.7,26,Hips sagging or piking; Knees bent — not in full plank; Insufficient depth — chest not low enough.; Hip sag detected — maintain straight plank line.,71.3,100.0,0.0,100.0,100.0,63.0,0.0,100.0,0.0
2064,Pushups,60.15,119.62,111.73,64.02,119.62,122.2,down,Bad,Good,97.0,27,Shoulders flaring or collapsing; Hips sagging or piking; Knees bent — not in full plank; Elbow flare — keep elbows closer to torso.; Hip sag detected — maintain straight plank line.,70.2,100.0,0.0,100.0,100.0,52.0,0.0,100.0,0.0
2065,Pushups,63.52,112.7,156.47,166.67,112.7,89.0,down,Bad,Good,97.0,27,Shoulders flaring or collapsing; Elbow flare — keep elbows closer to torso.; Hip sag detected — maintain straight plank line.,72.4,100.0,0.0,100.0,100.0,73.9,0.0,100.0,0.0
2066,Pushups,70.0,103.49,133.83,107.81,103.49,88.8,down,Bad,Good,96.8,27,Shoulders flaring or collapsing; Hips sagging or piking; Knees bent — not in full plank; Elbow flare — keep elbows closer to torso.; Hip sag detected — maintain straight plank line.,70.3,100.0,0.0,100.0,100.0,52.6,0.0,100.0,0.0
2067,Pushups,115.14,103.95,132.05,99.02,103.95,90.7,up,Bad,Good,96.5,27,Shoulders flaring or collapsing; Hips sagging or piking; Knees bent — not in full plank; Elbow flare — keep elbows closer to torso.; Hip sag detected — maintain straight plank line.,70.3,100.0,0.0,100.0,100.0,52.9,0.0,100.0,0.0
2068,Pushups,138.6,103.0,139.9,122.62,103.0,85.8,up,Bad,Good,96.5,27,Shoulders flaring or collapsing; Hips sagging or piking; Knees bent — not in full plank; Elbow flare — keep elbows closer to torso.; Insufficient depth — chest not low enough.; Hip sag detected — maintain straight plank line.,69.9,100.0,0.0,100.0,100.0,49.2,0.0,100.0,0.0
2069,Pushups,146.97,104.1,143.56,143.47,104.1,107.7,up,Bad,Good,96.6,27,Shoulders flaring or collapsing; Hips sagging or piking; Knees bent — not in full plank; Elbow flare — keep elbows closer to torso.; Insufficient depth — chest not low enough.; Hip sag detected — maintain straight plank line.,70.0,100.0,0.0,100.0,100.0,50.2,0.0,100.0,0.0
2070,Pushups,141.32,105.8,151.5,143.85,105.8,134.4,up,Bad,Good,96.4,27,Shoulders flaring or collapsing; Hips sagging or piking; Knees bent — not in full plank; Elbow flare — keep elbows closer to torso.; Insufficient depth — chest not low enough.; Hip sag detected — maintain straight plank line.,69.9,100.0,0.0,100.0,100.0,49.0,0.0,100.0,0.0
2071,Pushups,142.3,106.66,147.02,135.23,106.66,148.3,up,Bad,Good,96.1,27,Shoulders flaring or collapsing; Hips sagging or piking; Knees bent — not in full plank; Elbow flare — keep elbows closer to torso.; Insufficient depth — chest not low enough.; Hip sag detected — maintain straight plank line.,69.9,100.0,0.0,100.0,100.0,49.0,0.0,100.0,0.0
2073,Pushups,152.83,96.96,142.25,93.08,96.96,147.3,up,Bad,Good,96.1,27,Shoulders flaring or collapsing; Hips sagging or piking; Knees bent — not in full plank; Elbow flare — keep elbows closer to torso.; Insufficient depth — chest not low enough.; Hip sag detected — maintain straight plank line.,69.9,100.0,0.0,100.0,100.0,48.9,0.0,100.0,0.0
2074,Pushups,162.74,92.17,114.31,65.72,92.17,152.8,up,Bad,Good,96.8,27,Hips sagging or piking; Knees bent — not in full plank; Insufficient depth — chest not low enough.; Hip sag detected — maintain straight plank line.,71.3,100.0,0.0,100.0,100.0,62.6,0.0,100.0,0.0
2075,Pushups,170.66,93.06,114.65,62.71,93.06,153.9,up,Bad,Good,97.0,27,Hips sagging or piking; Knees bent — not in full plank; Insufficient depth — chest not low enough.; Hip sag detected — maintain straight plank line.,71.3,100.0,0.0,100.0,100.0,62.6,0.0,100.0,0.0
2076,Pushups,166.44,91.96,115.85,66.13,91.96,157.4,up,Bad,Good,97.3,27,Hips sagging or piking; Knees bent — not in full plank; Insufficient depth — chest not low enough.; Hip sag detected — maintain straight plank line.,71.3,100.0,0.0,100.0,100.0,62.6,0.0,100.0,0.0
2077,Pushups,169.7,90.61,125.76,71.6,90.61,159.5,up,Bad,Good,97.4,27,Hips sagging or piking; Knees bent — not in full plank; Insufficient depth — chest not low enough.; Hip sag detected — maintain straight plank line.,71.3,100.0,0.0,100.0,100.0,62.6,0.0,100.0,0.0
2078,Pushups,166.51,89.61,130.32,82.78,89.61,159.3,up,Bad,Good,97.8,27,Hips sagging or piking; Knees bent — not in full plank; Insufficient depth — chest not low enough.; Hip sag detected — maintain straight plank line.,71.3,100.0,0.0,100.0,100.0,62.6,0.0,100.0,0.0
2079,Pushups,162.38,89.87,145.32,111.15,89.87,155.8,up,Bad,Good,98.2,27,Hips sagging or piking; Knees bent — not in full plank; Insufficient depth — chest not low enough.; Hip sag detected — maintain straight plank line.,71.3,100.0,0.0,100.0,100.0,62.6,0.0,100.0,0.0
2080,Pushups,160.98,88.84,138.95,111.75,,126.7,down,Bad,Good,98.5,28,Hips sagging or piking; Knees bent — not in full plank; Insufficient depth — chest not low enough.; Hip sag detected — maintain straight plank line.,72.0,100.0,0.0,100.0,100.0,70.3,0.0,100.0,0.0
2118,Pushups,130.52,62.51,139.48,92.29,62.51,122.3,down,Bad,Good,98.5,28,Hips sagging or piking; Knees bent — not in full plank; Insufficient depth — chest not low enough.; Hip sag detected — maintain straight plank line.,71.4,100.0,0.0,100.0,100.0,63.7,0.0,100.0,0.0
2119,Pushups,172.11,64.47,106.91,71.55,64.47,124.4,up,Bad,Good,98.5,28,Hips sagging or piking; Knees bent — not in full plank; Insufficient depth — chest not low enough.; Hip sag detected — maintain straight plank line.,71.3,100.0,0.0,100.0,100.0,62.7,0.0,100.0,0.0
2126,Pushups,151.36,11.99,34.86,158.35,11.99,126.2,up,Bad,Good,97.7,28,Shoulders flaring or collapsing; Hips sagging or piking; Insufficient depth — chest not low enough.; Hip sag detected — maintain straight plank line.,71.6,100.0,0.0,100.0,100.0,65.6,0.0,100.0,0.0
2127,Pushups,133.63,55.0,34.39,169.95,55.0,131.4,up,Bad,Good,97.7,28,Hips sagging or piking; Insufficient depth — chest not low enough.; Hip sag detected — maintain straight plank line.,72.5,100.0,0.0,100.0,100.0,74.8,0.0,100.0,0.0
2128,Pushups,98.09,87.15,101.99,132.53,87.15,148.0,down,Bad,Good,97.3,29,Hips sagging or piking; Knees bent — not in full plank; Hip sag detected — maintain straight plank line.,71.6,100.0,0.0,100.0,100.0,66.2,0.0,100.0,0.0
2134,Pushups,169.69,82.4,128.22,63.72,82.4,155.8,up,Bad,Good,97.2,29,Hips sagging or piking; Knees bent — not in full plank; Insufficient depth — chest not low enough.; Hip sag detected — maintain straight plank line.,71.3,100.0,0.0,100.0,100.0,62.7,0.0,100.0,0.0
2142,Pushups,78.74,60.76,18.63,90.24,60.76,124.3,down,Bad,Good,92.0,30,Hips sagging or piking; Knees bent — not in full plank; Hip sag detected — maintain straight plank line.,71.5,100.0,0.0,100.0,100.0,65.4,0.0,100.0,0.0
2143,Pushups,73.41,57.51,8.68,109.13,57.51,95.2,down,Bad,Good,86.8,30,Hips sagging or piking; Knees bent — not in full plank; Hip sag detected — maintain straight plank line.,71.6,100.0,0.0,100.0,100.0,65.6,0.0,100.0,0.0
2144,Pushups,82.87,59.39,20.91,111.62,59.39,61.9,down,Bad,Good,81.8,30,Hips sagging or piking; Knees bent — not in full plank; Hip sag detected — maintain straight plank line.,71.5,100.0,0.0,100.0,100.0,65.5,0.0,100.0,0.0
2145,Pushups,74.39,62.43,58.86,124.93,62.43,43.2,down,Bad,Good,81.6,30,Hips sagging or piking; Knees bent — not in full plank; Hip sag detected — maintain straight plank line.,71.5,100.0,0.0,100.0,100.0,65.2,0.0,100.0,0.0
2162,Pushups,160.32,42.78,74.97,25.74,42.78,41.0,up,Bad,Good,81.5,30,Hips sagging or piking; Knees bent — not in full plank; Insufficient depth — chest not low enough.; Hip sag detected — maintain straight plank line.,71.4,100.0,0.0,100.0,100.0,63.9,0.0,100.0,0.0
2221,Pushups,155.83,45.49,80.2,173.38,45.49,73.5,up,Bad,Good,81.4,30,Hips sagging or piking; Insufficient depth — chest not low enough.; Hip sag detected — maintain straight plank line.,72.5,100.0,0.0,100.0,100.0,74.9,0.0,100.0,0.0
2222,Pushups,176.16,48.23,100.31,152.47,48.23,95.1,up,Bad,Good,81.7,30,Elbow not reaching 90 or not extending; Hips sagging or piking; Knees bent — not in full plank; Insufficient depth — chest not low enough.; Hip sag detected — maintain straight plank line.,70.3,100.0,0.0,100.0,100.0,52.7,0.0,100.0,0.0
2223,Pushups,172.81,46.96,67.19,158.97,46.96,123.4,up,Bad,Good,81.0,30,Hips sagging or piking; Insufficient depth — chest not low enough.; Hip sag detected — maintain straight plank line.,72.5,100.0,0.0,100.0,100.0,74.8,0.0,100.0,0.0
2224,Pushups,174.01,46.73,65.53,162.34,46.73,155.0,up,Bad,Good,85.4,30,Hips sagging or piking; Insufficient depth — chest not low enough.; Hip sag detected — maintain straight plank line.,72.4,100.0,0.0,100.0,100.0,74.4,0.0,100.0,0.0
2225,Pushups,162.36,46.25,60.22,163.5,46.25,153.9,up,Bad,Good,90.2,30,Hips sagging or piking; Insufficient depth — chest not low enough.; Hip sag detected — maintain straight plank line.,72.5,100.0,0.0,100.0,100.0,74.5,0.0,100.0,0.0
2226,Pushups,161.25,45.85,103.76,136.81,45.85,148.0,up,Bad,Good,95.3,30,Hips sagging or piking; Knees bent — not in full plank; Insufficient depth — chest not low enough.; Hip sag detected — maintain straight plank line.,71.4,100.0,0.0,100.0,100.0,64.3,0.0,100.0,0.0
2229,Pushups,94.11,93.06,155.82,165.11,93.06,131.8,down,Bad,Good,95.2,31,Hip sag detected — maintain straight plank line.,73.7,100.0,0.0,100.0,100.0,87.2,0.0,100.0,0.0
2230,Pushups,137.53,90.96,157.15,172.89,90.96,113.8,down,Bad,Good,96.0,31,Insufficient depth — chest not low enough.; Hip sag detected — maintain straight plank line.,73.5,100.0,0.0,100.0,100.0,84.6,0.0,100.0,0.0
2231,Pushups,148.03,90.84,169.4,165.49,,116.5,up,Bad,Good,95.7,31,Insufficient depth — chest not low enough.; Hip sag detected — maintain straight plank line.,74.2,100.0,0.0,100.0,100.0,92.3,0.0,100.0,0.0
2232,Pushups,129.19,122.37,172.02,175.6,,99.4,down,Bad,Good,95.8,32,Shoulders flaring or collapsing; Elbow flare — keep elbows closer to torso.; Insufficient depth — chest not low enough.; Hip sag detected — maintain straight plank line.,72.9,100.0,0.0,100.0,100.0,78.7,0.0,100.0,0.0
2234,Pushups,154.0,98.9,171.06,166.18,,104.8,up,Bad,Good,96.1,32,Shoulders flaring or collapsing; Elbow flare — keep elbows closer to torso.; Insufficient depth — chest not low enough.; Hip sag detected — maintain straight plank line.,72.9,100.0,0.0,100.0,100.0,78.7,0.0,100.0,0.0
2237,Pushups,141.9,85.32,82.8,64.37,,115.5,up,Bad,Good,96.7,32,Hips sagging or piking; Knees bent — not in full plank; Insufficient depth — chest not low enough.; Hip sag detected — maintain straight plank line.,72.0,100.0,0.0,100.0,100.0,70.3,0.0,100.0,0.0
2238,Pushups,152.66,85.44,89.14,95.48,,127.2,up,Bad,Good,96.9,32,Hips sagging or piking; Knees bent — not in full plank; Insufficient depth — chest not low enough.; Hip sag detected — maintain straight plank line.,72.0,100.0,0.0,100.0,100.0,70.3,0.0,100.0,0.0
2239,Pushups,166.58,86.79,94.16,91.48,,124.0,up,Bad,Good,97.1,32,Hips sagging or piking; Knees bent — not in full plank; Insufficient depth — chest not low enough.; Hip sag detected — maintain straight plank line.,72.0,100.0,0.0,100.0,100.0,70.3,0.0,100.0,0.0
2244,Pushups,135.37,78.86,103.12,117.34,,129.0,down,Bad,Good,97.0,33,Hips sagging or piking; Knees bent — not in full plank; Insufficient depth — chest not low enough.; Hip sag detected — maintain straight plank line.,72.0,100.0,0.0,100.0,100.0,70.3,0.0,100.0,0.0
2245,Pushups,148.04,76.72,47.09,119.3,,115.5,down,Bad,Good,96.6,33,Hips sagging or piking; Knees bent — not in full plank; Insufficient depth — chest not low enough.; Hip sag detected — maintain straight plank line.,72.0,100.0,0.0,100.0,100.0,70.3,0.0,100.0,0.0
2246,Pushups,115.37,91.13,128.95,118.61,,117.3,down,Bad,Good,96.8,33,Hips sagging or piking; Knees bent — not in full plank; Hip sag detected — maintain straight plank line.,72.3,100.0,0.0,100.0,100.0,73.0,0.0,100.0,0.0
2248,Pushups,101.3,80.97,93.83,142.39,80.97,110.2,down,Bad,Good,96.6,33,Hips sagging or piking; Knees bent — not in full plank; Hip sag detected — maintain straight plank line.,71.5,100.0,0.0,100.0,100.0,65.2,0.0,100.0,0.0
2249,Pushups,141.5,76.79,75.94,176.12,,95.7,down,Bad,Good,96.8,33,Hips sagging or piking; Insufficient depth — chest not low enough.; Hip sag detected — maintain straight plank line.,73.1,100.0,0.0,100.0,100.0,81.3,0.0,100.0,0.0
2250,Pushups,54.33,152.05,50.56,159.3,,80.6,down,Bad,Good,95.4,33,Elbow not reaching 90 or not extending; Shoulders flaring or collapsing; Hips sagging or piking; Elbow flare — keep elbows closer to torso.; Hip sag detected — maintain straight plank line.,70.9,100.0,0.0,100.0,100.0,59.3,0.0,100.0,0.0
2253,Pushups,156.86,119.12,38.9,158.05,,96.8,up,Bad,Good,95.1,33,Shoulders flaring or collapsing; Hips sagging or piking; Elbow flare — keep elbows closer to torso.; Insufficient depth — chest not low enough.; Hip sag detected — maintain straight plank line.,71.8,100.0,0.0,100.0,100.0,67.7,0.0,100.0,0.0
2255,Pushups,149.89,124.31,6.0,88.22,,104.2,up,Bad,Good,89.4,33,Shoulders flaring or collapsing; Hips sagging or piking; Knees bent — not in full plank; Elbow flare — keep elbows closer to torso.; Insufficient depth — chest not low enough.; Hip sag detected — maintain straight plank line.,70.7,100.0,0.0,100.0,100.0,56.7,0.0,100.0,0.0
2256,Pushups,52.08,17.05,9.05,103.45,,97.0,down,Bad,Good,84.9,34,Elbow not reaching 90 or not extending; Shoulders flaring or collapsing; Hips sagging or piking; Knees bent — not in full plank; Hip sag detected — maintain straight plank line.,70.1,100.0,0.0,100.0,100.0,51.0,0.0,100.0,0.0
2257,Pushups,53.2,0.02,17.18,79.21,,96.2,down,Bad,Good,80.6,34,Elbow not reaching 90 or not extending; Shoulders flaring or collapsing; Hips sagging or piking; Knees bent — not in full plank; Hip sag detected — maintain straight plank line.,70.1,100.0,0.0,100.0,100.0,51.0,0.0,100.0,0.0
2258,Pushups,46.12,16.85,13.32,84.49,,104.9,down,Bad,Good,75.9,34,Elbow not reaching 90 or not extending; Shoulders flaring or collapsing; Hips sagging or piking; Knees bent — not in full plank; Hip sag detected — maintain straight plank line.,70.1,100.0,0.0,100.0,100.0,51.0,0.0,100.0,0.0
2259,Pushups,30.02,4.48,15.7,42.07,,78.5,down,Bad,Good,71.7,34,Elbow not reaching 90 or not extending; Shoulders flaring or collapsing; Hips sagging or piking; Knees bent — not in full plank; Hip sag detected — maintain straight plank line.,70.1,100.0,0.0,100.0,100.0,51.0,0.0,100.0,0.0
2260,Pushups,28.06,15.8,8.27,108.64,,57.5,down,Bad,Good,66.9,34,Elbow not reaching 90 or not extending; Shoulders flaring or collapsing; Hips sagging or piking; Knees bent — not in full plank; Hip sag detected — maintain straight plank line.,70.1,100.0,0.0,100.0,100.0,51.0,0.0,100.0,0.0
2261,Pushups,74.47,79.61,21.24,26.71,,57.7,down,Bad,Good,63.6,34,Hips sagging or piking; Knees bent — not in full plank; Hip sag detected — maintain straight plank line.,72.3,100.0,0.0,100.0,100.0,73.0,0.0,100.0,0.0
2262,Pushups,,,,,,60.7,down,Good,Good,50.0,34,,96.7,100.0,100.0,100.0,100.0,66.7,0.0,100.0,0.0
2263,Pushups,,,,,,78.0,down,Good,Good,50.0,34,,96.7,100.0,100.0,100.0,100.0,66.7,0.0,100.0,0.0
2264,Pushups,,,,,,100.3,down,Good,Good,50.0,34,,96.7,100.0,100.0,100.0,100.0,66.7,0.0,100.0,0.0
2265,Pushups,,,,,,118.3,down,Good,Good,50.0,34,,96.7,100.0,100.0,100.0,100.0,66.7,0.0,100.0,0.0
2266,Pushups,,,,,,130.7,down,Good,Good,50.0,34,,96.7,100.0,100.0,100.0,100.0,66.7,0.0,100.0,0.0
2267,Pushups,,,,,,128.3,down,Good,Good,50.0,34,,96.7,100.0,100.0,100.0,100.0,66.7,0.0,100.0,0.0
2268,Pushups,,,,,,116.4,down,Good,Good,50.0,34,,96.7,100.0,100.0,100.0,100.0,66.7,0.0,100.0,0.0
2269,Pushups,,,,,,104.2,down,Good,Good,50.0,34,,96.7,100.0,100.0,100.0,100.0,66.7,0.0,100.0,0.0
2324,Pushups,,,,,,86.6,down,Good,Good,50.0,34,,96.7,100.0,100.0,100.0,100.0,66.7,0.0,100.0,0.0
2325,Pushups,,,,,,90.2,down,Good,Good,50.0,34,,96.7,100.0,100.0,100.0,100.0,66.7,0.0,100.0,0.0
2326,Pushups,,,,,,96.8,down,Good,Good,50.0,34,,96.7,100.0,100.0,100.0,100.0,66.7,0.0,100.0,0.0
2327,Pushups,,,,,,106.5,down,Good,Good,50.0,34,,96.7,100.0,100.0,100.0,100.0,66.7,0.0,100.0,0.0
2328,Pushups,,,,,,111.3,down,Good,Good,50.0,34,,96.7,100.0,100.0,100.0,100.0,66.7,0.0,100.0,0.0
2329,Pushups,,,,,,135.1,up,Good,Good,50.0,34,,96.7,100.0,100.0,100.0,100.0,66.7,0.0,100.0,0.0
2398,Pushups,,,,,,124.0,down,Good,Good,50.0,35,,96.7,100.0,100.0,100.0,100.0,66.7,0.0,100.0,0.0
2550,Pushups,,,,,,133.8,up,Good,Good,50.0,35,,96.7,100.0,100.0,100.0,100.0,66.7,0.0,100.0,0.0
2551,Pushups,,,,,,121.7,down,Good,Good,50.0,36,,96.7,100.0,100.0,100.0,100.0,66.7,0.0,100.0,0.0
